CLOSE_DEF_PERSON_ID,PLAYER_NAME,PLAYER_LAST_TEAM_ID,PLAYER_LAST_TEAM_ABBREVIATION,PLAYER_POSITION,AGE,GP,G,FREQ,D_FGM,D_FGA,D_FG_PCT,NORMAL_FG_PCT,PCT_PLUSMINUS,SEASON
201572,Brook Lopez,1610612749,MIL,C,35.0,78,78,1.0,809,1760,0.46,0.505,-0.045,2022-23
1627734,Domantas Sabonis,1610612758,SAC,F-C,27.0,79,79,1.0,782,1454,0.538,0.511,0.027,2022-23
1630596,Evan Mobley,1610612739,CLE,C,22.0,79,79,1.0,667,1417,0.471,0.487,-0.016,2022-23
203999,Nikola Jokić,1610612743,DEN,C,28.0,69,69,1.0,712,1399,0.509,0.501,0.008,2022-23
202696,Nikola Vučević,1610612741,CHI,C,32.0,82,82,1.0,734,1392,0.527,0.508,0.019,2022-23
1627826,Ivica Zubac,1610612746,LAC,C,26.0,76,76,1.0,633,1347,0.47,0.506,-0.036,2022-23
203497,Rudy Gobert,1610612750,MIN,C,31.0,70,70,1.0,603,1275,0.473,0.5,-0.027,2022-23
203954,Joel Embiid,1610612755,PHI,C-F,29.0,66,66,1.0,605,1266,0.478,0.496,-0.018,2022-23
1629651,Nic Claxton,1610612751,BKN,C,24.0,76,76,1.0,544,1212,0.449,0.494,-0.045,2022-23
1626172,Kevon Looney,1610612744,GSW,F,27.0,82,82,1.0,567,1181,0.48,0.497,-0.017,2022-23
1630578,Alperen Sengun,1610612745,HOU,C,20.0,75,75,1.0,584,1158,0.504,0.5,0.005,2022-23
1631095,Jabari Smith Jr.,1610612745,HOU,F,20.0,79,79,1.0,569,1158,0.491,0.481,0.011,2022-23
1627741,Buddy Hield,1610612754,IND,G,30.0,80,80,1.0,547,1151,0.475,0.471,0.004,2022-23
1630567,Scottie Barnes,1610612761,TOR,F,21.0,77,77,1.0,585,1149,0.509,0.483,0.026,2022-23
204001,Kristaps Porziņģis,1610612764,WAS,F-C,27.0,65,65,1.0,502,1141,0.44,0.49,-0.05,2022-23
1627751,Jakob Poeltl,1610612761,TOR,C,27.0,72,72,1.0,593,1137,0.522,0.499,0.023,2022-23
203486,Mason Plumlee,1610612746,LAC,F-C,33.0,79,79,1.0,568,1110,0.512,0.5,0.012,2022-23
203110,Draymond Green,1610612744,GSW,F,33.0,73,73,1.0,479,1109,0.432,0.488,-0.056,2022-23
203084,Harrison Barnes,1610612758,SAC,F,31.0,82,82,1.0,523,1106,0.473,0.48,-0.007,2022-23
203944,Julius Randle,1610612752,NYK,F-C,28.0,77,77,1.0,534,1098,0.486,0.476,0.01,2022-23
1628386,Jarrett Allen,1610612739,CLE,C,25.0,68,68,1.0,514,1086,0.473,0.495,-0.022,2022-23
1631117,Walker Kessler,1610612762,UTA,C,21.0,74,74,1.0,514,1083,0.475,0.499,-0.025,2022-23
1628389,Bam Adebayo,1610612748,MIA,C-F,25.0,75,75,1.0,525,1078,0.487,0.494,-0.007,2022-23
1626167,Myles Turner,1610612754,IND,C-F,27.0,62,62,1.0,526,1059,0.497,0.505,-0.008,2022-23
203482,Kelly Olynyk,1610612762,UTA,F-C,32.0,68,68,1.0,521,1044,0.499,0.489,0.01,2022-23
1627832,Fred VanVleet,1610612761,TOR,G,29.0,69,69,1.0,517,1041,0.497,0.472,0.024,2022-23
1626220,Royce O'Neale,1610612751,BKN,F,30.0,76,76,1.0,484,1040,0.465,0.481,-0.016,2022-23
201143,Al Horford,1610612738,BOS,C-F,37.0,63,63,1.0,469,1036,0.453,0.486,-0.033,2022-23
1630183,Jaden McDaniels,1610612750,MIN,F,22.0,79,79,1.0,476,1034,0.46,0.473,-0.013,2022-23
203468,CJ McCollum,1610612740,NOP,G,31.0,75,75,1.0,490,1027,0.477,0.465,0.012,2022-23
202685,Jonas Valanciunas,1610612740,NOP,C,31.0,79,79,1.0,530,1025,0.517,0.512,0.005,2022-23
1628401,Derrick White,1610612738,BOS,G,28.0,80,80,1.0,452,1017,0.444,0.469,-0.025,2022-23
1630168,Onyeka Okongwu,1610612737,ATL,F-C,22.0,80,80,1.0,473,1010,0.468,0.489,-0.021,2022-23
1627783,Pascal Siakam,1610612761,TOR,F,29.0,71,71,1.0,507,1007,0.503,0.482,0.021,2022-23
1628404,Josh Hart,1610612752,NYK,G,28.0,76,76,1.0,486,999,0.486,0.48,0.007,2022-23
1629028,Deandre Ayton,1610612756,PHX,C,24.0,67,67,1.0,477,999,0.477,0.503,-0.025,2022-23
1628983,Shai Gilgeous-Alexander,1610612760,OKC,G,24.0,68,68,1.0,458,995,0.46,0.469,-0.009,2022-23
203897,Zach LaVine,1610612741,CHI,G,28.0,77,77,1.0,436,990,0.44,0.463,-0.022,2022-23
1628381,John Collins,1610612737,ATL,F-C,25.0,71,71,1.0,493,990,0.498,0.484,0.014,2022-23
1629023,P.J. Washington,1610612766,CHA,F,24.0,73,73,1.0,452,983,0.46,0.481,-0.021,2022-23
1630166,Deni Avdija,1610612764,WAS,F,22.0,76,76,1.0,475,981,0.484,0.476,0.008,2022-23
1630162,Anthony Edwards,1610612750,MIN,G,21.0,79,79,1.0,456,979,0.466,0.468,-0.002,2022-23
1628368,De'Aaron Fox,1610612758,SAC,G,25.0,73,73,1.0,473,970,0.488,0.466,0.022,2022-23
203076,Anthony Davis,1610612747,LAL,F-C,30.0,56,56,1.0,441,968,0.456,0.504,-0.049,2022-23
1629628,RJ Barrett,1610612752,NYK,F-G,23.0,72,72,1.0,433,963,0.45,0.468,-0.018,2022-23
1630193,Immanuel Quickley,1610612752,NYK,G,24.0,81,81,1.0,424,962,0.441,0.458,-0.018,2022-23
1628971,Bruce Brown,1610612743,DEN,G-F,26.0,80,80,1.0,431,960,0.449,0.465,-0.016,2022-23
1631094,Paolo Banchero,1610612753,ORL,F,20.0,72,72,1.0,453,958,0.473,0.484,-0.011,2022-23
1629234,Drew Eubanks,1610612757,POR,F-C,26.0,78,78,1.0,475,957,0.496,0.494,0.002,2022-23
1630581,Josh Giddey,1610612760,OKC,G,20.0,76,76,1.0,468,955,0.49,0.475,0.015,2022-23
203991,Clint Capela,1610612737,ATL,C,29.0,65,65,1.0,486,954,0.509,0.503,0.007,2022-23
1629029,Luka Dončić,1610612742,DAL,F-G,24.0,65,65,1.0,453,944,0.48,0.474,0.006,2022-23
1629001,De'Anthony Melton,1610612755,PHI,G,25.0,77,77,1.0,464,935,0.496,0.468,0.029,2022-23
1628415,Dillon Brooks,1610612763,MEM,G-F,27.0,73,73,1.0,412,930,0.443,0.47,-0.027,2022-23
201950,Jrue Holiday,1610612749,MIL,G,33.0,67,67,1.0,423,930,0.455,0.479,-0.024,2022-23
1628997,Caleb Martin,1610612748,MIA,F,27.0,71,71,1.0,471,928,0.508,0.468,0.04,2022-23
1629655,Daniel Gafford,1610612764,WAS,F-C,24.0,78,78,1.0,450,928,0.485,0.506,-0.021,2022-23
1629652,Luguentz Dort,1610612760,OKC,G,24.0,74,74,1.0,416,916,0.454,0.467,-0.013,2022-23
1630172,Patrick Williams,1610612741,CHI,F,21.0,82,82,1.0,429,911,0.471,0.474,-0.003,2022-23
1628380,Zach Collins,1610612759,SAS,F-C,25.0,63,63,1.0,457,911,0.502,0.506,-0.004,2022-23
1630532,Franz Wagner,1610612753,ORL,F,21.0,80,80,1.0,448,911,0.492,0.474,0.018,2022-23
1629622,Max Strus,1610612748,MIA,G-F,27.0,80,80,1.0,453,910,0.498,0.465,0.033,2022-23
1627749,Dejounte Murray,1610612737,ATL,G,26.0,74,74,1.0,458,904,0.507,0.475,0.032,2022-23
1630530,Trey Murphy III,1610612740,NOP,F,23.0,79,79,1.0,453,903,0.502,0.471,0.031,2022-23
1628991,Jaren Jackson Jr.,1610612763,MEM,F-C,23.0,63,63,1.0,395,890,0.444,0.492,-0.048,2022-23
1628989,Kevin Huerter,1610612758,SAC,G-F,24.0,75,75,1.0,457,887,0.515,0.469,0.046,2022-23
201942,DeMar DeRozan,1610612741,CHI,G-F,33.0,74,74,1.0,425,883,0.481,0.475,0.006,2022-23
1628374,Lauri Markkanen,1610612762,UTA,F-C,26.0,66,66,1.0,401,879,0.456,0.484,-0.028,2022-23
1629645,Kevin Porter Jr.,1610612745,HOU,G-F,23.0,59,59,1.0,437,876,0.499,0.467,0.032,2022-23
1628369,Jayson Tatum,1610612738,BOS,F-G,25.0,74,74,1.0,414,876,0.473,0.469,0.004,2022-23
1630583,Santi Aldama,1610612763,MEM,F-C,22.0,77,77,1.0,422,876,0.482,0.477,0.004,2022-23
1630165,Killian Hayes,1610612765,DET,G,21.0,76,76,1.0,438,875,0.501,0.469,0.032,2022-23
1627827,Dorian Finney-Smith,1610612751,BKN,F,30.0,66,66,1.0,414,874,0.474,0.485,-0.011,2022-23
1630224,Jalen Green,1610612745,HOU,G,21.0,76,76,1.0,418,873,0.479,0.465,0.014,2022-23
1628976,Wendell Carter Jr.,1610612753,ORL,C-F,24.0,57,57,1.0,446,872,0.511,0.494,0.017,2022-23
203915,Spencer Dinwiddie,1610612751,BKN,G,30.0,79,79,1.0,435,870,0.5,0.473,0.027,2022-23
1629014,Anfernee Simons,1610612757,POR,G,24.0,62,62,1.0,426,869,0.49,0.472,0.018,2022-23
1630559,Austin Reaves,1610612747,LAL,G,25.0,64,64,1.0,395,869,0.455,0.462,-0.007,2022-23
1631093,Jaden Ivey,1610612765,DET,G,21.0,74,74,1.0,436,863,0.505,0.468,0.037,2022-23
1627759,Jaylen Brown,1610612738,BOS,G-F,26.0,67,67,1.0,399,863,0.462,0.476,-0.014,2022-23
1628972,Troy Brown Jr.,1610612747,LAL,G-F,23.0,76,76,1.0,423,860,0.492,0.47,0.021,2022-23
1628973,Jalen Brunson,1610612752,NYK,G,26.0,68,68,1.0,421,856,0.492,0.456,0.036,2022-23
1631105,Jalen Duren,1610612765,DET,C,19.0,67,67,1.0,416,855,0.487,0.491,-0.005,2022-23
1629614,Andrew Nembhard,1610612754,IND,G-F,23.0,75,75,1.0,405,855,0.474,0.467,0.007,2022-23
1629631,De'Andre Hunter,1610612737,ATL,F-G,25.0,67,67,1.0,392,843,0.465,0.47,-0.005,2022-23
203994,Jusuf Nurkić,1610612757,POR,C,28.0,52,52,1.0,429,843,0.509,0.51,-0.001,2022-23
1629667,Jalen McDaniels,1610612755,PHI,F-C,25.0,80,80,1.0,393,842,0.467,0.472,-0.005,2022-23
1629020,Jarred Vanderbilt,1610612747,LAL,F,24.0,78,78,1.0,431,842,0.512,0.488,0.024,2022-23
203939,Dwight Powell,1610612742,DAL,F-C,31.0,76,76,1.0,408,839,0.486,0.49,-0.004,2022-23
203501,Tim Hardaway Jr.,1610612742,DAL,G-F,31.0,71,71,1.0,391,827,0.473,0.469,0.004,2022-23
1629639,Tyler Herro,1610612748,MIA,G,23.0,67,67,1.0,400,826,0.484,0.466,0.018,2022-23
1628392,Isaiah Hartenstein,1610612752,NYK,C-F,25.0,82,82,1.0,388,815,0.476,0.496,-0.02,2022-23
1626174,Christian Wood,1610612742,DAL,F,27.0,67,67,1.0,395,815,0.485,0.48,0.005,2022-23
1629684,Grant Williams,1610612738,BOS,F,24.0,79,79,1.0,401,814,0.493,0.474,0.019,2022-23
1629656,Quentin Grimes,1610612752,NYK,G,23.0,70,70,1.0,388,813,0.477,0.468,0.009,2022-23
1627750,Jamal Murray,1610612743,DEN,G,26.0,65,65,1.0,402,808,0.498,0.465,0.032,2022-23
1628978,Donte DiVincenzo,1610612744,GSW,G,26.0,72,72,1.0,398,807,0.493,0.464,0.029,2022-23
1631097,Bennedict Mathurin,1610612754,IND,G-F,21.0,78,78,1.0,391,806,0.485,0.471,0.014,2022-23
202681,Kyrie Irving,1610612742,DAL,G,31.0,60,60,1.0,368,803,0.458,0.47,-0.012,2022-23
1629673,Jordan Poole,1610612744,GSW,G,24.0,82,82,1.0,378,803,0.471,0.465,0.006,2022-23
1627747,Caris LeVert,1610612739,CLE,G,28.0,74,74,1.0,385,801,0.481,0.467,0.014,2022-23
203471,Dennis Schröder,1610612747,LAL,G,29.0,66,66,1.0,371,800,0.464,0.463,0.001,2022-23
1626156,D'Angelo Russell,1610612747,LAL,G,27.0,71,71,1.0,367,795,0.462,0.46,0.002,2022-23
1630200,Tre Jones,1610612759,SAS,G,23.0,68,68,1.0,407,795,0.512,0.473,0.039,2022-23
1626179,Terry Rozier,1610612766,CHA,G,29.0,63,63,1.0,416,794,0.524,0.469,0.055,2022-23
203507,Giannis Antetokounmpo,1610612749,MIL,F,28.0,62,62,1.0,331,789,0.42,0.485,-0.066,2022-23
203493,Reggie Bullock Jr.,1610612742,DAL,G-F,32.0,78,78,1.0,392,787,0.498,0.473,0.025,2022-23
1628470,Torrey Craig,1610612756,PHX,F,32.0,79,79,1.0,347,786,0.441,0.475,-0.033,2022-23
1628398,Kyle Kuzma,1610612764,WAS,F,27.0,64,64,1.0,347,783,0.443,0.476,-0.033,2022-23
1629027,Trae Young,1610612737,ATL,G,24.0,73,73,1.0,379,783,0.484,0.457,0.027,2022-23
1630245,Ayo Dosunmu,1610612741,CHI,G,23.0,80,80,1.0,354,781,0.453,0.464,-0.011,2022-23
1631099,Keegan Murray,1610612758,SAC,F,22.0,80,80,1.0,392,779,0.503,0.472,0.031,2022-23
201144,Mike Conley,1610612750,MIN,G,35.0,67,67,1.0,378,776,0.487,0.469,0.018,2022-23
202699,Tobias Harris,1610612755,PHI,F,30.0,74,74,1.0,357,776,0.46,0.476,-0.016,2022-23
1630529,Herbert Jones,1610612740,NOP,F,24.0,66,66,1.0,358,775,0.462,0.479,-0.017,2022-23
202331,Paul George,1610612746,LAC,F,33.0,56,56,1.0,373,773,0.483,0.481,0.001,2022-23
1630557,Corey Kispert,1610612764,WAS,F,24.0,74,74,1.0,390,768,0.508,0.463,0.044,2022-23
1628384,OG Anunoby,1610612761,TOR,F,25.0,67,67,1.0,353,768,0.46,0.485,-0.026,2022-23
1626171,Bobby Portis Jr.,1610612749,MIL,F,28.0,70,70,1.0,362,760,0.476,0.483,-0.007,2022-23
1630174,Aaron Nesmith,1610612754,IND,G-F,23.0,73,73,1.0,394,753,0.523,0.48,0.043,2022-23
203932,Aaron Gordon,1610612743,DEN,F,27.0,68,68,1.0,345,750,0.46,0.481,-0.021,2022-23
1629636,Darius Garland,1610612739,CLE,G,23.0,69,69,1.0,357,749,0.477,0.458,0.019,2022-23
201935,James Harden,1610612755,PHI,G,33.0,58,58,1.0,345,745,0.463,0.469,-0.006,2022-23
1627936,Alex Caruso,1610612741,CHI,G,29.0,67,67,1.0,329,741,0.444,0.469,-0.025,2022-23
203937,Kyle Anderson,1610612750,MIN,F-G,29.0,68,68,1.0,353,740,0.477,0.476,0.001,2022-23
1630191,Isaiah Stewart,1610612765,DET,F-C,22.0,50,50,1.0,358,734,0.488,0.488,-0.001,2022-23
1628960,Grayson Allen,1610612749,MIL,G,27.0,72,72,1.0,359,733,0.49,0.466,0.024,2022-23
1629632,Coby White,1610612741,CHI,G,23.0,74,74,1.0,353,731,0.483,0.46,0.022,2022-23
1628969,Mikal Bridges,1610612751,BKN,F,26.0,56,56,1.0,349,730,0.478,0.474,0.004,2022-23
1631114,Jalen Williams,1610612760,OKC,G-F,22.0,75,75,1.0,388,728,0.533,0.474,0.059,2022-23
200782,P.J. Tucker,1610612755,PHI,F,38.0,74,74,1.0,340,726,0.468,0.486,-0.017,2022-23
203992,Bogdan Bogdanović,1610612737,ATL,G,30.0,54,54,1.0,342,720,0.475,0.469,0.006,2022-23
1629640,Keldon Johnson,1610612759,SAS,F-G,23.0,63,63,1.0,376,717,0.524,0.482,0.043,2022-23
203484,Kentavious Caldwell-Pope,1610612743,DEN,G,30.0,76,76,1.0,362,716,0.506,0.464,0.041,2022-23
201566,Russell Westbrook,1610612746,LAC,G,34.0,73,73,1.0,321,716,0.448,0.474,-0.025,2022-23
1627736,Malik Beasley,1610612747,LAL,G,26.0,81,81,1.0,353,716,0.493,0.47,0.023,2022-23
201976,Patrick Beverley,1610612741,CHI,G,34.0,67,67,1.0,364,713,0.511,0.474,0.037,2022-23
1631106,Tari Eason,1610612745,HOU,F,22.0,82,82,1.0,347,713,0.487,0.468,0.019,2022-23
203903,Jordan Clarkson,1610612762,UTA,G,31.0,61,61,1.0,336,712,0.472,0.469,0.003,2022-23
203924,Jerami Grant,1610612757,POR,F,29.0,63,63,1.0,332,712,0.466,0.48,-0.014,2022-23
1629630,Ja Morant,1610612763,MEM,G,23.0,61,61,1.0,309,710,0.435,0.468,-0.033,2022-23
1630231,KJ Martin,1610612745,HOU,F,22.0,82,82,1.0,337,708,0.476,0.47,0.006,2022-23
1629611,Terance Mann,1610612746,LAC,G-F,26.0,81,81,1.0,344,707,0.487,0.477,0.01,2022-23
1630208,Nick Richards,1610612766,CHA,C,25.0,65,65,1.0,364,701,0.519,0.506,0.013,2022-23
1629675,Naz Reid,1610612750,MIN,C-F,23.0,68,68,1.0,335,699,0.479,0.492,-0.013,2022-23
202704,Reggie Jackson,1610612743,DEN,G,33.0,67,67,1.0,329,699,0.471,0.459,0.012,2022-23
201142,Kevin Durant,1610612756,PHX,F,34.0,47,47,1.0,294,696,0.422,0.478,-0.055,2022-23
202710,Jimmy Butler III,1610612748,MIA,F,33.0,64,64,1.0,330,694,0.476,0.471,0.004,2022-23
1628378,Donovan Mitchell,1610612739,CLE,G,26.0,68,68,1.0,336,689,0.488,0.464,0.023,2022-23
1629011,Mitchell Robinson,1610612752,NYK,C-F,25.0,59,59,1.0,311,686,0.453,0.495,-0.042,2022-23
1626164,Devin Booker,1610612756,PHX,G,26.0,53,53,1.0,325,682,0.477,0.466,0.011,2022-23
1631101,Shaedon Sharpe,1610612757,POR,G,20.0,80,80,1.0,343,680,0.504,0.468,0.037,2022-23
202691,Klay Thompson,1610612744,GSW,G,33.0,69,69,1.0,321,674,0.476,0.478,-0.001,2022-23
201587,Nicolas Batum,1610612746,LAC,G-F,34.0,78,78,1.0,329,674,0.488,0.474,0.014,2022-23
1629216,Gabe Vincent,1610612748,MIA,G,27.0,68,68,1.0,303,674,0.45,0.455,-0.005,2022-23
1629723,John Konchar,1610612763,MEM,G,27.0,71,71,1.0,297,670,0.443,0.461,-0.017,2022-23
1630217,Desmond Bane,1610612763,MEM,G,25.0,58,58,1.0,289,667,0.433,0.458,-0.025,2022-23
1629626,Bol Bol,1610612753,ORL,C-F,23.0,70,70,1.0,314,667,0.471,0.477,-0.006,2022-23
202694,Marcus Morris Sr.,1610612746,LAC,F,33.0,65,65,1.0,322,665,0.484,0.475,0.009,2022-23
202711,Bojan Bogdanovic,1610612765,DET,F,34.0,59,59,1.0,332,660,0.503,0.475,0.028,2022-23
101108,Chris Paul,1610612756,PHX,G,38.0,59,59,1.0,308,655,0.47,0.471,-0.001,2022-23
203935,Marcus Smart,1610612738,BOS,G,29.0,61,61,1.0,315,653,0.482,0.468,0.014,2022-23
1630230,Naji Marshall,1610612740,NOP,F,25.0,77,77,1.0,315,649,0.485,0.473,0.013,2022-23
1630228,Jonathan Kuminga,1610612744,GSW,F,20.0,66,66,1.0,290,646,0.449,0.473,-0.024,2022-23
203081,Damian Lillard,1610612757,POR,G,32.0,58,58,1.0,328,644,0.509,0.473,0.037,2022-23
201939,Stephen Curry,1610612744,GSW,G,35.0,56,56,1.0,308,643,0.479,0.465,0.014,2022-23
1631110,Jeremy Sochan,1610612759,SAS,F,20.0,56,56,1.0,324,641,0.505,0.479,0.027,2022-23
1630175,Cole Anthony,1610612753,ORL,G,23.0,60,60,1.0,293,640,0.458,0.465,-0.007,2022-23
202695,Kawhi Leonard,1610612746,LAC,F,32.0,52,52,1.0,282,634,0.445,0.478,-0.033,2022-23
2544,LeBron James,1610612747,LAL,F,38.0,55,55,1.0,288,626,0.46,0.483,-0.023,2022-23
1630188,Jalen Smith,1610612754,IND,F-C,23.0,67,67,1.0,300,623,0.482,0.491,-0.009,2022-23
1630214,Xavier Tillman,1610612763,MEM,F,24.0,59,59,1.0,297,622,0.477,0.491,-0.014,2022-23
1630598,Aaron Wiggins,1610612760,OKC,G,24.0,68,68,1.0,317,620,0.511,0.461,0.051,2022-23
1628365,Markelle Fultz,1610612753,ORL,G,25.0,60,60,1.0,301,615,0.489,0.467,0.022,2022-23
1628418,Thomas Bryant,1610612743,DEN,C-F,25.0,58,58,1.0,335,609,0.55,0.501,0.049,2022-23
1628966,Keita Bates-Diop,1610612759,SAS,F,27.0,66,66,1.0,281,608,0.462,0.478,-0.016,2022-23
1630180,Saddiq Bey,1610612737,ATL,F,24.0,76,76,1.0,317,607,0.522,0.475,0.047,2022-23
1628420,Monte Morris,1610612764,WAS,G,28.0,62,62,1.0,297,601,0.494,0.469,0.025,2022-23
1627763,Malcolm Brogdon,1610612738,BOS,G,30.0,67,67,1.0,290,599,0.484,0.469,0.015,2022-23
203500,Steven Adams,1610612763,MEM,C,29.0,42,42,1.0,264,596,0.443,0.506,-0.063,2022-23
1629021,Moritz Wagner,1610612753,ORL,F-C,26.0,57,57,1.0,298,595,0.501,0.491,0.01,2022-23
1630543,Isaiah Jackson,1610612754,IND,F,21.0,63,63,1.0,284,595,0.477,0.491,-0.014,2022-23
200768,Kyle Lowry,1610612748,MIA,G,37.0,55,55,1.0,287,591,0.486,0.469,0.017,2022-23
1628975,Jevon Carter,1610612749,MIL,G,27.0,81,81,1.0,261,585,0.446,0.461,-0.015,2022-23
1630558,Davion Mitchell,1610612758,SAC,G,24.0,80,80,1.0,278,582,0.478,0.461,0.016,2022-23
1628370,Malik Monk,1610612758,SAC,G,25.0,76,76,1.0,279,580,0.481,0.462,0.019,2022-23
1630570,Trendon Watford,1610612757,POR,F,22.0,60,60,1.0,294,580,0.507,0.479,0.028,2022-23
1627777,Georges Niang,1610612755,PHI,F,30.0,78,78,1.0,274,580,0.472,0.467,0.006,2022-23
1628449,Chris Boucher,1610612761,TOR,F-C,30.0,76,76,1.0,267,578,0.462,0.474,-0.012,2022-23
203078,Bradley Beal,1610612764,WAS,G,30.0,50,50,1.0,253,570,0.444,0.467,-0.023,2022-23
1630178,Tyrese Maxey,1610612755,PHI,G,22.0,60,60,1.0,267,566,0.472,0.461,0.011,2022-23
1630169,Tyrese Haliburton,1610612754,IND,G,23.0,56,56,1.0,280,566,0.495,0.466,0.029,2022-23
1630237,Anthony Lamb,1610612744,GSW,F,25.0,62,62,1.0,247,560,0.441,0.467,-0.026,2022-23
1628372,Dennis Smith Jr.,1610612766,CHA,G,25.0,54,54,1.0,241,557,0.433,0.465,-0.033,2022-23
1631100,AJ Griffin,1610612737,ATL,F,19.0,70,70,1.0,268,555,0.483,0.466,0.016,2022-23
1629117,Wenyen Gabriel,1610612747,LAL,F,26.0,66,66,1.0,256,554,0.462,0.488,-0.026,2022-23
1627814,Damion Lee,1610612756,PHX,G-F,30.0,72,72,1.0,271,552,0.491,0.467,0.024,2022-23
1626192,Pat Connaughton,1610612749,MIL,G,30.0,61,61,1.0,227,551,0.412,0.472,-0.06,2022-23
1630171,Isaac Okoro,1610612739,CLE,F-G,22.0,76,76,1.0,264,551,0.479,0.466,0.013,2022-23
1629111,Jock Landale,1610612756,PHX,C,27.0,68,68,1.0,257,550,0.467,0.492,-0.024,2022-23
1629018,Gary Trent Jr.,1610612761,TOR,G-F,24.0,66,66,1.0,271,548,0.495,0.465,0.03,2022-23
1629008,Michael Porter Jr.,1610612743,DEN,F,25.0,62,62,1.0,263,545,0.483,0.472,0.01,2022-23
1626145,Tyus Jones,1610612763,MEM,G,27.0,79,79,1.0,266,543,0.49,0.455,0.035,2022-23
1630173,Precious Achiuwa,1610612761,TOR,F,23.0,55,55,1.0,273,542,0.504,0.488,0.015,2022-23
203925,Joe Harris,1610612751,BKN,G-F,31.0,74,74,1.0,247,539,0.458,0.469,-0.01,2022-23
1631223,David Roddy,1610612763,MEM,F,22.0,69,69,1.0,237,537,0.441,0.466,-0.024,2022-23
1626196,Josh Richardson,1610612740,NOP,G,29.0,65,65,1.0,270,534,0.506,0.467,0.039,2022-23
1626204,Larry Nance Jr.,1610612740,NOP,F-C,30.0,65,65,1.0,270,532,0.508,0.492,0.015,2022-23
1626162,Kelly Oubre Jr.,1610612766,CHA,F-G,27.0,48,48,1.0,275,532,0.517,0.471,0.046,2022-23
1630586,Usman Garuba,1610612745,HOU,F,21.0,75,75,1.0,256,530,0.483,0.48,0.003,2022-23
1628436,Luke Kornet,1610612738,BOS,C-F,27.0,65,65,1.0,252,528,0.477,0.484,-0.006,2022-23
1629006,Josh Okogie,1610612756,PHX,G,24.0,65,65,1.0,243,528,0.46,0.472,-0.012,2022-23
1626153,Delon Wright,1610612764,WAS,G,31.0,50,50,1.0,260,527,0.493,0.468,0.025,2022-23
1630198,Isaiah Joe,1610612760,OKC,G,23.0,70,70,1.0,248,523,0.474,0.463,0.012,2022-23
1629659,Talen Horton-Tucker,1610612762,UTA,G,22.0,63,63,1.0,240,521,0.461,0.465,-0.004,2022-23
1630700,Dyson Daniels,1610612740,NOP,G,20.0,57,57,1.0,231,520,0.444,0.467,-0.022,2022-23
201567,Kevin Love,1610612748,MIA,F-C,34.0,62,62,1.0,258,519,0.497,0.487,0.01,2022-23
1631103,Malaki Branham,1610612759,SAS,F,20.0,66,66,1.0,268,518,0.517,0.47,0.048,2022-23
1630692,Jordan Goodwin,1610612764,WAS,G,24.0,60,60,1.0,250,517,0.484,0.464,0.019,2022-23
1630591,Jalen Suggs,1610612753,ORL,G,22.0,53,53,1.0,236,515,0.458,0.469,-0.011,2022-23
1629060,Rui Hachimura,1610612747,LAL,F,25.0,63,63,1.0,210,515,0.408,0.472,-0.064,2022-23
1630631,Jose Alvarado,1610612740,NOP,G,25.0,61,61,1.0,224,513,0.437,0.462,-0.026,2022-23
1630573,Sam Hauser,1610612738,BOS,F,25.0,77,77,1.0,235,508,0.463,0.461,0.001,2022-23
1627742,Brandon Ingram,1610612740,NOP,F,25.0,45,45,1.0,233,506,0.46,0.476,-0.016,2022-23
1628467,Maxi Kleber,1610612742,DAL,F,31.0,37,37,1.0,236,506,0.466,0.477,-0.011,2022-23
1626168,Trey Lyles,1610612758,SAC,F,27.0,74,74,1.0,248,505,0.491,0.474,0.017,2022-23
201569,Eric Gordon,1610612746,LAC,G,34.0,68,68,1.0,247,504,0.49,0.468,0.022,2022-23
204456,T.J. McConnell,1610612754,IND,G,31.0,75,75,1.0,224,496,0.452,0.468,-0.016,2022-23
203952,Andrew Wiggins,1610612744,GSW,F,28.0,37,37,1.0,239,496,0.482,0.47,0.012,2022-23
1628984,Devonte' Graham,1610612759,SAS,G,28.0,73,73,1.0,244,495,0.493,0.467,0.026,2022-23
202330,Gordon Hayward,1610612766,CHA,F,33.0,50,50,1.0,219,493,0.444,0.476,-0.032,2022-23
1631109,Mark Williams,1610612766,CHA,C,21.0,42,42,1.0,234,492,0.476,0.5,-0.024,2022-23
1629022,Lonnie Walker IV,1610612747,LAL,G-F,24.0,54,54,1.0,241,488,0.494,0.465,0.028,2022-23
202687,Bismack Biyombo,1610612756,PHX,C,30.0,60,60,1.0,227,487,0.466,0.504,-0.038,2022-23
1630205,Lamar Stevens,1610612739,CLE,F,25.0,60,60,1.0,205,486,0.422,0.471,-0.05,2022-23
1630587,Isaiah Livers,1610612765,DET,F,24.0,52,52,1.0,224,485,0.462,0.468,-0.007,2022-23
1631119,Jaylin Williams,1610612760,OKC,F,21.0,49,49,1.0,271,485,0.559,0.5,0.059,2022-23
1630182,Josh Green,1610612742,DAL,G,22.0,60,60,1.0,243,483,0.503,0.465,0.038,2022-23
203488,Mike Muscala,1610612738,BOS,F-C,31.0,63,63,1.0,231,482,0.479,0.49,-0.01,2022-23
202709,Cory Joseph,1610612765,DET,G,31.0,61,61,1.0,242,480,0.504,0.459,0.045,2022-23
1630534,Ochai Agbaji,1610612762,UTA,G,23.0,56,56,1.0,208,478,0.435,0.466,-0.03,2022-23
1628963,Marvin Bagley III,1610612765,DET,F,24.0,42,42,1.0,234,475,0.493,0.495,-0.003,2022-23
203082,Terrence Ross,1610612756,PHX,G-F,32.0,62,62,1.0,235,473,0.497,0.465,0.032,2022-23
1630163,LaMelo Ball,1610612766,CHA,G,21.0,36,36,1.0,231,473,0.488,0.462,0.026,2022-23
1629003,Shake Milton,1610612755,PHI,G-F,26.0,75,75,1.0,231,471,0.49,0.462,0.028,2022-23
1626181,Norman Powell,1610612746,LAC,G,30.0,60,60,1.0,229,468,0.489,0.464,0.026,2022-23
203506,Victor Oladipo,1610612748,MIA,G,31.0,42,42,1.0,221,464,0.476,0.461,0.015,2022-23
1631128,Christian Braun,1610612743,DEN,G,22.0,66,66,1.0,217,463,0.469,0.47,-0.002,2022-23
1629661,Cameron Johnson,1610612751,BKN,F,27.0,42,42,1.0,214,462,0.463,0.474,-0.011,2022-23
1628379,Luke Kennard,1610612763,MEM,G,27.0,59,59,1.0,214,459,0.466,0.464,0.003,2022-23
203926,Doug McDermott,1610612759,SAS,F,31.0,64,64,1.0,224,454,0.493,0.464,0.029,2022-23
1630544,Tre Mann,1610612760,OKC,G,22.0,65,65,1.0,213,454,0.469,0.455,0.014,2022-23
1629634,Brandon Clarke,1610612763,MEM,F,26.0,56,56,1.0,204,454,0.449,0.485,-0.036,2022-23
203083,Andre Drummond,1610612741,CHI,C,29.0,67,67,1.0,227,451,0.503,0.507,-0.004,2022-23
1630550,JT Thor,1610612766,CHA,F,20.0,65,65,1.0,218,447,0.488,0.476,0.012,2022-23
201145,Jeff Green,1610612743,DEN,F,36.0,56,56,1.0,212,447,0.474,0.471,0.003,2022-23
1630538,Bones Hyland,1610612746,LAC,G,22.0,56,56,1.0,215,446,0.482,0.461,0.021,2022-23
1629139,Yuta Watanabe,1610612751,BKN,G-F,28.0,55,55,1.0,217,444,0.489,0.473,0.015,2022-23
1630552,Jalen Johnson,1610612737,ATL,F,21.0,68,68,1.0,208,444,0.468,0.479,-0.01,2022-23
1627732,Ben Simmons,1610612751,BKN,G-F,26.0,42,42,1.0,207,440,0.47,0.488,-0.017,2022-23
1630164,James Wiseman,1610612765,DET,C,22.0,44,44,1.0,248,440,0.564,0.499,0.064,2022-23
1629670,Jordan Nwora,1610612754,IND,F,24.0,59,59,1.0,231,434,0.532,0.463,0.07,2022-23
1626224,Cedi Osman,1610612739,CLE,F,28.0,76,76,1.0,181,425,0.426,0.458,-0.032,2022-23
1630194,Paul Reed,1610612755,PHI,F,24.0,63,63,1.0,209,424,0.493,0.481,0.011,2022-23
1630537,Chris Duarte,1610612754,IND,G,26.0,46,46,1.0,197,422,0.467,0.464,0.003,2022-23
1629680,Matisse Thybulle,1610612757,POR,G-F,26.0,67,67,1.0,195,418,0.467,0.467,-0.001,2022-23
203552,Seth Curry,1610612751,BKN,G,32.0,60,60,1.0,203,418,0.486,0.463,0.023,2022-23
1630526,Jeremiah Robinson-Earl,1610612760,OKC,F,22.0,42,42,1.0,211,412,0.512,0.484,0.028,2022-23
1629026,Kenrich Williams,1610612760,OKC,G-F,28.0,53,53,1.0,203,409,0.496,0.471,0.025,2022-23
1628964,Mo Bamba,1610612747,LAL,C,25.0,47,47,1.0,190,406,0.468,0.489,-0.021,2022-23
1626157,Karl-Anthony Towns,1610612750,MIN,C-F,27.0,29,29,1.0,178,402,0.443,0.475,-0.033,2022-23
1629312,Haywood Highsmith,1610612748,MIA,F,26.0,50,50,1.0,171,402,0.425,0.47,-0.044,2022-23
1629629,Cam Reddish,1610612757,POR,F-G,23.0,40,40,1.0,196,399,0.491,0.469,0.022,2022-23
1627752,Taurean Prince,1610612750,MIN,F,29.0,53,53,1.0,184,396,0.465,0.467,-0.002,2022-23
1630197,Aleksej Pokusevski,1610612760,OKC,F,21.0,34,34,1.0,187,393,0.476,0.492,-0.016,2022-23
1629002,Chimezie Metu,1610612758,SAC,F-C,26.0,62,62,1.0,197,391,0.504,0.48,0.024,2022-23
1629669,Jaylen Nowell,1610612750,MIN,G,23.0,65,65,1.0,213,390,0.546,0.469,0.077,2022-23
1631132,Christian Koloko,1610612761,TOR,C,23.0,55,55,1.0,185,386,0.479,0.494,-0.015,2022-23
1629134,Kendrick Nunn,1610612764,WAS,G,27.0,63,63,1.0,200,384,0.521,0.463,0.058,2022-23
203914,Gary Harris,1610612753,ORL,G,28.0,48,48,1.0,182,382,0.476,0.481,-0.004,2022-23
1628969,Mikal Bridges,1610612751,BKN,G-F,26.0,26,26,1.0,176,382,0.461,0.476,-0.015,2022-23
1629057,Robert Williams III,1610612738,BOS,C-F,25.0,35,35,1.0,158,381,0.415,0.478,-0.063,2022-23
1629638,Nickeil Alexander-Walker,1610612750,MIN,G,24.0,54,54,1.0,168,380,0.442,0.463,-0.021,2022-23
202692,Alec Burks,1610612765,DET,G,31.0,51,51,1.0,183,378,0.484,0.468,0.016,2022-23
1629642,Nassir Little,1610612757,POR,F-G,23.0,54,54,1.0,186,376,0.495,0.47,0.025,2022-23
1630579,Jericho Sims,1610612752,NYK,C,24.0,50,50,1.0,185,366,0.505,0.504,0.002,2022-23
1629012,Collin Sexton,1610612762,UTA,G,24.0,48,48,1.0,166,366,0.454,0.465,-0.012,2022-23
1630170,Devin Vassell,1610612759,SAS,G-F,22.0,38,38,1.0,189,364,0.519,0.469,0.051,2022-23
1628977,Hamidou Diallo,1610612765,DET,G,24.0,56,56,1.0,161,364,0.442,0.474,-0.032,2022-23
1626149,Montrezl Harrell,1610612755,PHI,F-C,29.0,54,54,1.0,175,363,0.482,0.491,-0.008,2022-23
1629052,Oshae Brissett,1610612754,IND,F-G,25.0,64,64,1.0,179,361,0.496,0.47,0.026,2022-23
1629647,Darius Bazley,1610612756,PHX,F,23.0,42,42,1.0,171,359,0.476,0.482,-0.006,2022-23
1630560,Cam Thomas,1610612751,BKN,G,21.0,53,53,1.0,167,358,0.466,0.467,-0.001,2022-23
203496,Robert Covington,1610612746,LAC,F,32.0,47,47,1.0,164,357,0.459,0.468,-0.008,2022-23
1629627,Zion Williamson,1610612740,NOP,F,22.0,29,29,1.0,151,356,0.424,0.468,-0.044,2022-23
1627884,Derrick Jones Jr.,1610612741,CHI,F,26.0,61,61,1.0,148,354,0.418,0.475,-0.057,2022-23
1630540,Miles McBride,1610612752,NYK,G,22.0,58,58,1.0,156,347,0.45,0.456,-0.006,2022-23
201152,Thaddeus Young,1610612761,TOR,F,35.0,53,53,1.0,196,346,0.566,0.491,0.076,2022-23
203967,Dario Saric,1610612760,OKC,F-C,29.0,56,56,1.0,175,344,0.509,0.484,0.025,2022-23
1629056,Terence Davis,1610612758,SAC,G,26.0,60,60,1.0,179,344,0.52,0.47,0.05,2022-23
1630167,Obi Toppin,1610612752,NYK,F,25.0,66,66,1.0,154,338,0.456,0.465,-0.01,2022-23
203085,Austin Rivers,1610612750,MIN,G,30.0,48,48,1.0,175,336,0.521,0.461,0.06,2022-23
1630177,Theo Maledon,1610612766,CHA,G,22.0,44,44,1.0,173,334,0.518,0.464,0.054,2022-23
1628988,Aaron Holiday,1610612737,ATL,G,26.0,60,60,1.0,154,333,0.462,0.46,0.003,2022-23
203210,JaMychal Green,1610612744,GSW,F-C,33.0,57,57,1.0,181,333,0.544,0.483,0.06,2022-23
1629660,Ty Jerome,1610612744,GSW,G-F,25.0,43,43,1.0,166,330,0.503,0.457,0.046,2022-23
1628995,Kevin Knox II,1610612757,POR,F,23.0,59,59,1.0,151,329,0.459,0.464,-0.005,2022-23
1630227,Daishen Nix,1610612745,HOU,G,21.0,55,55,1.0,165,328,0.503,0.468,0.035,2022-23
1630192,Zeke Nnaji,1610612743,DEN,F-C,22.0,50,50,1.0,153,327,0.468,0.486,-0.018,2022-23
1629731,Dean Wade,1610612739,CLE,F-C,26.0,42,42,1.0,151,323,0.467,0.474,-0.006,2022-23
1629308,Juan Toscano-Anderson,1610612762,UTA,F,30.0,48,48,1.0,158,323,0.489,0.476,0.013,2022-23
200752,Rudy Gay,1610612762,UTA,F-G,36.0,56,56,1.0,145,319,0.455,0.478,-0.023,2022-23
201588,George Hill,1610612754,IND,G,37.0,46,46,1.0,133,319,0.417,0.456,-0.039,2022-23
201933,Blake Griffin,1610612738,BOS,F,34.0,40,40,1.0,155,316,0.491,0.478,0.012,2022-23
1630549,Day'Ron Sharpe,1610612751,BKN,C,21.0,46,46,1.0,154,315,0.489,0.489,0.0,2022-23
1630541,Moses Moody,1610612744,GSW,G,21.0,60,60,1.0,144,313,0.46,0.467,-0.007,2022-23
203114,Khris Middleton,1610612749,MIL,F,31.0,33,33,1.0,137,311,0.441,0.462,-0.021,2022-23
1630572,Sandro Mamukelashvili,1610612759,SAS,F-C,24.0,38,38,1.0,158,308,0.513,0.48,0.033,2022-23
1629013,Landry Shamet,1610612756,PHX,G,26.0,39,39,1.0,143,306,0.467,0.466,0.001,2022-23
204060,Joe Ingles,1610612749,MIL,F-G,35.0,46,46,1.0,146,305,0.479,0.461,0.018,2022-23
1628427,Vlatko Cancar,1610612743,DEN,F,26.0,51,51,1.0,147,302,0.487,0.467,0.02,2022-23
1627863,Danuel House Jr.,1610612755,PHI,F-G,30.0,51,51,1.0,146,295,0.495,0.468,0.027,2022-23
1630528,Josh Christopher,1610612745,HOU,G,21.0,58,58,1.0,149,295,0.505,0.462,0.043,2022-23
202083,Wesley Matthews,1610612749,MIL,G,36.0,50,50,1.0,139,293,0.474,0.479,-0.005,2022-23
203115,Will Barton,1610612761,TOR,G,32.0,53,53,1.0,161,292,0.551,0.469,0.083,2022-23
1626166,Cameron Payne,1610612756,PHX,G,28.0,47,47,1.0,138,287,0.481,0.462,0.019,2022-23
203200,Justin Holiday,1610612742,DAL,F-G,34.0,44,44,1.0,136,276,0.493,0.469,0.024,2022-23
1629641,Romeo Langford,1610612759,SAS,G-F,23.0,41,41,1.0,134,275,0.487,0.464,0.024,2022-23
1630181,R.J. Hampton,1610612765,DET,G,22.0,43,43,1.0,137,274,0.5,0.473,0.027,2022-23
1630533,Ziaire Williams,1610612763,MEM,F,21.0,35,35,1.0,119,271,0.439,0.456,-0.017,2022-23
1630699,MarJon Beauchamp,1610612749,MIL,F,22.0,48,48,1.0,121,266,0.455,0.455,0.0,2022-23
1631133,Jabari Walker,1610612757,POR,F,20.0,51,51,1.0,129,266,0.485,0.478,0.007,2022-23
202322,John Wall,1610612746,LAC,G,32.0,34,34,1.0,129,266,0.485,0.46,0.025,2022-23
1629726,Garrison Mathews,1610612737,ATL,G,26.0,52,52,1.0,118,265,0.445,0.454,-0.009,2022-23
1631216,Caleb Houstan,1610612753,ORL,G,20.0,48,48,1.0,123,263,0.468,0.47,-0.002,2022-23
1630264,Anthony Gill,1610612764,WAS,F,30.0,48,48,1.0,130,262,0.496,0.477,0.019,2022-23
1627823,Juancho Hernangomez,1610612761,TOR,F,27.0,40,40,1.0,138,261,0.529,0.479,0.05,2022-23
201609,Goran Dragic,1610612749,MIL,G,37.0,58,58,1.0,117,261,0.448,0.459,-0.011,2022-23
1630256,Jae'Sean Tate,1610612745,HOU,F,27.0,31,31,1.0,109,260,0.419,0.468,-0.049,2022-23
1630702,Jaden Hardy,1610612742,DAL,G,20.0,45,45,1.0,125,260,0.481,0.46,0.02,2022-23
1629646,Charles Bassey,1610612759,SAS,C-F,22.0,33,33,1.0,115,257,0.447,0.499,-0.052,2022-23
1630201,Malachi Flynn,1610612761,TOR,G,25.0,48,48,1.0,124,254,0.488,0.459,0.029,2022-23
1626159,Justise Winslow,1610612757,POR,F-G,27.0,29,29,1.0,115,252,0.456,0.477,-0.021,2022-23
1629637,Jaxson Hayes,1610612740,NOP,C-F,23.0,42,42,1.0,114,252,0.452,0.471,-0.018,2022-23
1630688,Ish Wainright,1610612756,PHX,F,28.0,54,54,1.0,108,250,0.432,0.468,-0.036,2022-23
1626195,Willy Hernangomez,1610612740,NOP,C-F,29.0,35,35,1.0,137,248,0.552,0.499,0.053,2022-23
201599,DeAndre Jordan,1610612743,DEN,C,34.0,39,39,1.0,124,247,0.502,0.512,-0.01,2022-23
1631121,Bryce McGowens,1610612766,CHA,G,20.0,41,41,1.0,117,245,0.478,0.456,0.021,2022-23
1628373,Frank Ntilikina,1610612742,DAL,G,24.0,41,41,1.0,108,245,0.441,0.464,-0.023,2022-23
1631108,Max Christie,1610612747,LAL,G,20.0,34,34,1.0,106,239,0.444,0.463,-0.02,2022-23
203933,T.J. Warren,1610612756,PHX,F,29.0,40,40,1.0,118,239,0.494,0.478,0.015,2022-23
1630322,Lindy Waters III,1610612760,OKC,F,25.0,40,40,1.0,108,236,0.458,0.46,-0.003,2022-23
1630647,Eugene Omoruyi,1610612765,DET,F,26.0,39,39,1.0,101,233,0.433,0.466,-0.033,2022-23
1627739,Kris Dunn,1610612762,UTA,G,29.0,22,22,1.0,104,233,0.446,0.462,-0.016,2022-23
1630202,Payton Pritchard,1610612738,BOS,G,25.0,42,42,1.0,102,232,0.44,0.455,-0.015,2022-23
1629162,Jordan McLaughlin,1610612750,MIN,G,27.0,43,43,1.0,116,231,0.502,0.458,0.044,2022-23
1631104,Blake Wesley,1610612759,SAS,G,20.0,37,37,1.0,110,230,0.478,0.458,0.02,2022-23
1627745,Damian Jones,1610612762,UTA,C,28.0,34,34,1.0,97,229,0.424,0.482,-0.058,2022-23
1631172,Ousmane Dieng,1610612760,OKC,F,20.0,38,38,1.0,100,224,0.446,0.449,-0.003,2022-23
1631323,Simone Fontecchio,1610612762,UTA,F,27.0,45,45,1.0,114,224,0.509,0.465,0.044,2022-23
203476,Gorgui Dieng,1610612759,SAS,C,33.0,29,29,1.0,115,223,0.516,0.492,0.024,2022-23
1628410,Edmond Sumner,1610612751,BKN,G,27.0,50,50,1.0,114,220,0.518,0.47,0.048,2022-23
202722,Davis Bertans,1610612742,DAL,F,30.0,45,45,1.0,103,219,0.47,0.469,0.002,2022-23
1629130,Duncan Robinson,1610612748,MIA,F,29.0,41,41,1.0,115,219,0.525,0.462,0.063,2022-23
1629750,Javonte Green,1610612741,CHI,G,29.0,32,32,1.0,90,218,0.413,0.468,-0.055,2022-23
1631230,Dominick Barlow,1610612759,SAS,F,20.0,28,28,1.0,100,217,0.461,0.487,-0.026,2022-23
1630539,Kai Jones,1610612766,CHA,C-F,22.0,41,41,1.0,92,216,0.426,0.472,-0.046,2022-23
201580,JaVale McGee,1610612742,DAL,C-F,35.0,41,41,1.0,120,215,0.558,0.495,0.063,2022-23
1629676,Isaiah Roby,1610612752,NYK,F,25.0,41,41,1.0,116,213,0.545,0.481,0.064,2022-23
203473,Dewayne Dedmon,1610612755,PHI,C,33.0,38,38,1.0,100,213,0.469,0.502,-0.032,2022-23
1629643,Chuma Okeke,1610612753,ORL,F,24.0,25,25,1.0,100,209,0.478,0.47,0.009,2022-23
1630547,James Bouknight,1610612766,CHA,G,22.0,31,31,1.0,88,206,0.427,0.455,-0.028,2022-23
203526,Raul Neto,1610612739,CLE,G,31.0,43,43,1.0,94,204,0.461,0.443,0.018,2022-23
1629048,Goga Bitadze,1610612753,ORL,C-F,23.0,36,36,1.0,91,203,0.448,0.493,-0.045,2022-23
201959,Taj Gibson,1610612764,WAS,F,38.0,45,45,1.0,108,203,0.532,0.505,0.027,2022-23
1628981,Bruno Fernando,1610612737,ATL,F-C,24.0,37,37,1.0,98,201,0.488,0.504,-0.016,2022-23
1628962,Udoka Azubuike,1610612762,UTA,C-F,23.0,34,34,1.0,89,198,0.449,0.49,-0.041,2022-23
1631222,Jake LaRavia,1610612763,MEM,F,21.0,33,33,1.0,85,195,0.436,0.451,-0.016,2022-23
201937,Ricky Rubio,1610612739,CLE,G,32.0,33,33,1.0,85,193,0.44,0.451,-0.01,2022-23
1629599,Amir Coffey,1610612746,LAC,G-F,26.0,39,39,1.0,92,193,0.477,0.466,0.011,2022-23
1631115,Orlando Robinson,1610612748,MIA,C,22.0,30,30,1.0,104,190,0.547,0.497,0.051,2022-23
1629650,Moses Brown,1610612746,LAC,C,23.0,35,35,1.0,81,190,0.426,0.482,-0.055,2022-23
1630556,Kessler Edwards,1610612758,SAC,F,22.0,32,32,1.0,82,190,0.432,0.478,-0.046,2022-23
1630595,Cade Cunningham,1610612765,DET,G,21.0,12,12,1.0,80,186,0.43,0.479,-0.049,2022-23
201577,Robin Lopez,1610612739,CLE,C,35.0,34,34,1.0,90,182,0.495,0.501,-0.006,2022-23
203585,Rodney McGruder,1610612765,DET,G,31.0,30,30,1.0,89,180,0.494,0.467,0.028,2022-23
1629678,Admiral Schofield,1610612753,ORL,F,26.0,35,35,1.0,84,173,0.486,0.468,0.018,2022-23
1626169,Stanley Johnson,1610612762,UTA,F-G,27.0,29,29,1.0,78,173,0.451,0.472,-0.022,2022-23
1629004,Svi Mykhailiuk,1610612766,CHA,G-F,26.0,25,25,1.0,82,168,0.488,0.46,0.029,2022-23
201988,Patty Mills,1610612751,BKN,G,34.0,39,39,1.0,91,168,0.542,0.464,0.078,2022-23
1630284,Kevon Harris,1610612753,ORL,G,26.0,32,32,1.0,77,167,0.461,0.47,-0.009,2022-23
1631102,TyTy Washington Jr.,1610612745,HOU,G,21.0,30,30,1.0,74,158,0.468,0.455,0.013,2022-23
1630613,Duane Washington Jr.,1610612752,NYK,G,23.0,28,28,1.0,73,157,0.465,0.456,0.009,2022-23
202693,Markieff Morris,1610612742,DAL,F,33.0,35,35,1.0,75,154,0.487,0.466,0.021,2022-23
1630553,Keon Johnson,1610612757,POR,G,21.0,32,32,1.0,79,153,0.516,0.457,0.059,2022-23
1626158,Richaun Holmes,1610612758,SAC,F,29.0,38,38,1.0,75,151,0.497,0.504,-0.007,2022-23
203095,Evan Fournier,1610612752,NYK,G-F,30.0,24,24,1.0,75,150,0.5,0.458,0.042,2022-23
1630240,Saben Lee,1610612756,PHX,G,24.0,22,22,1.0,69,148,0.466,0.466,0.0,2022-23
203109,Jae Crowder,1610612749,MIL,F,32.0,18,18,1.0,71,148,0.48,0.465,0.015,2022-23
1630593,McKinley Wright IV,1610612742,DAL,G,24.0,23,23,1.0,67,145,0.462,0.462,0.0,2022-23
202397,Ish Smith,1610612743,DEN,G,34.0,33,33,1.0,73,145,0.503,0.447,0.057,2022-23
1630346,Matt Ryan,1610612750,MIN,F,26.0,29,29,1.0,69,141,0.489,0.449,0.04,2022-23
1631260,AJ Green,1610612749,MIL,G,23.0,27,27,1.0,66,141,0.468,0.459,0.009,2022-23
1630233,Nathan Knight,1610612750,MIN,F-C,25.0,32,32,1.0,56,137,0.409,0.463,-0.054,2022-23
201565,Derrick Rose,1610612752,NYK,G,34.0,27,27,1.0,58,137,0.423,0.457,-0.034,2022-23
1627780,Gary Payton II,1610612744,GSW,G,30.0,22,22,1.0,75,135,0.556,0.472,0.084,2022-23
1631098,Johnny Davis,1610612764,WAS,G,21.0,24,24,1.0,61,135,0.452,0.462,-0.011,2022-23
1630568,Luka Garza,1610612750,MIN,C,24.0,24,24,1.0,74,134,0.552,0.496,0.056,2022-23
1630235,Trent Forrest,1610612737,ATL,G,25.0,22,22,1.0,58,130,0.446,0.464,-0.018,2022-23
1629033,Theo Pinson,1610612742,DAL,G-F,27.0,28,28,1.0,71,129,0.55,0.464,0.086,2022-23
1628432,Davon Reed,1610612743,DEN,G,28.0,35,35,1.0,63,127,0.496,0.441,0.055,2022-23
1630577,Julian Champagnie,1610612759,SAS,F,22.0,16,16,1.0,64,127,0.504,0.475,0.029,2022-23
1629644,KZ Okpala,1610612758,SAC,F-G,24.0,30,30,1.0,60,126,0.476,0.481,-0.004,2022-23
1626163,Frank Kaminsky,1610612745,HOU,F-C,30.0,32,32,1.0,62,122,0.508,0.49,0.018,2022-23
1630625,Dalano Banton,1610612761,TOR,F,23.0,28,28,1.0,49,116,0.422,0.463,-0.041,2022-23
203469,Cody Zeller,1610612748,MIA,F-C,30.0,15,15,1.0,68,113,0.602,0.513,0.089,2022-23
201586,Serge Ibaka,1610612749,MIL,F,33.0,16,16,1.0,58,109,0.532,0.483,0.049,2022-23
1627788,Furkan Korkmaz,1610612755,PHI,G-F,25.0,26,26,1.0,50,109,0.459,0.442,0.017,2022-23
203457,Nerlens Noel,1610612751,BKN,C-F,29.0,14,14,1.0,54,106,0.509,0.507,0.003,2022-23
1631219,John Butler Jr.,1610612757,POR,F,20.0,18,18,1.0,47,105,0.448,0.467,-0.019,2022-23
1631288,Jamal Cain,1610612748,MIA,F,24.0,17,17,1.0,53,101,0.525,0.458,0.067,2022-23
203458,Alex Len,1610612758,SAC,C,30.0,21,21,1.0,41,98,0.418,0.505,-0.087,2022-23
1631217,Moussa Diabaté,1610612746,LAC,F,21.0,21,21,1.0,46,98,0.469,0.465,0.005,2022-23
1629603,Mamadi Diakite,1610612739,CLE,F,26.0,19,19,1.0,52,95,0.547,0.476,0.072,2022-23
1631107,Nikola Jović,1610612748,MIA,F,20.0,12,12,1.0,56,95,0.589,0.491,0.098,2022-23
1631113,Kennedy Chandler,1610612763,MEM,G,20.0,26,26,1.0,50,93,0.538,0.435,0.102,2022-23
203648,Thanasis Antetokounmpo,1610612749,MIL,F,30.0,22,22,1.0,46,92,0.5,0.463,0.037,2022-23
1630527,Brandon Boston Jr.,1610612746,LAC,G,21.0,19,19,1.0,44,92,0.478,0.456,0.022,2022-23
1630678,Terry Taylor,1610612741,CHI,F,23.0,21,21,1.0,37,89,0.416,0.47,-0.054,2022-23
203086,Meyers Leonard,1610612749,MIL,F-C,31.0,8,8,1.0,48,88,0.545,0.484,0.061,2022-23
1630561,David Duke Jr.,1610612751,BKN,G,23.0,17,17,1.0,41,87,0.471,0.478,-0.006,2022-23
203920,Khem Birch,1610612759,SAS,C,30.0,19,19,1.0,43,87,0.494,0.486,0.009,2022-23
1627854,Bryn Forbes,1610612750,MIN,G,29.0,24,24,1.0,44,87,0.506,0.449,0.057,2022-23
203943,Noah Vonleh,1610612738,BOS,F,27.0,19,19,1.0,39,86,0.453,0.481,-0.028,2022-23
1630288,Jeff Dowtin Jr.,1610612761,TOR,G,26.0,21,21,1.0,39,84,0.464,0.461,0.003,2022-23
1631116,Patrick Baldwin Jr.,1610612744,GSW,F,20.0,25,25,1.0,45,84,0.536,0.478,0.058,2022-23
1630548,Johnny Juzang,1610612762,UTA,G,22.0,18,18,1.0,46,83,0.554,0.452,0.102,2022-23
203521,Matthew Dellavedova,1610612758,SAC,G,32.0,22,22,1.0,36,83,0.434,0.45,-0.016,2022-23
1626246,Boban Marjanovic,1610612745,HOU,C,34.0,27,27,1.0,44,81,0.543,0.483,0.06,2022-23
1631207,Dalen Terry,1610612741,CHI,F,20.0,26,26,1.0,37,79,0.468,0.438,0.03,2022-23
1630184,Kira Lewis Jr.,1610612740,NOP,G,22.0,22,22,1.0,37,78,0.474,0.471,0.003,2022-23
1631212,Peyton Watson,1610612743,DEN,G,20.0,13,13,1.0,37,76,0.487,0.486,0.001,2022-23
1630696,Dru Smith,1610612751,BKN,G,25.0,13,13,1.0,34,73,0.466,0.483,-0.017,2022-23
1630219,Skylar Mays,1610612757,POR,G,25.0,6,6,1.0,38,69,0.551,0.481,0.07,2022-23
1629633,Jarrett Culver,1610612737,ATL,G-F,24.0,8,8,1.0,37,65,0.569,0.474,0.096,2022-23
1629677,Luka Samanic,1610612762,UTA,F,23.0,7,7,1.0,32,65,0.492,0.491,0.002,2022-23
1641645,Xavier Cooks,1610612764,WAS,F,27.0,9,9,1.0,31,62,0.5,0.499,0.001,2022-23
1631254,Kenneth Lofton Jr.,1610612763,MEM,F,20.0,18,18,1.0,33,62,0.532,0.48,0.052,2022-23
1627853,Ryan Arcidiacono,1610612752,NYK,G,29.0,14,14,1.0,26,61,0.426,0.469,-0.042,2022-23
1630249,Vít Krejčí,1610612737,ATL,G,23.0,20,20,1.0,26,60,0.433,0.424,0.009,2022-23
202066,Garrett Temple,1610612740,NOP,G-F,37.0,21,21,1.0,28,60,0.467,0.442,0.025,2022-23
203490,Otto Porter Jr.,1610612761,TOR,F,30.0,8,8,1.0,28,58,0.483,0.466,0.017,2022-23
201949,James Johnson,1610612754,IND,F,36.0,16,16,1.0,34,58,0.586,0.463,0.124,2022-23
1631245,Quenton Jackson,1610612764,WAS,G,24.0,8,8,1.0,31,58,0.534,0.46,0.075,2022-23
1631111,Wendell Moore Jr.,1610612750,MIN,G,21.0,22,22,1.0,34,57,0.596,0.472,0.125,2022-23
1631197,Jared Rhoden,1610612765,DET,G,23.0,11,11,1.0,22,56,0.393,0.451,-0.058,2022-23
202689,Kemba Walker,1610612742,DAL,G,33.0,9,9,1.0,30,53,0.566,0.454,0.112,2022-23
201980,Danny Green,1610612739,CLE,G,36.0,10,10,1.0,25,52,0.481,0.459,0.022,2022-23
2738,Andre Iguodala,1610612744,GSW,G-F,39.0,8,8,1.0,24,51,0.471,0.456,0.015,2022-23
1628998,Cody Martin,1610612766,CHA,F,27.0,6,6,1.0,28,51,0.549,0.467,0.082,2022-23
1628464,Daniel Theis,1610612754,IND,F-C,31.0,7,7,1.0,28,50,0.56,0.507,0.053,2022-23
1630643,Jay Huff,1610612764,WAS,C,25.0,6,6,1.0,25,48,0.521,0.501,0.02,2022-23
1631466,Nate Williams,1610612757,POR,G,24.0,5,5,1.0,26,45,0.578,0.489,0.089,2022-23
1631169,Josh Minott,1610612750,MIN,F,20.0,12,12,1.0,16,44,0.364,0.44,-0.076,2022-23
1631303,Justin Minaya,1610612757,POR,F,24.0,4,4,1.0,22,44,0.5,0.463,0.037,2022-23
1630846,Olivier Sarr,1610612760,OKC,C,24.0,6,6,1.0,18,41,0.439,0.472,-0.033,2022-23
1630563,Joshua Primo,1610612759,SAS,G,20.0,4,4,1.0,22,41,0.537,0.452,0.084,2022-23
1631205,Buddy Boeheim,1610612765,DET,F,23.0,9,9,1.0,17,40,0.425,0.471,-0.046,2022-23
1628382,Justin Jackson,1610612738,BOS,F,28.0,13,13,1.0,16,40,0.4,0.438,-0.038,2022-23
1630639,A.J. Lawson,1610612742,DAL,G,22.0,8,8,1.0,22,39,0.564,0.466,0.098,2022-23
1627885,Shaquille Harrison,1610612747,LAL,G,29.0,5,5,1.0,19,38,0.5,0.484,0.016,2022-23
1631246,Vince Williams Jr.,1610612763,MEM,G,22.0,11,11,1.0,15,37,0.405,0.447,-0.042,2022-23
1628371,Jonathan Isaac,1610612753,ORL,F,25.0,11,11,1.0,19,37,0.514,0.489,0.025,2022-23
1630209,Omer Yurtseven,1610612748,MIA,C,25.0,7,7,1.0,20,36,0.556,0.501,0.055,2022-23
1630600,Isaiah Mobley,1610612739,CLE,F,23.0,9,9,1.0,16,35,0.457,0.473,-0.016,2022-23
1630554,Jason Preston,1610612746,LAC,G,23.0,11,11,1.0,18,33,0.545,0.462,0.083,2022-23
2617,Udonis Haslem,1610612748,MIA,F,43.0,7,7,1.0,16,33,0.485,0.472,0.013,2022-23
1630695,Micah Potter,1610612762,UTA,C,25.0,6,6,1.0,14,32,0.438,0.455,-0.018,2022-23
1630531,Jaden Springer,1610612755,PHI,G,20.0,11,11,1.0,18,30,0.6,0.461,0.139,2022-23
1631160,Jordan Hall,1610612759,SAS,G,21.0,8,8,1.0,17,30,0.567,0.446,0.121,2022-23
1628408,PJ Dozier,1610612758,SAC,G-F,26.0,9,9,1.0,11,28,0.393,0.478,-0.086,2022-23
1629623,Lindell Wigginton,1610612749,MIL,G,25.0,4,4,1.0,14,28,0.5,0.416,0.084,2022-23
1630195,Leandro Bolmaro,1610612762,UTA,F,22.0,10,10,1.0,14,27,0.519,0.447,0.072,2022-23
1631298,Jack White,1610612743,DEN,F,25.0,11,11,1.0,10,24,0.417,0.505,-0.088,2022-23
1631123,Jamaree Bouyea,1610612748,MIA,G,24.0,5,5,1.0,13,23,0.565,0.46,0.105,2022-23
1631120,JD Davison,1610612738,BOS,G,20.0,7,7,1.0,9,23,0.391,0.436,-0.045,2022-23
1630535,Greg Brown III,1610612757,POR,F,21.0,10,10,1.0,6,22,0.273,0.466,-0.193,2022-23
1631157,Ryan Rollins,1610612744,GSW,G,20.0,7,7,1.0,9,21,0.429,0.431,-0.002,2022-23
1631306,Cole Swider,1610612747,LAL,F,24.0,5,5,1.0,12,21,0.571,0.468,0.103,2022-23
1631213,Tyrese Martin,1610612737,ATL,G,24.0,10,10,1.0,11,20,0.55,0.458,0.092,2022-23
1630215,Jared Butler,1610612760,OKC,G,22.0,3,3,1.0,9,20,0.45,0.425,0.025,2022-23
1630270,Xavier Sneed,1610612766,CHA,F,25.0,4,4,1.0,7,20,0.35,0.455,-0.105,2022-23
1628221,Gabe York,1610612754,IND,G,29.0,3,3,1.0,11,20,0.55,0.446,0.104,2022-23
1631112,Kendall Brown,1610612754,IND,G,20.0,4,4,1.0,9,20,0.45,0.453,-0.003,2022-23
1628396,Tony Bradley,1610612741,CHI,C-F,25.0,11,11,1.0,12,20,0.6,0.493,0.107,2022-23
1629674,Neemias Queta,1610612758,SAC,C,23.0,5,5,1.0,10,19,0.526,0.492,0.034,2022-23
1631165,Keon Ellis,1610612758,SAC,G,23.0,8,8,1.0,10,19,0.526,0.489,0.037,2022-23
1630580,Joe Wieskamp,1610612761,TOR,G-F,23.0,8,8,1.0,5,19,0.263,0.422,-0.159,2022-23
1630243,Trevelin Queen,1610612755,PHI,G,26.0,6,6,1.0,7,18,0.389,0.472,-0.083,2022-23
1630225,Isaiah Todd,1610612764,WAS,F,21.0,3,3,1.0,7,18,0.389,0.471,-0.083,2022-23
1630564,RaiQuan Gray,1610612751,BKN,F,23.0,1,1,1.0,8,17,0.471,0.518,-0.047,2022-23
1630637,Carlik Jones,1610612741,CHI,G,25.0,3,3,1.0,9,16,0.563,0.443,0.12,2022-23
1629714,Jarrell Brantley,1610612762,UTA,F,27.0,4,4,1.0,2,16,0.125,0.469,-0.344,2022-23
1629653,Devon Dotson,1610612764,WAS,G,23.0,4,4,1.0,6,15,0.4,0.465,-0.065,2022-23
1630267,Facundo Campazzo,1610612742,DAL,G,32.0,5,5,1.0,4,14,0.286,0.411,-0.126,2022-23
1630241,Sam Merrill,1610612739,CLE,G,27.0,4,4,1.0,4,13,0.308,0.465,-0.157,2022-23
1629663,Louis King,1610612755,PHI,F,24.0,1,1,1.0,4,13,0.308,0.462,-0.154,2022-23
1630590,Scotty Pippen Jr.,1610612747,LAL,G,22.0,5,5,1.0,4,12,0.333,0.402,-0.069,2022-23
1628424,Kobi Simmons,1610612766,CHA,G,25.0,5,5,1.0,5,12,0.417,0.438,-0.021,2022-23
203487,Michael Carter-Williams,1610612753,ORL,G,31.0,3,3,1.0,9,11,0.818,0.451,0.367,2022-23
1631199,Ron Harper Jr.,1610612761,TOR,F,23.0,6,6,1.0,6,11,0.545,0.432,0.113,2022-23
1628993,Alize Johnson,1610612759,SAS,F,27.0,4,4,1.0,1,11,0.091,0.461,-0.37,2022-23
1629662,Mfiondu Kabengele,1610612738,BOS,C,25.0,4,4,1.0,6,11,0.545,0.528,0.017,2022-23
1631367,Jacob Gilyard,1610612763,MEM,G,24.0,1,1,1.0,8,11,0.727,0.462,0.266,2022-23
1629875,Xavier Moon,1610612746,LAC,G,28.0,4,4,1.0,6,10,0.6,0.416,0.184,2022-23
1630644,Mac McClung,1610612755,PHI,G,24.0,2,2,1.0,4,9,0.444,0.447,-0.003,2022-23
1628425,Sterling Brown,1610612747,LAL,G-F,28.0,4,4,1.0,4,8,0.5,0.47,0.03,2022-23
1630176,Vernon Carey Jr.,1610612762,UTA,C,22.0,6,6,1.0,1,8,0.125,0.441,-0.316,2022-23
1630551,Justin Champagnie,1610612738,BOS,G-F,22.0,3,3,1.0,4,7,0.571,0.427,0.144,2022-23
1631311,Lester Quiñones,1610612744,GSW,G,22.0,3,3,1.0,2,7,0.286,0.437,-0.151,2022-23
1630206,Jay Scrubb,1610612753,ORL,G,22.0,1,1,1.0,3,7,0.429,0.423,0.006,2022-23
1631309,Trevor Hudgins,1610612745,HOU,G,24.0,3,3,1.0,4,7,0.571,0.462,0.11,2022-23
1631220,Dereon Seabron,1610612740,NOP,G,23.0,5,5,1.0,3,7,0.429,0.484,-0.055,2022-23
1630620,Darius Days,1610612745,HOU,F,23.0,3,3,1.0,2,6,0.333,0.456,-0.123,2022-23
1629685,Dylan Windler,1610612739,CLE,G-F,26.0,2,2,1.0,3,5,0.6,0.411,0.189,2022-23
1628435,Chance Comanche,1610612757,POR,C,27.0,1,1,1.0,3,5,0.6,0.424,0.176,2022-23
1630250,Marko Simonovic,1610612741,CHI,C,23.0,3,3,1.0,3,5,0.6,0.517,0.083,2022-23
1629735,Chris Silva,1610612737,ATL,F,26.0,1,1,1.0,0,4,0.0,0.452,-0.452,2022-23
1631320,Chima Moneke,1610612758,SAC,F,27.0,1,1,1.0,2,4,0.5,0.496,0.005,2022-23
1630792,Malcolm Hill,1610612741,CHI,F,27.0,2,2,1.0,1,3,0.333,0.42,-0.087,2022-23
1630296,Braxton Key,1610612765,DET,F,26.0,2,2,1.0,1,3,0.333,0.453,-0.119,2022-23
1628416,Tyler Dorsey,1610612742,DAL,G,27.0,2,2,1.0,2,3,0.667,0.44,0.227,2022-23
1631495,Donovan Williams,1610612737,ATL,G,21.0,1,1,1.0,0,1,0.0,0.674,-0.674,2022-23
1629126,Deonte Burton,1610612758,SAC,G-F,29.0,1,1,1.0,1,1,1.0,0.527,0.473,2022-23
1630649,Stanley Umude,1610612765,DET,G,24.0,1,1,1.0,0,1,0.0,0.421,-0.421,2022-23
201572,Brook Lopez,1610612749,MIL,C,36.0,79,79,1.0,835,1751,0.477,0.498,-0.021,2023-24
203999,Nikola Jokić,1610612743,DEN,C,29.0,78,78,1.0,796,1559,0.511,0.505,0.005,2023-24
203497,Rudy Gobert,1610612750,MIN,C,32.0,76,76,1.0,626,1440,0.435,0.495,-0.06,2023-24
203076,Anthony Davis,1610612747,LAL,F-C,31.0,76,76,1.0,679,1438,0.472,0.495,-0.023,2023-24
1627734,Domantas Sabonis,1610612758,SAC,F-C,28.0,82,82,1.0,683,1407,0.485,0.505,-0.019,2023-24
1631096,Chet Holmgren,1610612760,OKC,C-F,22.0,82,82,1.0,605,1329,0.455,0.499,-0.044,2023-24
1628386,Jarrett Allen,1610612739,CLE,C,26.0,76,76,1.0,624,1278,0.488,0.5,-0.012,2023-24
1630166,Deni Avdija,1610612764,WAS,F,23.0,75,75,1.0,596,1255,0.475,0.479,-0.004,2023-24
202696,Nikola Vučević,1610612741,CHI,C,33.0,75,75,1.0,607,1228,0.494,0.5,-0.006,2023-24
1629651,Nic Claxton,1610612751,BKN,C,25.0,70,70,1.0,558,1196,0.467,0.487,-0.02,2023-24
1629632,Coby White,1610612741,CHI,G,24.0,78,78,1.0,605,1196,0.506,0.468,0.038,2023-24
1630559,Austin Reaves,1610612747,LAL,G,26.0,82,82,1.0,589,1192,0.494,0.468,0.027,2023-24
203994,Jusuf Nurkić,1610612756,PHX,C,29.0,76,76,1.0,563,1191,0.473,0.498,-0.026,2023-24
1630578,Alperen Sengun,1610612745,HOU,C,21.0,63,63,1.0,585,1189,0.492,0.499,-0.007,2023-24
1641705,Victor Wembanyama,1610612759,SAS,F-C,20.0,71,71,1.0,548,1187,0.462,0.504,-0.042,2023-24
1626167,Myles Turner,1610612754,IND,C-F,28.0,77,77,1.0,568,1155,0.492,0.499,-0.007,2023-24
1628960,Grayson Allen,1610612756,PHX,G,28.0,75,75,1.0,527,1152,0.457,0.47,-0.013,2023-24
1627826,Ivica Zubac,1610612746,LAC,C,27.0,68,68,1.0,523,1141,0.458,0.497,-0.039,2023-24
1631094,Paolo Banchero,1610612753,ORL,F,21.0,80,80,1.0,546,1131,0.483,0.482,0.0,2023-24
1629655,Daniel Gafford,1610612742,DAL,F-C,25.0,73,73,1.0,550,1126,0.488,0.503,-0.015,2023-24
1627783,Pascal Siakam,1610612754,IND,F,30.0,80,80,1.0,554,1107,0.5,0.476,0.024,2023-24
1631110,Jeremy Sochan,1610612759,SAS,F,21.0,74,74,1.0,532,1106,0.481,0.482,-0.001,2023-24
1628404,Josh Hart,1610612752,NYK,G,29.0,81,81,1.0,498,1092,0.456,0.473,-0.017,2023-24
1629029,Luka Dončić,1610612742,DAL,F-G,25.0,70,70,1.0,524,1087,0.482,0.474,0.008,2023-24
203992,Bogdan Bogdanovic,1610612737,ATL,G,31.0,79,79,1.0,518,1082,0.479,0.461,0.018,2023-24
204001,Kristaps Porziņģis,1610612738,BOS,F-C,28.0,57,57,1.0,467,1078,0.433,0.489,-0.055,2023-24
1631095,Jabari Smith Jr.,1610612745,HOU,F,21.0,76,76,1.0,492,1077,0.457,0.478,-0.022,2023-24
1641706,Brandon Miller,1610612766,CHA,F,21.0,74,74,1.0,536,1076,0.498,0.475,0.023,2023-24
202331,Paul George,1610612746,LAC,F,34.0,74,74,1.0,468,1050,0.446,0.472,-0.026,2023-24
1628983,Shai Gilgeous-Alexander,1610612760,OKC,G,25.0,75,75,1.0,470,1043,0.451,0.465,-0.014,2023-24
1629028,Deandre Ayton,1610612757,POR,C,25.0,55,55,1.0,479,1019,0.47,0.491,-0.021,2023-24
1630567,Scottie Barnes,1610612761,TOR,F-G,22.0,60,60,1.0,501,1013,0.495,0.482,0.012,2023-24
1628415,Dillon Brooks,1610612745,HOU,G-F,28.0,72,72,1.0,494,1012,0.488,0.474,0.014,2023-24
1628401,Derrick White,1610612738,BOS,G,29.0,73,73,1.0,458,1010,0.453,0.47,-0.016,2023-24
1626156,D'Angelo Russell,1610612747,LAL,G,28.0,76,76,1.0,491,1007,0.488,0.465,0.023,2023-24
201950,Jrue Holiday,1610612738,BOS,G,34.0,69,69,1.0,453,1005,0.451,0.472,-0.021,2023-24
1628389,Bam Adebayo,1610612748,MIA,C-F,26.0,71,71,1.0,437,992,0.441,0.491,-0.05,2023-24
1627749,Dejounte Murray,1610612737,ATL,G,27.0,78,78,1.0,501,989,0.507,0.471,0.036,2023-24
1629622,Max Strus,1610612739,CLE,G-F,28.0,69,69,1.0,424,982,0.432,0.468,-0.036,2023-24
1628368,De'Aaron Fox,1610612758,SAC,G,26.0,74,74,1.0,486,981,0.495,0.468,0.028,2023-24
1631099,Keegan Murray,1610612758,SAC,F,23.0,77,77,1.0,476,975,0.488,0.475,0.013,2023-24
1628392,Isaiah Hartenstein,1610612752,NYK,C-F,26.0,75,75,1.0,454,975,0.466,0.498,-0.032,2023-24
202685,Jonas Valanciunas,1610612740,NOP,C,32.0,82,82,1.0,502,971,0.517,0.51,0.007,2023-24
201935,James Harden,1610612746,LAC,G,34.0,72,72,1.0,467,969,0.482,0.472,0.01,2023-24
1628970,Miles Bridges,1610612766,CHA,F,26.0,69,69,1.0,465,969,0.48,0.486,-0.006,2023-24
1628380,Zach Collins,1610612759,SAS,F-C,26.0,69,69,1.0,487,968,0.503,0.497,0.006,2023-24
1627832,Fred VanVleet,1610612745,HOU,G,30.0,73,73,1.0,454,964,0.471,0.466,0.004,2023-24
203991,Clint Capela,1610612737,ATL,C,30.0,73,73,1.0,476,964,0.494,0.499,-0.006,2023-24
1627741,Buddy Hield,1610612755,PHI,G,31.0,84,84,1.0,490,963,0.509,0.466,0.042,2023-24
203084,Harrison Barnes,1610612758,SAC,F,32.0,82,82,1.0,466,954,0.488,0.483,0.005,2023-24
1629023,P.J. Washington,1610612742,DAL,F,25.0,72,72,1.0,476,950,0.501,0.484,0.017,2023-24
201942,DeMar DeRozan,1610612741,CHI,G-F,34.0,78,78,1.0,450,950,0.474,0.473,0.001,2023-24
203471,Dennis Schröder,1610612751,BKN,G,30.0,80,80,1.0,456,949,0.481,0.464,0.017,2023-24
201142,Kevin Durant,1610612756,PHX,F,35.0,75,75,1.0,417,943,0.442,0.479,-0.037,2023-24
1628969,Mikal Bridges,1610612751,BKN,G-F,27.0,81,81,1.0,434,931,0.466,0.47,-0.003,2023-24
1627936,Alex Caruso,1610612741,CHI,G,30.0,70,70,1.0,420,929,0.452,0.472,-0.02,2023-24
1628991,Jaren Jackson Jr.,1610612763,MEM,F-C,24.0,66,66,1.0,426,912,0.467,0.493,-0.026,2023-24
203507,Giannis Antetokounmpo,1610612749,MIL,F,29.0,73,73,1.0,421,911,0.462,0.484,-0.021,2023-24
1629652,Luguentz Dort,1610612760,OKC,G,25.0,79,79,1.0,405,908,0.446,0.47,-0.024,2023-24
1631105,Jalen Duren,1610612765,DET,C,20.0,61,61,1.0,446,907,0.492,0.499,-0.008,2023-24
1630174,Aaron Nesmith,1610612754,IND,G-F,24.0,72,72,1.0,410,903,0.454,0.476,-0.022,2023-24
1629684,Grant Williams,1610612766,CHA,F,25.0,76,76,1.0,435,901,0.483,0.481,0.001,2023-24
203482,Kelly Olynyk,1610612761,TOR,F-C,33.0,78,78,1.0,471,900,0.523,0.489,0.034,2023-24
1630529,Herbert Jones,1610612740,NOP,F,25.0,76,76,1.0,396,899,0.44,0.472,-0.031,2023-24
1631117,Walker Kessler,1610612762,UTA,C,22.0,64,64,1.0,415,897,0.463,0.493,-0.03,2023-24
203081,Damian Lillard,1610612749,MIL,G,33.0,73,73,1.0,404,892,0.453,0.462,-0.009,2023-24
1630596,Evan Mobley,1610612739,CLE,C,23.0,50,50,1.0,405,890,0.455,0.494,-0.039,2023-24
1628973,Jalen Brunson,1610612752,NYK,G,27.0,77,77,1.0,442,888,0.498,0.466,0.032,2023-24
1631170,Jaime Jaquez Jr.,1610612748,MIA,G,23.0,75,75,1.0,422,886,0.476,0.464,0.012,2023-24
1630183,Jaden McDaniels,1610612750,MIN,F,23.0,72,72,1.0,397,879,0.452,0.468,-0.017,2023-24
1630208,Nick Richards,1610612766,CHA,C,26.0,67,67,1.0,471,879,0.536,0.506,0.03,2023-24
1626164,Devin Booker,1610612756,PHX,G,27.0,68,68,1.0,414,875,0.473,0.466,0.007,2023-24
1630173,Precious Achiuwa,1610612752,NYK,F,24.0,74,74,1.0,415,874,0.475,0.486,-0.011,2023-24
202699,Tobias Harris,1610612755,PHI,F,31.0,70,70,1.0,404,873,0.463,0.48,-0.017,2023-24
201143,Al Horford,1610612738,BOS,C-F,38.0,65,65,1.0,406,873,0.465,0.48,-0.015,2023-24
1627736,Malik Beasley,1610612749,MIL,G,27.0,79,79,1.0,416,865,0.481,0.469,0.012,2023-24
1628398,Kyle Kuzma,1610612764,WAS,F,28.0,70,70,1.0,426,865,0.492,0.483,0.009,2023-24
203932,Aaron Gordon,1610612743,DEN,F,28.0,72,72,1.0,374,865,0.432,0.486,-0.054,2023-24
1630162,Anthony Edwards,1610612750,MIN,G,22.0,79,79,1.0,384,864,0.444,0.469,-0.024,2023-24
1630552,Jalen Johnson,1610612737,ATL,F,22.0,56,56,1.0,410,861,0.476,0.479,-0.003,2023-24
1630595,Cade Cunningham,1610612765,DET,G,22.0,62,62,1.0,424,855,0.496,0.469,0.027,2023-24
1628978,Donte DiVincenzo,1610612752,NYK,G,27.0,81,81,1.0,421,851,0.495,0.465,0.029,2023-24
1641726,Dereck Lively II,1610612742,DAL,C,20.0,55,55,1.0,410,851,0.482,0.495,-0.013,2023-24
1630532,Franz Wagner,1610612753,ORL,F,22.0,72,72,1.0,403,847,0.476,0.472,0.004,2023-24
203468,CJ McCollum,1610612740,NOP,G,32.0,66,66,1.0,397,842,0.471,0.465,0.006,2023-24
1630194,Paul Reed,1610612755,PHI,F,25.0,82,82,1.0,427,841,0.508,0.487,0.021,2023-24
1626157,Karl-Anthony Towns,1610612750,MIN,C-F,28.0,62,62,1.0,394,839,0.47,0.479,-0.009,2023-24
1631093,Jaden Ivey,1610612765,DET,G,22.0,77,77,1.0,404,837,0.483,0.466,0.017,2023-24
1629673,Jordan Poole,1610612764,WAS,G,25.0,78,78,1.0,420,836,0.502,0.463,0.039,2023-24
1628374,Lauri Markkanen,1610612762,UTA,F-C,27.0,55,55,1.0,414,836,0.495,0.485,0.01,2023-24
203954,Joel Embiid,1610612755,PHI,C-F,30.0,39,39,1.0,367,833,0.441,0.5,-0.059,2023-24
1628381,John Collins,1610612762,UTA,F-C,26.0,68,68,1.0,438,832,0.526,0.488,0.038,2023-24
1630224,Jalen Green,1610612745,HOU,G,22.0,82,82,1.0,398,828,0.481,0.468,0.013,2023-24
202695,Kawhi Leonard,1610612746,LAC,F,33.0,68,68,1.0,394,828,0.476,0.473,0.002,2023-24
1628971,Bruce Brown,1610612761,TOR,G-F,27.0,67,67,1.0,424,827,0.513,0.475,0.038,2023-24
1627750,Jamal Murray,1610612743,DEN,G,27.0,58,58,1.0,369,823,0.448,0.47,-0.022,2023-24
1627777,Georges Niang,1610612739,CLE,F,31.0,81,81,1.0,395,821,0.481,0.476,0.005,2023-24
201939,Stephen Curry,1610612744,GSW,G,36.0,74,74,1.0,391,821,0.476,0.466,0.01,2023-24
1626171,Bobby Portis Jr.,1610612749,MIL,F,29.0,82,82,1.0,417,820,0.509,0.484,0.025,2023-24
1630581,Josh Giddey,1610612760,OKC,G,21.0,80,80,1.0,386,820,0.471,0.463,0.007,2023-24
1630560,Cam Thomas,1610612751,BKN,G,22.0,65,65,1.0,401,814,0.493,0.468,0.024,2023-24
1630557,Corey Kispert,1610612764,WAS,F,25.0,80,80,1.0,401,813,0.493,0.463,0.031,2023-24
1627752,Taurean Prince,1610612747,LAL,F,30.0,77,77,1.0,407,811,0.502,0.477,0.025,2023-24
1630178,Tyrese Maxey,1610612755,PHI,G,23.0,70,70,1.0,369,805,0.458,0.464,-0.006,2023-24
1627827,Dorian Finney-Smith,1610612751,BKN,F,31.0,67,67,1.0,371,805,0.461,0.48,-0.019,2023-24
1628997,Caleb Martin,1610612748,MIA,F,28.0,64,64,1.0,349,801,0.436,0.464,-0.028,2023-24
202691,Klay Thompson,1610612744,GSW,G,34.0,76,76,1.0,362,793,0.456,0.477,-0.02,2023-24
203110,Draymond Green,1610612744,GSW,F,34.0,55,55,1.0,339,789,0.43,0.495,-0.065,2023-24
1629675,Naz Reid,1610612750,MIN,C-F,24.0,81,81,1.0,374,787,0.475,0.481,-0.006,2023-24
1641764,Brandin Podziemski,1610612744,GSW,G,21.0,72,72,1.0,381,785,0.485,0.466,0.019,2023-24
1628369,Jayson Tatum,1610612738,BOS,F-G,26.0,74,74,1.0,366,784,0.467,0.475,-0.008,2023-24
1626220,Royce O'Neale,1610612756,PHX,F,31.0,78,78,1.0,374,782,0.478,0.469,0.009,2023-24
1629008,Michael Porter Jr.,1610612743,DEN,F,26.0,80,80,1.0,394,782,0.504,0.474,0.029,2023-24
1630245,Ayo Dosunmu,1610612741,CHI,G,24.0,75,75,1.0,372,782,0.476,0.47,0.006,2023-24
203501,Tim Hardaway Jr.,1610612742,DAL,G-F,32.0,79,79,1.0,383,781,0.49,0.467,0.024,2023-24
203952,Andrew Wiggins,1610612744,GSW,F,29.0,71,71,1.0,367,780,0.471,0.474,-0.003,2023-24
1641718,Keyonte George,1610612762,UTA,G,20.0,75,75,1.0,385,778,0.495,0.464,0.031,2023-24
1630200,Tre Jones,1610612759,SAS,G,24.0,77,77,1.0,381,777,0.49,0.46,0.031,2023-24
1626179,Terry Rozier,1610612748,MIA,G,30.0,61,61,1.0,388,776,0.5,0.467,0.033,2023-24
1630193,Immanuel Quickley,1610612761,TOR,G,25.0,68,68,1.0,373,776,0.481,0.465,0.016,2023-24
1630228,Jonathan Kuminga,1610612744,GSW,F,21.0,74,74,1.0,355,773,0.459,0.477,-0.017,2023-24
1629628,RJ Barrett,1610612761,TOR,F-G,24.0,58,58,1.0,376,768,0.49,0.473,0.017,2023-24
1627751,Jakob Poeltl,1610612761,TOR,C,28.0,50,50,1.0,381,768,0.496,0.499,-0.003,2023-24
1630591,Jalen Suggs,1610612753,ORL,G,23.0,75,75,1.0,354,763,0.464,0.465,-0.002,2023-24
1630703,Scoot Henderson,1610612757,POR,G,20.0,62,62,1.0,407,762,0.534,0.471,0.063,2023-24
203915,Spencer Dinwiddie,1610612747,LAL,G,31.0,75,75,1.0,359,761,0.472,0.466,0.005,2023-24
1626172,Kevon Looney,1610612744,GSW,F,28.0,74,74,1.0,350,755,0.464,0.499,-0.035,2023-24
1629627,Zion Williamson,1610612740,NOP,F,23.0,70,70,1.0,357,755,0.473,0.477,-0.004,2023-24
1627759,Jaylen Brown,1610612738,BOS,G-F,27.0,70,70,1.0,338,755,0.448,0.471,-0.024,2023-24
201144,Mike Conley,1610612750,MIN,G,36.0,76,76,1.0,337,752,0.448,0.461,-0.013,2023-24
1630583,Santi Aldama,1610612763,MEM,F-C,23.0,61,61,1.0,356,752,0.473,0.48,-0.006,2023-24
1629638,Nickeil Alexander-Walker,1610612750,MIN,G,25.0,82,82,1.0,324,746,0.434,0.462,-0.028,2023-24
1626162,Kelly Oubre Jr.,1610612755,PHI,F-G,28.0,68,68,1.0,344,739,0.465,0.466,0.0,2023-24
1630175,Cole Anthony,1610612753,ORL,G,24.0,81,81,1.0,349,737,0.474,0.459,0.014,2023-24
1641717,Cason Wallace,1610612760,OKC,G,20.0,82,82,1.0,329,736,0.447,0.459,-0.012,2023-24
1629640,Keldon Johnson,1610612759,SAS,F-G,24.0,69,69,1.0,362,735,0.493,0.476,0.017,2023-24
1626192,Pat Connaughton,1610612749,MIL,G,31.0,76,76,1.0,345,735,0.469,0.459,0.01,2023-24
202704,Reggie Jackson,1610612743,DEN,G,34.0,81,81,1.0,358,732,0.489,0.464,0.025,2023-24
203078,Bradley Beal,1610612756,PHX,G,31.0,53,53,1.0,344,731,0.471,0.467,0.003,2023-24
1630169,Tyrese Haliburton,1610612754,IND,G,24.0,69,69,1.0,386,730,0.529,0.465,0.064,2023-24
1630534,Ochai Agbaji,1610612761,TOR,G,24.0,78,78,1.0,316,725,0.436,0.465,-0.029,2023-24
1630168,Onyeka Okongwu,1610612737,ATL,F-C,23.0,55,55,1.0,363,712,0.51,0.489,0.021,2023-24
1627747,Caris LeVert,1610612739,CLE,G,29.0,68,68,1.0,316,710,0.445,0.468,-0.023,2023-24
2544,LeBron James,1610612747,LAL,F,39.0,70,70,1.0,328,710,0.462,0.48,-0.018,2023-24
1629027,Trae Young,1610612737,ATL,G,25.0,54,54,1.0,359,708,0.507,0.461,0.046,2023-24
1629060,Rui Hachimura,1610612747,LAL,F,26.0,68,68,1.0,341,707,0.482,0.488,-0.006,2023-24
1631114,Jalen Williams,1610612760,OKC,G-F,23.0,71,71,1.0,317,707,0.448,0.473,-0.025,2023-24
1631212,Peyton Watson,1610612743,DEN,G,21.0,79,79,1.0,299,706,0.424,0.47,-0.046,2023-24
1629012,Collin Sexton,1610612762,UTA,G,25.0,78,78,1.0,348,702,0.496,0.468,0.028,2023-24
1629614,Andrew Nembhard,1610612754,IND,G-F,24.0,67,67,1.0,325,700,0.464,0.467,-0.003,2023-24
1641739,Toumani Camara,1610612757,POR,F,24.0,70,70,1.0,348,699,0.498,0.475,0.023,2023-24
203937,Kyle Anderson,1610612750,MIN,F-G,30.0,79,79,1.0,317,698,0.454,0.473,-0.019,2023-24
203484,Kentavious Caldwell-Pope,1610612743,DEN,G,31.0,74,74,1.0,309,696,0.444,0.465,-0.022,2023-24
1627742,Brandon Ingram,1610612740,NOP,F,26.0,64,64,1.0,332,690,0.481,0.474,0.008,2023-24
200768,Kyle Lowry,1610612755,PHI,G,38.0,60,60,1.0,337,685,0.492,0.464,0.028,2023-24
1630700,Dyson Daniels,1610612740,NOP,G,21.0,61,61,1.0,322,683,0.471,0.468,0.003,2023-24
1629631,De'Andre Hunter,1610612737,ATL,F-G,26.0,57,57,1.0,331,682,0.485,0.473,0.012,2023-24
1630573,Sam Hauser,1610612738,BOS,F,26.0,79,79,1.0,323,676,0.478,0.464,0.014,2023-24
1641871,Duop Reath,1610612757,POR,C,28.0,68,68,1.0,325,670,0.485,0.487,-0.002,2023-24
1628976,Wendell Carter Jr.,1610612753,ORL,C-F,25.0,55,55,1.0,330,666,0.495,0.497,-0.002,2023-24
1641709,Ausar Thompson,1610612765,DET,G-F,21.0,63,63,1.0,321,665,0.483,0.471,0.012,2023-24
1627884,Derrick Jones Jr.,1610612742,DAL,F,27.0,76,76,1.0,306,665,0.46,0.471,-0.011,2023-24
1629021,Moritz Wagner,1610612753,ORL,F-C,27.0,80,80,1.0,325,664,0.489,0.485,0.005,2023-24
1626145,Tyus Jones,1610612764,WAS,G,28.0,66,66,1.0,351,664,0.529,0.459,0.07,2023-24
203083,Andre Drummond,1610612741,CHI,C,30.0,78,78,1.0,328,663,0.495,0.502,-0.007,2023-24
1628989,Kevin Huerter,1610612758,SAC,G-F,25.0,63,63,1.0,329,659,0.499,0.468,0.031,2023-24
1629234,Drew Eubanks,1610612756,PHX,F-C,27.0,74,74,1.0,308,658,0.468,0.486,-0.018,2023-24
1628384,OG Anunoby,1610612752,NYK,F-G,26.0,50,50,1.0,284,650,0.437,0.475,-0.038,2023-24
202681,Kyrie Irving,1610612742,DAL,G,32.0,58,58,1.0,317,646,0.491,0.465,0.025,2023-24
1641731,Bilal Coulibaly,1610612764,WAS,G,19.0,62,62,1.0,326,645,0.505,0.469,0.036,2023-24
203944,Julius Randle,1610612752,NYK,F-C,29.0,46,46,1.0,310,644,0.481,0.489,-0.008,2023-24
1630577,Julian Champagnie,1610612759,SAS,F,23.0,74,74,1.0,291,639,0.455,0.473,-0.018,2023-24
202710,Jimmy Butler III,1610612748,MIA,F,34.0,60,60,1.0,302,639,0.473,0.472,0.0,2023-24
1628436,Luke Kornet,1610612738,BOS,C-F,28.0,63,63,1.0,284,638,0.445,0.479,-0.034,2023-24
203967,Dario Saric,1610612744,GSW,F-C,30.0,63,63,1.0,319,634,0.503,0.488,0.016,2023-24
1629312,Haywood Highsmith,1610612748,MIA,F,27.0,64,64,1.0,285,634,0.45,0.466,-0.017,2023-24
1629611,Terance Mann,1610612746,LAC,G-F,27.0,75,75,1.0,317,632,0.502,0.469,0.033,2023-24
1626181,Norman Powell,1610612746,LAC,G,31.0,76,76,1.0,287,629,0.456,0.465,-0.009,2023-24
1630180,Saddiq Bey,1610612737,ATL,G-F,25.0,63,63,1.0,316,629,0.502,0.473,0.03,2023-24
1628963,Marvin Bagley III,1610612764,WAS,F,25.0,50,50,1.0,306,626,0.489,0.496,-0.007,2023-24
1628370,Malik Monk,1610612758,SAC,G,26.0,71,71,1.0,289,623,0.464,0.461,0.003,2023-24
1631218,Trayce Jackson-Davis,1610612744,GSW,F,24.0,67,67,1.0,296,620,0.477,0.486,-0.009,2023-24
1630191,Isaiah Stewart,1610612765,DET,F-C,23.0,46,46,1.0,266,619,0.43,0.484,-0.055,2023-24
1629014,Anfernee Simons,1610612757,POR,G,25.0,46,46,1.0,335,618,0.542,0.475,0.067,2023-24
1631133,Jabari Walker,1610612757,POR,F,21.0,72,72,1.0,293,614,0.477,0.481,-0.004,2023-24
1630171,Isaac Okoro,1610612739,CLE,F-G,23.0,68,68,1.0,276,610,0.452,0.466,-0.013,2023-24
1629636,Darius Garland,1610612739,CLE,G,24.0,57,57,1.0,306,605,0.506,0.46,0.046,2023-24
1630170,Devin Vassell,1610612759,SAS,G-F,23.0,68,68,1.0,313,602,0.52,0.471,0.049,2023-24
1631128,Christian Braun,1610612743,DEN,G,23.0,81,81,1.0,270,601,0.449,0.462,-0.012,2023-24
1631246,Vince Williams Jr.,1610612763,MEM,G,23.0,50,50,1.0,293,601,0.488,0.474,0.014,2023-24
1629639,Tyler Herro,1610612748,MIA,G,24.0,42,42,1.0,264,599,0.441,0.46,-0.019,2023-24
1630530,Trey Murphy III,1610612740,NOP,F,24.0,57,57,1.0,245,591,0.415,0.469,-0.055,2023-24
201976,Patrick Beverley,1610612749,MIL,G,35.0,72,72,1.0,260,587,0.443,0.469,-0.026,2023-24
203924,Jerami Grant,1610612757,POR,F,30.0,54,54,1.0,299,584,0.512,0.483,0.029,2023-24
1631323,Simone Fontecchio,1610612765,DET,F,28.0,66,66,1.0,268,581,0.461,0.476,-0.014,2023-24
1630598,Aaron Wiggins,1610612760,OKC,G,25.0,78,78,1.0,256,578,0.443,0.465,-0.023,2023-24
1629130,Duncan Robinson,1610612748,MIA,F,30.0,68,68,1.0,269,575,0.468,0.461,0.007,2023-24
203114,Khris Middleton,1610612749,MIL,F,32.0,55,55,1.0,259,573,0.452,0.466,-0.014,2023-24
1630167,Obi Toppin,1610612754,IND,F,26.0,82,82,1.0,278,572,0.486,0.478,0.008,2023-24
1628464,Daniel Theis,1610612746,LAC,F-C,32.0,60,60,1.0,271,570,0.475,0.483,-0.007,2023-24
201145,Jeff Green,1610612745,HOU,F,37.0,77,77,1.0,241,561,0.43,0.472,-0.043,2023-24
1630164,James Wiseman,1610612765,DET,C,23.0,63,63,1.0,270,559,0.483,0.493,-0.01,2023-24
1630540,Miles McBride,1610612752,NYK,G,23.0,64,64,1.0,253,555,0.456,0.459,-0.004,2023-24
1630182,Josh Green,1610612742,DAL,G,23.0,57,57,1.0,274,552,0.496,0.461,0.035,2023-24
201587,Nicolas Batum,1610612755,PHI,G-F,35.0,59,59,1.0,245,549,0.446,0.467,-0.021,2023-24
1629661,Cameron Johnson,1610612751,BKN,F,28.0,57,57,1.0,261,549,0.475,0.468,0.007,2023-24
1630202,Payton Pritchard,1610612738,BOS,G,26.0,82,82,1.0,267,546,0.489,0.455,0.034,2023-24
1630198,Isaiah Joe,1610612760,OKC,G,24.0,77,77,1.0,264,544,0.485,0.465,0.021,2023-24
101108,Chris Paul,1610612744,GSW,G,39.0,58,58,1.0,263,543,0.484,0.46,0.024,2023-24
1629680,Matisse Thybulle,1610612757,POR,G-F,27.0,65,65,1.0,261,543,0.481,0.468,0.013,2023-24
1626204,Larry Nance Jr.,1610612740,NOP,F-C,31.0,61,61,1.0,266,527,0.505,0.499,0.006,2023-24
203903,Jordan Clarkson,1610612762,UTA,G,32.0,55,55,1.0,260,521,0.499,0.469,0.03,2023-24
1629599,Amir Coffey,1610612746,LAC,G-F,27.0,66,66,1.0,249,520,0.479,0.459,0.019,2023-24
201569,Eric Gordon,1610612756,PHX,G,35.0,68,68,1.0,234,519,0.451,0.466,-0.016,2023-24
203939,Dwight Powell,1610612742,DAL,F-C,32.0,58,58,1.0,239,514,0.465,0.477,-0.012,2023-24
1627739,Kris Dunn,1610612762,UTA,G,30.0,63,63,1.0,219,514,0.426,0.472,-0.046,2023-24
1630217,Desmond Bane,1610612763,MEM,G,26.0,42,42,1.0,236,509,0.464,0.471,-0.008,2023-24
1631097,Bennedict Mathurin,1610612754,IND,G-F,22.0,59,59,1.0,277,508,0.545,0.471,0.074,2023-24
1630214,Xavier Tillman,1610612738,BOS,F,25.0,54,54,1.0,237,507,0.467,0.49,-0.022,2023-24
1630549,Day'Ron Sharpe,1610612751,BKN,C,22.0,60,60,1.0,248,506,0.49,0.49,0.0,2023-24
1629637,Jaxson Hayes,1610612747,LAL,C-F,24.0,67,67,1.0,231,504,0.458,0.483,-0.025,2023-24
1630188,Jalen Smith,1610612754,IND,F-C,24.0,61,61,1.0,256,504,0.508,0.487,0.021,2023-24
1631119,Jaylin Williams,1610612760,OKC,F,22.0,69,69,1.0,250,503,0.497,0.486,0.011,2023-24
1629048,Goga Bitadze,1610612753,ORL,C-F,24.0,58,58,1.0,251,500,0.502,0.5,0.002,2023-24
1628378,Donovan Mitchell,1610612739,CLE,G,27.0,55,55,1.0,238,500,0.476,0.47,0.006,2023-24
1630230,Naji Marshall,1610612740,NOP,F,26.0,66,66,1.0,213,498,0.428,0.47,-0.042,2023-24
1628467,Maxi Kleber,1610612742,DAL,F,32.0,43,43,1.0,213,494,0.431,0.483,-0.052,2023-24
1629018,Gary Trent Jr.,1610612761,TOR,G,25.0,71,71,1.0,253,492,0.514,0.464,0.05,2023-24
1629723,John Konchar,1610612763,MEM,G,28.0,53,53,1.0,244,491,0.497,0.465,0.032,2023-24
201566,Russell Westbrook,1610612746,LAC,G,35.0,68,68,1.0,214,491,0.436,0.465,-0.03,2023-24
1626168,Trey Lyles,1610612758,SAC,F,28.0,58,58,1.0,239,488,0.49,0.478,0.012,2023-24
1641711,Gradey Dick,1610612761,TOR,G-F,20.0,58,58,1.0,252,483,0.522,0.466,0.056,2023-24
1631204,Marcus Sasser,1610612765,DET,G,23.0,69,69,1.0,235,482,0.488,0.456,0.031,2023-24
202711,Bojan Bogdanovic,1610612752,NYK,F,35.0,57,57,1.0,251,469,0.535,0.472,0.063,2023-24
1641708,Amen Thompson,1610612745,HOU,G-F,21.0,61,61,1.0,211,466,0.453,0.463,-0.01,2023-24
1641710,Anthony Black,1610612753,ORL,G,20.0,60,60,1.0,219,465,0.471,0.466,0.005,2023-24
1631223,David Roddy,1610612756,PHX,F,23.0,61,61,1.0,210,463,0.454,0.473,-0.019,2023-24
1631103,Malaki Branham,1610612759,SAS,F,21.0,74,74,1.0,242,452,0.535,0.464,0.071,2023-24
1626224,Cedi Osman,1610612759,SAS,F,29.0,72,72,1.0,239,451,0.53,0.469,0.061,2023-24
1641722,Jordan Hawkins,1610612740,NOP,G,22.0,62,62,1.0,201,450,0.447,0.459,-0.012,2023-24
1628988,Aaron Holiday,1610612745,HOU,G,27.0,77,77,1.0,210,440,0.477,0.46,0.017,2023-24
1630541,Moses Moody,1610612744,GSW,G,22.0,64,64,1.0,185,439,0.421,0.462,-0.041,2023-24
203486,Mason Plumlee,1610612746,LAC,F-C,34.0,44,44,1.0,210,438,0.479,0.498,-0.018,2023-24
1629731,Dean Wade,1610612739,CLE,F-C,27.0,52,52,1.0,206,435,0.474,0.479,-0.005,2023-24
204456,T.J. McConnell,1610612754,IND,G,32.0,71,71,1.0,228,435,0.524,0.461,0.063,2023-24
1626196,Josh Richardson,1610612748,MIA,G,30.0,42,42,1.0,214,434,0.493,0.46,0.033,2023-24
1628470,Torrey Craig,1610612741,CHI,F,33.0,53,53,1.0,213,432,0.493,0.476,0.017,2023-24
1631108,Max Christie,1610612747,LAL,G,21.0,61,61,1.0,191,429,0.445,0.461,-0.016,2023-24
1630172,Patrick Williams,1610612741,CHI,F,22.0,42,42,1.0,208,428,0.486,0.486,0.0,2023-24
1630692,Jordan Goodwin,1610612763,MEM,G,25.0,55,55,1.0,197,423,0.466,0.464,0.002,2023-24
1626166,Cameron Payne,1610612755,PHI,G,29.0,77,77,1.0,203,420,0.483,0.462,0.022,2023-24
1628372,Dennis Smith Jr.,1610612751,BKN,G,26.0,55,55,1.0,186,419,0.444,0.46,-0.016,2023-24
1629001,De'Anthony Melton,1610612755,PHI,G,26.0,38,38,1.0,211,418,0.505,0.465,0.04,2023-24
1626174,Christian Wood,1610612747,LAL,F,28.0,49,49,1.0,181,414,0.437,0.475,-0.038,2023-24
203109,Jae Crowder,1610612749,MIL,F,33.0,50,50,1.0,181,414,0.437,0.471,-0.033,2023-24
202687,Bismack Biyombo,1610612760,OKC,C,31.0,38,38,1.0,200,412,0.485,0.496,-0.011,2023-24
1629111,Jock Landale,1610612745,HOU,C,28.0,55,55,1.0,182,411,0.443,0.48,-0.037,2023-24
1630543,Isaiah Jackson,1610612754,IND,F,22.0,55,55,1.0,191,407,0.469,0.486,-0.016,2023-24
1629659,Talen Horton-Tucker,1610612762,UTA,G,23.0,51,51,1.0,202,406,0.498,0.463,0.034,2023-24
1630256,Jae'Sean Tate,1610612745,HOU,F,28.0,65,65,1.0,174,406,0.429,0.47,-0.041,2023-24
1630165,Killian Hayes,1610612765,DET,G,22.0,42,42,1.0,215,403,0.533,0.466,0.068,2023-24
1631107,Nikola Jović,1610612748,MIA,F,21.0,44,44,1.0,196,402,0.488,0.481,0.006,2023-24
1641713,GG Jackson,1610612763,MEM,F,19.0,46,46,1.0,196,401,0.489,0.474,0.014,2023-24
203995,Vasilije Micic,1610612766,CHA,G,30.0,60,60,1.0,202,401,0.504,0.468,0.036,2023-24
1630558,Davion Mitchell,1610612758,SAC,G,25.0,68,68,1.0,194,400,0.485,0.458,0.027,2023-24
1641707,Taylor Hendricks,1610612762,UTA,F,20.0,40,40,1.0,206,397,0.519,0.474,0.045,2023-24
1631165,Keon Ellis,1610612758,SAC,G,24.0,55,55,1.0,180,396,0.455,0.469,-0.014,2023-24
202692,Alec Burks,1610612752,NYK,G,32.0,64,64,1.0,186,390,0.477,0.466,0.011,2023-24
202330,Gordon Hayward,1610612760,OKC,F,34.0,51,51,1.0,177,390,0.454,0.469,-0.015,2023-24
1630544,Tre Mann,1610612766,CHA,G,23.0,36,36,1.0,200,388,0.515,0.462,0.054,2023-24
203914,Gary Harris,1610612753,ORL,G,29.0,54,54,1.0,185,387,0.478,0.459,0.019,2023-24
1628964,Mo Bamba,1610612755,PHI,C,26.0,55,55,1.0,193,387,0.499,0.501,-0.003,2023-24
201567,Kevin Love,1610612748,MIA,F-C,35.0,55,55,1.0,179,384,0.466,0.497,-0.031,2023-24
203926,Doug McDermott,1610612754,IND,F,32.0,63,63,1.0,190,381,0.499,0.457,0.042,2023-24
1630533,Ziaire Williams,1610612763,MEM,F,22.0,48,48,1.0,186,381,0.488,0.466,0.022,2023-24
1629026,Kenrich Williams,1610612760,OKC,G-F,29.0,69,69,1.0,202,380,0.532,0.47,0.062,2023-24
203957,Dante Exum,1610612742,DAL,G,28.0,54,54,1.0,195,379,0.515,0.467,0.048,2023-24
1631200,Kris Murray,1610612757,POR,F,23.0,54,54,1.0,184,377,0.488,0.471,0.017,2023-24
1629006,Josh Okogie,1610612756,PHX,G,25.0,58,58,1.0,178,376,0.473,0.467,0.006,2023-24
1630201,Malachi Flynn,1610612765,DET,G,26.0,63,63,1.0,195,375,0.52,0.451,0.069,2023-24
1628972,Troy Brown Jr.,1610612765,DET,G-F,24.0,56,56,1.0,207,372,0.556,0.464,0.092,2023-24
1627763,Malcolm Brogdon,1610612757,POR,G,31.0,39,39,1.0,178,370,0.481,0.474,0.007,2023-24
1631101,Shaedon Sharpe,1610612757,POR,G,21.0,32,32,1.0,195,369,0.528,0.467,0.061,2023-24
1630631,Jose Alvarado,1610612740,NOP,G,26.0,55,55,1.0,160,364,0.44,0.465,-0.026,2023-24
1629629,Cam Reddish,1610612747,LAL,F-G,24.0,47,47,1.0,185,363,0.51,0.469,0.041,2023-24
1630570,Trendon Watford,1610612751,BKN,F,23.0,55,55,1.0,178,363,0.49,0.472,0.019,2023-24
1628975,Jevon Carter,1610612741,CHI,G,28.0,70,70,1.0,171,362,0.472,0.458,0.015,2023-24
1629726,Garrison Mathews,1610612737,ATL,G,27.0,66,66,1.0,179,360,0.497,0.456,0.042,2023-24
1629011,Mitchell Robinson,1610612752,NYK,C-F,26.0,31,31,1.0,187,359,0.521,0.499,0.022,2023-24
1628371,Jonathan Isaac,1610612753,ORL,F,26.0,58,58,1.0,149,354,0.421,0.481,-0.06,2023-24
1630537,Chris Duarte,1610612758,SAC,G,27.0,55,55,1.0,175,352,0.497,0.461,0.036,2023-24
1629656,Quentin Grimes,1610612765,DET,G,24.0,51,51,1.0,168,345,0.487,0.457,0.03,2023-24
1629002,Chimezie Metu,1610612765,DET,F-C,27.0,47,47,1.0,159,344,0.462,0.466,-0.004,2023-24
1628379,Luke Kennard,1610612763,MEM,G,28.0,39,39,1.0,178,344,0.517,0.468,0.049,2023-24
1630625,Dalano Banton,1610612757,POR,F,24.0,49,49,1.0,157,341,0.46,0.459,0.002,2023-24
1631104,Blake Wesley,1610612759,SAS,G,21.0,59,59,1.0,170,336,0.506,0.459,0.047,2023-24
1631222,Jake LaRavia,1610612763,MEM,F,22.0,34,34,1.0,166,335,0.496,0.466,0.03,2023-24
1630241,Sam Merrill,1610612739,CLE,G,28.0,57,57,1.0,138,331,0.417,0.455,-0.039,2023-24
1630702,Jaden Hardy,1610612742,DAL,G,21.0,66,66,1.0,174,329,0.529,0.462,0.067,2023-24
1629022,Lonnie Walker IV,1610612751,BKN,G-F,25.0,56,56,1.0,137,324,0.423,0.457,-0.034,2023-24
1628365,Markelle Fultz,1610612753,ORL,G,26.0,43,43,1.0,161,320,0.503,0.458,0.045,2023-24
1631121,Bryce McGowens,1610612766,CHA,G,21.0,54,54,1.0,148,319,0.464,0.468,-0.004,2023-24
1630550,JT Thor,1610612766,CHA,F,21.0,57,57,1.0,153,313,0.489,0.476,0.013,2023-24
1628981,Bruno Fernando,1610612737,ATL,F-C,25.0,42,42,1.0,165,312,0.529,0.489,0.04,2023-24
1628998,Cody Martin,1610612766,CHA,F,28.0,28,28,1.0,135,311,0.434,0.466,-0.032,2023-24
202397,Ish Smith,1610612766,CHA,G,35.0,43,43,1.0,155,307,0.505,0.462,0.042,2023-24
1629013,Landry Shamet,1610612764,WAS,G,27.0,46,46,1.0,153,307,0.498,0.466,0.032,2023-24
1641998,Trey Jemison III,1610612763,MEM,C,24.0,23,23,1.0,148,306,0.484,0.501,-0.017,2023-24
203488,Mike Muscala,1610612760,OKC,F-C,33.0,47,47,1.0,153,306,0.5,0.49,0.01,2023-24
1630192,Zeke Nnaji,1610612743,DEN,F-C,23.0,52,52,1.0,128,304,0.421,0.459,-0.038,2023-24
1628449,Chris Boucher,1610612761,TOR,F,31.0,49,49,1.0,143,297,0.481,0.466,0.015,2023-24
203897,Zach LaVine,1610612741,CHI,G,29.0,25,25,1.0,136,293,0.464,0.463,0.001,2023-24
1641767,Ben Sheppard,1610612754,IND,G,22.0,52,52,1.0,146,292,0.5,0.463,0.037,2023-24
1626153,Delon Wright,1610612748,MIA,G,32.0,45,45,1.0,140,287,0.488,0.456,0.032,2023-24
1629670,Jordan Nwora,1610612761,TOR,F,25.0,46,46,1.0,132,283,0.466,0.466,0.001,2023-24
1628966,Keita Bates-Diop,1610612751,BKN,F,28.0,48,48,1.0,127,281,0.452,0.466,-0.014,2023-24
203200,Justin Holiday,1610612743,DEN,F-G,35.0,52,52,1.0,120,280,0.429,0.462,-0.033,2023-24
204060,Joe Ingles,1610612753,ORL,F-G,36.0,68,68,1.0,132,278,0.475,0.456,0.019,2023-24
1630209,Omer Yurtseven,1610612762,UTA,C,26.0,42,42,1.0,153,273,0.56,0.49,0.07,2023-24
202722,Davis Bertans,1610612766,CHA,F,31.0,38,38,1.0,133,271,0.491,0.462,0.029,2023-24
1631109,Mark Williams,1610612766,CHA,C,22.0,19,19,1.0,144,269,0.535,0.509,0.027,2023-24
202694,Marcus Morris Sr.,1610612739,CLE,F,34.0,47,47,1.0,137,269,0.509,0.47,0.04,2023-24
201568,Danilo Gallinari,1610612749,MIL,F,35.0,47,47,1.0,139,268,0.519,0.484,0.035,2023-24
1641715,Cam Whitmore,1610612745,HOU,F,19.0,44,44,1.0,127,264,0.481,0.457,0.024,2023-24
1631230,Dominick Barlow,1610612759,SAS,F,21.0,30,30,1.0,131,263,0.498,0.496,0.002,2023-24
202684,Tristan Thompson,1610612739,CLE,C-F,33.0,42,42,1.0,114,260,0.438,0.482,-0.044,2023-24
1627780,Gary Payton II,1610612744,GSW,G,31.0,44,44,1.0,115,259,0.444,0.47,-0.026,2023-24
1630579,Jericho Sims,1610612752,NYK,C,25.0,39,39,1.0,131,256,0.512,0.497,0.015,2023-24
1630699,MarJon Beauchamp,1610612749,MIL,F,23.0,45,45,1.0,117,256,0.457,0.459,-0.002,2023-24
1626158,Richaun Holmes,1610612764,WAS,F,30.0,38,38,1.0,139,255,0.545,0.495,0.05,2023-24
1629667,Jalen McDaniels,1610612761,TOR,F,26.0,46,46,1.0,122,254,0.48,0.469,0.011,2023-24
1641854,Craig Porter Jr.,1610612739,CLE,G,24.0,47,47,1.0,126,254,0.496,0.452,0.044,2023-24
1641733,Nick Smith Jr.,1610612766,CHA,G,20.0,48,48,1.0,120,248,0.484,0.452,0.032,2023-24
1630205,Lamar Stevens,1610612763,MEM,F,26.0,36,36,1.0,110,241,0.456,0.476,-0.02,2023-24
1631216,Caleb Houstan,1610612753,ORL,G,21.0,52,52,1.0,111,235,0.472,0.458,0.014,2023-24
1630231,KJ Martin,1610612755,PHI,F,23.0,50,50,1.0,115,234,0.491,0.473,0.019,2023-24
1631367,Jacob Gilyard,1610612751,BKN,G,25.0,39,39,1.0,122,233,0.524,0.458,0.065,2023-24
203458,Alex Len,1610612758,SAC,C,31.0,43,43,1.0,108,230,0.47,0.476,-0.006,2023-24
1631260,AJ Green,1610612749,MIL,G,24.0,48,48,1.0,108,230,0.47,0.459,0.011,2023-24
1630215,Jared Butler,1610612764,WAS,G,23.0,36,36,1.0,109,229,0.476,0.458,0.018,2023-24
1630590,Scotty Pippen Jr.,1610612763,MEM,G,23.0,21,21,1.0,104,227,0.458,0.469,-0.011,2023-24
1631207,Dalen Terry,1610612741,CHI,F,21.0,52,52,1.0,92,225,0.409,0.461,-0.052,2023-24
1630572,Sandro Mamukelashvili,1610612759,SAS,F-C,25.0,44,44,1.0,106,223,0.475,0.476,0.0,2023-24
1629052,Oshae Brissett,1610612738,BOS,F-G,26.0,53,53,1.0,100,223,0.448,0.458,-0.01,2023-24
1630592,Jalen Wilson,1610612751,BKN,F,23.0,38,38,1.0,100,220,0.455,0.458,-0.003,2023-24
1630264,Anthony Gill,1610612764,WAS,F,31.0,40,40,1.0,110,215,0.512,0.478,0.034,2023-24
1628426,Sasha Vezenkov,1610612758,SAC,F,28.0,41,41,1.0,102,214,0.477,0.468,0.009,2023-24
1630538,Bones Hyland,1610612746,LAC,G,23.0,34,34,1.0,106,212,0.5,0.464,0.036,2023-24
1630163,LaMelo Ball,1610612766,CHA,G,22.0,22,22,1.0,124,212,0.585,0.47,0.114,2023-24
1629020,Jarred Vanderbilt,1610612747,LAL,F,25.0,29,29,1.0,108,210,0.514,0.477,0.037,2023-24
1641729,Brice Sensabaugh,1610612762,UTA,F,20.0,29,29,1.0,98,210,0.467,0.459,0.008,2023-24
1631098,Johnny Davis,1610612764,WAS,G,22.0,44,44,1.0,113,210,0.538,0.465,0.073,2023-24
203095,Evan Fournier,1610612765,DET,G-F,31.0,32,32,1.0,101,210,0.481,0.459,0.022,2023-24
1628418,Thomas Bryant,1610612748,MIA,C-F,26.0,37,37,1.0,116,208,0.558,0.5,0.058,2023-24
1627863,Danuel House Jr.,1610612755,PHI,F-G,31.0,34,34,1.0,94,208,0.452,0.464,-0.012,2023-24
1641748,Andre Jackson Jr.,1610612749,MIL,G,22.0,48,48,1.0,113,208,0.543,0.475,0.069,2023-24
1629626,Bol Bol,1610612756,PHX,C-F,24.0,39,39,1.0,77,208,0.37,0.466,-0.096,2023-24
1629007,Jontay Porter,1610612765,DET,C-F,24.0,24,24,1.0,107,206,0.519,0.488,0.031,2023-24
200782,P.J. Tucker,1610612746,LAC,F,39.0,31,31,1.0,94,206,0.456,0.48,-0.024,2023-24
201152,Thaddeus Young,1610612756,PHX,F,36.0,32,32,1.0,102,204,0.5,0.485,0.015,2023-24
1631116,Patrick Baldwin Jr.,1610612764,WAS,F,21.0,36,36,1.0,97,203,0.478,0.466,0.012,2023-24
1629674,Neemias Queta,1610612738,BOS,C,24.0,27,27,1.0,91,202,0.45,0.472,-0.022,2023-24
1629162,Jordan McLaughlin,1610612750,MIN,G,28.0,52,52,1.0,93,201,0.463,0.461,0.001,2023-24
1630249,Vít Krejčí,1610612737,ATL,G,24.0,22,22,1.0,102,200,0.51,0.461,0.049,2023-24
1630197,Aleksej Pokusevski,1610612766,CHA,F,22.0,28,28,1.0,100,200,0.5,0.462,0.038,2023-24
203496,Robert Covington,1610612755,PHI,F,33.0,27,27,1.0,84,198,0.424,0.467,-0.043,2023-24
203552,Seth Curry,1610612766,CHA,G,33.0,39,39,1.0,93,198,0.47,0.456,0.014,2023-24
1629139,Yuta Watanabe,1610612763,MEM,G-F,29.0,32,32,1.0,96,195,0.492,0.467,0.025,2023-24
1630531,Jaden Springer,1610612738,BOS,G,21.0,39,39,1.0,94,195,0.482,0.459,0.023,2023-24
1641730,Noah Clowney,1610612751,BKN,F,19.0,21,21,1.0,97,194,0.5,0.469,0.031,2023-24
1629003,Shake Milton,1610612752,NYK,G-F,27.0,45,45,1.0,99,194,0.51,0.459,0.051,2023-24
1630647,Eugene Omoruyi,1610612764,WAS,F,27.0,37,37,1.0,95,193,0.492,0.463,0.029,2023-24
1628995,Kevin Knox II,1610612757,POR,F,24.0,31,31,1.0,95,191,0.497,0.466,0.032,2023-24
1641712,Rayan Rupert,1610612757,POR,G-F,20.0,36,36,1.0,97,189,0.513,0.463,0.05,2023-24
1629642,Nassir Little,1610612756,PHX,F-G,24.0,38,38,1.0,88,188,0.468,0.466,0.002,2023-24
1641877,Nate Mensah,1610612766,CHA,C,26.0,25,25,1.0,102,186,0.548,0.487,0.061,2023-24
1631106,Tari Eason,1610612745,HOU,F,23.0,22,22,1.0,79,183,0.432,0.468,-0.037,2023-24
201599,DeAndre Jordan,1610612743,DEN,C,35.0,33,33,1.0,87,182,0.478,0.498,-0.02,2023-24
203935,Marcus Smart,1610612763,MEM,G,30.0,20,20,1.0,74,180,0.411,0.48,-0.069,2023-24
202083,Wesley Matthews,1610612737,ATL,G,37.0,36,36,1.0,85,179,0.475,0.468,0.006,2023-24
1631303,Justin Minaya,1610612757,POR,F,25.0,27,27,1.0,75,175,0.429,0.462,-0.033,2023-24
1630526,Jeremiah Robinson-Earl,1610612740,NOP,F,23.0,30,30,1.0,86,175,0.491,0.467,0.025,2023-24
1629643,Chuma Okeke,1610612753,ORL,F,25.0,40,40,1.0,81,175,0.463,0.462,0.0,2023-24
1641787,Tosan Evbuomwan,1610612765,DET,F,23.0,17,17,1.0,94,174,0.54,0.48,0.061,2023-24
1631124,Julian Strawther,1610612743,DEN,G,22.0,44,44,1.0,76,174,0.437,0.453,-0.016,2023-24
1630235,Trent Forrest,1610612737,ATL,G,26.0,37,37,1.0,81,173,0.468,0.455,0.014,2023-24
1628420,Monte Morris,1610612750,MIN,G,29.0,32,32,1.0,77,170,0.453,0.456,-0.004,2023-24
1630587,Isaiah Livers,1610612765,DET,F,25.0,23,23,1.0,89,170,0.524,0.471,0.053,2023-24
201580,JaVale McGee,1610612758,SAC,C-F,36.0,44,44,1.0,72,166,0.434,0.49,-0.056,2023-24
1630346,Matt Ryan,1610612740,NOP,F,27.0,25,25,1.0,78,164,0.476,0.463,0.013,2023-24
1630527,Brandon Boston Jr.,1610612746,LAC,G,22.0,28,28,1.0,79,161,0.491,0.459,0.031,2023-24
203469,Cody Zeller,1610612740,NOP,F-C,31.0,38,38,1.0,78,156,0.5,0.485,0.015,2023-24
1629677,Luka Samanic,1610612762,UTA,F,24.0,35,35,1.0,69,151,0.457,0.463,-0.006,2023-24
203493,Reggie Bullock Jr.,1610612745,HOU,G-F,33.0,39,39,1.0,70,148,0.473,0.453,0.02,2023-24
1630219,Skylar Mays,1610612747,LAL,G,26.0,31,31,1.0,65,148,0.439,0.46,-0.021,2023-24
1627732,Ben Simmons,1610612751,BKN,G-F,27.0,15,15,1.0,77,147,0.524,0.484,0.04,2023-24
1631172,Ousmane Dieng,1610612760,OKC,F,21.0,31,31,1.0,63,146,0.432,0.449,-0.017,2023-24
1631311,Lester Quiñones,1610612744,GSW,G,23.0,31,31,1.0,74,146,0.507,0.45,0.057,2023-24
1631241,Javon Freeman-Liberty,1610612761,TOR,G,24.0,19,19,1.0,76,146,0.521,0.471,0.05,2023-24
1629650,Moses Brown,1610612757,POR,C,24.0,22,22,1.0,69,145,0.476,0.492,-0.016,2023-24
1630548,Johnny Juzang,1610612762,UTA,G,23.0,18,18,1.0,67,142,0.472,0.456,0.016,2023-24
1631115,Orlando Robinson,1610612748,MIA,C,23.0,29,29,1.0,72,141,0.511,0.505,0.006,2023-24
1627745,Damian Jones,1610612739,CLE,C,29.0,33,33,1.0,60,139,0.432,0.468,-0.036,2023-24
201988,Patty Mills,1610612748,MIA,G,35.0,30,30,1.0,67,135,0.496,0.452,0.044,2023-24
202066,Garrett Temple,1610612761,TOR,G-F,38.0,25,25,1.0,60,134,0.448,0.468,-0.021,2023-24
1629630,Ja Morant,1610612763,MEM,G,24.0,9,9,1.0,73,131,0.557,0.472,0.086,2023-24
1641738,Kobe Brown,1610612746,LAC,F,24.0,34,34,1.0,57,131,0.435,0.459,-0.023,2023-24
1630556,Kessler Edwards,1610612758,SAC,F,23.0,41,41,1.0,62,129,0.481,0.455,0.026,2023-24
1630322,Lindy Waters III,1610612760,OKC,F,26.0,29,29,1.0,51,129,0.395,0.442,-0.047,2023-24
1630641,Ibou Badji,1610612757,POR,C,21.0,19,19,1.0,59,127,0.465,0.492,-0.027,2023-24
1641765,Olivier-Maxence Prosper,1610612742,DAL,F,21.0,29,29,1.0,59,125,0.472,0.447,0.025,2023-24
201565,Derrick Rose,1610612763,MEM,G,35.0,24,24,1.0,70,124,0.565,0.461,0.104,2023-24
1641763,Julian Phillips,1610612741,CHI,F,20.0,30,30,1.0,61,121,0.504,0.47,0.034,2023-24
1630649,Stanley Umude,1610612765,DET,G,25.0,19,19,1.0,62,121,0.512,0.461,0.051,2023-24
1629004,Svi Mykhailiuk,1610612738,BOS,G-F,27.0,36,36,1.0,42,118,0.356,0.448,-0.092,2023-24
202709,Cory Joseph,1610612744,GSW,G,32.0,24,24,1.0,56,116,0.483,0.466,0.017,2023-24
1641716,Jarace Walker,1610612754,IND,F,20.0,28,28,1.0,60,115,0.522,0.461,0.061,2023-24
1631288,Jamal Cain,1610612748,MIA,F,25.0,19,19,1.0,48,113,0.425,0.452,-0.027,2023-24
1641931,Onuralp Bitim,1610612741,CHI,F,25.0,20,20,1.0,50,111,0.45,0.44,0.01,2023-24
1641778,Leaky Black,1610612766,CHA,F,25.0,25,25,1.0,49,110,0.445,0.478,-0.033,2023-24
1630611,Gui Santos,1610612744,GSW,F,22.0,21,21,1.0,56,107,0.523,0.446,0.077,2023-24
1630551,Justin Champagnie,1610612764,WAS,G-F,23.0,15,15,1.0,52,107,0.486,0.454,0.032,2023-24
1630639,A.J. Lawson,1610612742,DAL,G,23.0,29,29,1.0,56,107,0.523,0.46,0.063,2023-24
1631221,Collin Gillespie,1610612743,DEN,G,25.0,18,18,1.0,43,102,0.422,0.439,-0.018,2023-24
1641741,Ricky Council IV,1610612755,PHI,G,22.0,28,28,1.0,55,101,0.545,0.459,0.086,2023-24
202693,Markieff Morris,1610612742,DAL,F,34.0,24,24,1.0,50,98,0.51,0.456,0.055,2023-24
1630695,Micah Potter,1610612762,UTA,C,26.0,14,14,1.0,47,97,0.485,0.486,-0.002,2023-24
1629646,Charles Bassey,1610612759,SAS,C-F,23.0,18,18,1.0,48,96,0.5,0.511,-0.011,2023-24
1628984,Devonte' Graham,1610612759,SAS,G,29.0,21,21,1.0,42,96,0.438,0.457,-0.019,2023-24
1631338,Mouhamadou Gueye,1610612761,TOR,F,25.0,11,11,1.0,43,95,0.453,0.485,-0.033,2023-24
1630204,Ashton Hagans,1610612757,POR,G-F,24.0,18,18,1.0,37,93,0.398,0.451,-0.053,2023-24
1641723,Kobe Bufkin,1610612737,ATL,G,20.0,16,16,1.0,49,89,0.551,0.453,0.098,2023-24
1630678,Terry Taylor,1610612741,CHI,F,24.0,21,21,1.0,35,88,0.398,0.464,-0.066,2023-24
201959,Taj Gibson,1610612765,DET,F,39.0,17,17,1.0,39,88,0.443,0.493,-0.05,2023-24
1631254,Kenneth Lofton Jr.,1610612762,UTA,F,21.0,18,18,1.0,40,87,0.46,0.461,-0.001,2023-24
1641774,Tristan Vukcevic,1610612764,WAS,F,21.0,8,8,1.0,35,86,0.407,0.494,-0.087,2023-24
1630177,Theo Maledon,1610612756,PHX,G,23.0,16,16,1.0,38,86,0.442,0.459,-0.018,2023-24
1630184,Kira Lewis Jr.,1610612762,UTA,G,23.0,22,22,1.0,38,86,0.442,0.462,-0.02,2023-24
1631197,Jared Rhoden,1610612765,DET,G,24.0,16,16,1.0,38,86,0.442,0.45,-0.009,2023-24
1629669,Jaylen Nowell,1610612758,SAC,G,24.0,11,11,1.0,32,82,0.39,0.462,-0.071,2023-24
1629216,Gabe Vincent,1610612747,LAL,G,28.0,11,11,1.0,35,82,0.427,0.444,-0.017,2023-24
1630243,Trevelin Queen,1610612753,ORL,G,27.0,13,13,1.0,26,77,0.338,0.466,-0.129,2023-24
1629647,Darius Bazley,1610612762,UTA,F,24.0,8,8,1.0,39,77,0.506,0.461,0.046,2023-24
1629057,Robert Williams III,1610612757,POR,C-F,26.0,6,6,1.0,33,74,0.446,0.488,-0.042,2023-24
1627788,Furkan Korkmaz,1610612755,PHI,G-F,26.0,26,26,1.0,37,73,0.507,0.46,0.046,2023-24
1628962,Udoka Azubuike,1610612756,PHX,C-F,24.0,15,15,1.0,29,71,0.408,0.488,-0.08,2023-24
1630240,Saben Lee,1610612756,PHX,G,25.0,18,18,1.0,32,68,0.471,0.468,0.002,2023-24
1629750,Javonte Green,1610612741,CHI,G,30.0,9,9,1.0,34,68,0.5,0.487,0.013,2023-24
1631100,AJ Griffin,1610612737,ATL,F,20.0,19,19,1.0,32,67,0.478,0.462,0.016,2023-24
1629716,Marques Bolden,1610612766,CHA,C,26.0,10,10,1.0,34,66,0.515,0.514,0.001,2023-24
203648,Thanasis Antetokounmpo,1610612749,MIL,F,31.0,24,24,1.0,20,64,0.313,0.448,-0.136,2023-24
1630314,Brandon Williams,1610612742,DAL,G,24.0,15,15,1.0,34,63,0.54,0.435,0.104,2023-24
1630562,Matt Hurt,1610612763,MEM,F,24.0,7,7,1.0,30,63,0.476,0.455,0.021,2023-24
1630568,Luka Garza,1610612750,MIN,C,25.0,19,19,1.0,31,61,0.508,0.481,0.027,2023-24
1630285,Zavier Simpson,1610612765,DET,G,27.0,7,7,1.0,27,61,0.443,0.454,-0.012,2023-24
203490,Otto Porter Jr.,1610612761,TOR,F,31.0,14,14,1.0,23,61,0.377,0.464,-0.087,2023-24
1631262,Jules Bernard,1610612764,WAS,G,24.0,15,15,1.0,32,59,0.542,0.463,0.079,2023-24
1641732,Colby Jones,1610612758,SAC,G,22.0,20,20,1.0,27,58,0.466,0.45,0.016,2023-24
1629875,Xavier Moon,1610612746,LAC,G,29.0,11,11,1.0,30,58,0.517,0.443,0.074,2023-24
1630696,Dru Smith,1610612748,MIA,G,26.0,8,8,1.0,31,55,0.564,0.468,0.096,2023-24
1631466,Nate Williams,1610612745,HOU,G,25.0,19,19,1.0,26,55,0.473,0.438,0.035,2023-24
203925,Joe Harris,1610612765,DET,G-F,32.0,14,14,1.0,28,55,0.509,0.467,0.042,2023-24
1631321,Sidy Cissoko,1610612759,SAS,G,20.0,8,8,1.0,25,53,0.472,0.477,-0.005,2023-24
1641970,Maozinha Pereira,1610612763,MEM,F,23.0,6,6,1.0,19,53,0.358,0.481,-0.123,2023-24
1642013,Malik Williams,1610612761,TOR,C,25.0,7,7,1.0,26,51,0.51,0.486,0.024,2023-24
1630186,Jahmi'us Ramsey,1610612761,TOR,G,23.0,7,7,1.0,26,50,0.52,0.469,0.051,2023-24
1630610,DeJon Jarreau,1610612763,MEM,G,26.0,9,9,1.0,23,50,0.46,0.471,-0.011,2023-24
1630288,Jeff Dowtin Jr.,1610612755,PHI,G,27.0,10,10,1.0,23,49,0.469,0.434,0.035,2023-24
1629685,Dylan Windler,1610612737,ATL,G-F,27.0,12,12,1.0,22,49,0.449,0.422,0.027,2023-24
1628385,Harry Giles III,1610612747,LAL,F-C,26.0,18,18,1.0,28,49,0.571,0.456,0.116,2023-24
1626246,Boban Marjanovic,1610612745,HOU,C,35.0,13,13,1.0,19,48,0.396,0.462,-0.066,2023-24
1629634,Brandon Clarke,1610612763,MEM,F,27.0,6,6,1.0,26,48,0.542,0.488,0.053,2023-24
201577,Robin Lopez,1610612749,MIL,C,36.0,8,8,1.0,24,47,0.511,0.497,0.014,2023-24
1629618,Jalen Pickett,1610612743,DEN,G,24.0,18,18,1.0,25,45,0.556,0.448,0.107,2023-24
1629717,Armoni Brooks,1610612751,BKN,G,26.0,8,8,1.0,19,43,0.442,0.457,-0.015,2023-24
1631169,Josh Minott,1610612750,MIN,F,21.0,22,22,1.0,24,40,0.6,0.421,0.179,2023-24
1631217,Moussa Diabate,1610612746,LAC,F,22.0,10,10,1.0,21,39,0.538,0.455,0.084,2023-24
1631306,Cole Swider,1610612748,MIA,F,25.0,12,12,1.0,14,38,0.368,0.46,-0.091,2023-24
1641720,Jalen Hood-Schifino,1610612747,LAL,G,21.0,15,15,1.0,19,37,0.514,0.447,0.067,2023-24
1641734,Emoni Bates,1610612739,CLE,F,20.0,12,12,1.0,19,36,0.528,0.427,0.101,2023-24
1630554,Jason Preston,1610612762,UTA,G,24.0,7,7,1.0,17,36,0.472,0.453,0.019,2023-24
1630181,R.J. Hampton,1610612748,MIA,G,23.0,6,6,1.0,13,35,0.371,0.478,-0.106,2023-24
1641721,Maxwell Lewis,1610612747,LAL,F,21.0,19,19,1.0,18,35,0.514,0.464,0.051,2023-24
1630658,Colin Castleton,1610612747,LAL,C,24.0,11,11,1.0,19,35,0.543,0.447,0.096,2023-24
1631123,Jamaree Bouyea,1610612759,SAS,G,25.0,7,7,1.0,18,35,0.514,0.433,0.081,2023-24
1630846,Olivier Sarr,1610612760,OKC,C,25.0,11,11,1.0,13,34,0.382,0.464,-0.082,2023-24
1630600,Isaiah Mobley,1610612739,CLE,F,24.0,8,8,1.0,17,34,0.5,0.456,0.044,2023-24
1631243,Mouhamed Gueye,1610612737,ATL,F,21.0,4,4,1.0,15,33,0.455,0.476,-0.022,2023-24
1631173,Terquavion Smith,1610612755,PHI,G,21.0,9,9,1.0,19,33,0.576,0.445,0.131,2023-24
1641851,Timmy Allen,1610612763,MEM,F,24.0,5,5,1.0,16,31,0.516,0.457,0.059,2023-24
1641753,Chris Livingston,1610612749,MIL,F,20.0,12,12,1.0,15,31,0.484,0.454,0.03,2023-24
1631205,Buddy Boeheim,1610612765,DET,F,24.0,7,7,1.0,15,29,0.517,0.483,0.034,2023-24
1631298,Jack White,1610612760,OKC,F,26.0,4,4,1.0,12,29,0.414,0.473,-0.059,2023-24
1631157,Ryan Rollins,1610612749,MIL,G,21.0,9,9,1.0,8,28,0.286,0.447,-0.161,2023-24
1641754,Seth Lundy,1610612737,ATL,G-F,24.0,8,8,1.0,17,28,0.607,0.416,0.191,2023-24
1641775,Jordan Walsh,1610612738,BOS,G,20.0,7,7,1.0,12,27,0.444,0.45,-0.006,2023-24
1630618,D.J. Carton,1610612761,TOR,G,23.0,4,4,1.0,14,27,0.519,0.454,0.064,2023-24
1629117,Wenyen Gabriel,1610612738,BOS,F,27.0,5,5,1.0,11,27,0.407,0.466,-0.058,2023-24
1630547,James Bouknight,1610612766,CHA,G,23.0,12,12,1.0,10,26,0.385,0.481,-0.096,2023-24
1631257,Jermaine Samuels Jr.,1610612745,HOU,F,25.0,10,10,1.0,9,25,0.36,0.44,-0.08,2023-24
1628424,Kobi Simmons,1610612761,TOR,G,26.0,4,4,1.0,11,25,0.44,0.445,-0.005,2023-24
1631220,Dereon Seabron,1610612740,NOP,G,24.0,6,6,1.0,8,25,0.32,0.442,-0.122,2023-24
203933,T.J. Warren,1610612750,MIN,F,30.0,9,9,1.0,13,24,0.542,0.465,0.077,2023-24
1630643,Jay Huff,1610612743,DEN,C,26.0,11,11,1.0,11,24,0.458,0.461,-0.003,2023-24
1641816,Hunter Tyson,1610612743,DEN,F,24.0,11,11,1.0,8,23,0.348,0.424,-0.076,2023-24
1630207,Nate Hinton,1610612745,HOU,G-F,25.0,9,9,1.0,12,23,0.522,0.454,0.068,2023-24
1631111,Wendell Moore Jr.,1610612750,MIN,G,22.0,15,15,1.0,10,22,0.455,0.439,0.016,2023-24
1629308,Juan Toscano-Anderson,1610612758,SAC,F,31.0,8,8,1.0,11,22,0.5,0.427,0.073,2023-24
1630564,RaiQuan Gray,1610612759,SAS,F,24.0,3,3,1.0,10,21,0.476,0.45,0.026,2023-24
1629010,Jerome Robinson,1610612744,GSW,G,27.0,12,12,1.0,8,21,0.381,0.396,-0.015,2023-24
1641724,Jett Howard,1610612753,ORL,G,20.0,10,10,1.0,9,21,0.429,0.458,-0.03,2023-24
201949,James Johnson,1610612754,IND,F,37.0,8,8,1.0,10,21,0.476,0.404,0.072,2023-24
1629678,Admiral Schofield,1610612753,ORL,F,27.0,15,15,1.0,6,21,0.286,0.473,-0.187,2023-24
1627853,Ryan Arcidiacono,1610612752,NYK,G,30.0,11,11,1.0,6,20,0.3,0.447,-0.147,2023-24
1631131,Oscar Tshiebwe,1610612754,IND,F-C,24.0,8,8,1.0,12,20,0.6,0.471,0.129,2023-24
1641766,Adama Sanogo,1610612741,CHI,F,22.0,5,5,1.0,7,20,0.35,0.453,-0.103,2023-24
1641735,Amari Bailey,1610612766,CHA,G,20.0,7,7,1.0,8,20,0.4,0.435,-0.035,2023-24
1631159,Leonard Miller,1610612750,MIN,F,20.0,11,11,1.0,9,18,0.5,0.444,0.056,2023-24
1641793,D'Moi Hodge,1610612747,LAL,G,25.0,3,3,1.0,9,18,0.5,0.433,0.067,2023-24
1630535,Greg Brown III,1610612742,DAL,F,22.0,4,4,1.0,6,18,0.333,0.413,-0.08,2023-24
1630296,Braxton Key,1610612743,DEN,F,27.0,13,13,1.0,10,18,0.556,0.461,0.095,2023-24
1641749,Keyontae Johnson,1610612760,OKC,F,24.0,7,7,1.0,7,17,0.412,0.408,0.003,2023-24
1631120,JD Davison,1610612738,BOS,G,21.0,6,6,1.0,7,17,0.412,0.428,-0.016,2023-24
1630553,Keon Johnson,1610612751,BKN,G,22.0,4,4,1.0,11,17,0.647,0.485,0.162,2023-24
1641788,Alex Fudge,1610612742,DAL,F,21.0,4,4,1.0,9,15,0.6,0.464,0.136,2023-24
1631102,TyTy Washington Jr.,1610612749,MIL,G,22.0,5,5,1.0,5,15,0.333,0.436,-0.102,2023-24
1629610,DaQuan Jeffries,1610612752,NYK,G-F,26.0,9,9,1.0,8,14,0.571,0.434,0.138,2023-24
1630561,David Duke Jr.,1610612759,SAS,G,24.0,3,3,1.0,5,13,0.385,0.437,-0.052,2023-24
1641926,Dexter Dennis,1610612742,DAL,G,25.0,3,3,1.0,6,13,0.462,0.485,-0.024,2023-24
1641771,Jalen Slawson,1610612758,SAC,F,24.0,8,8,1.0,5,13,0.385,0.452,-0.068,2023-24
1630311,Pat Spencer,1610612744,GSW,G,27.0,4,4,1.0,4,12,0.333,0.445,-0.112,2023-24
1641757,Jordan Miller,1610612746,LAC,G,24.0,6,6,1.0,6,12,0.5,0.44,0.06,2023-24
1631112,Kendall Brown,1610612754,IND,G,21.0,6,6,1.0,5,11,0.455,0.427,0.028,2023-24
1630222,Mason Jones,1610612758,SAC,G,25.0,3,3,1.0,4,11,0.364,0.449,-0.085,2023-24
1630688,Ish Wainright,1610612756,PHX,F,29.0,6,6,1.0,2,11,0.182,0.45,-0.268,2023-24
1641727,Dariq Whitehead,1610612751,BKN,F,19.0,2,2,1.0,9,11,0.818,0.518,0.301,2023-24
201980,Danny Green,1610612755,PHI,G,37.0,2,2,1.0,8,11,0.727,0.478,0.25,2023-24
1628373,Frank Ntilikina,1610612766,CHA,G,25.0,5,5,1.0,4,11,0.364,0.466,-0.103,2023-24
1628391,D.J. Wilson,1610612753,ORL,F,28.0,2,2,1.0,4,11,0.364,0.465,-0.101,2023-24
1630586,Usman Garuba,1610612744,GSW,F,22.0,6,6,1.0,5,10,0.5,0.408,0.092,2023-24
1629603,Mamadi Diakite,1610612752,NYK,F,27.0,5,5,1.0,5,10,0.5,0.393,0.107,2023-24
1631386,Taze Moore,1610612757,POR,G,26.0,4,4,1.0,7,10,0.7,0.516,0.184,2023-24
1629718,Charlie Brown Jr.,1610612752,NYK,G,27.0,3,3,1.0,3,9,0.333,0.417,-0.084,2023-24
1631210,Jacob Toppin,1610612752,NYK,F,24.0,2,2,1.0,7,9,0.778,0.463,0.315,2023-24
1630604,E.J. Liddell,1610612740,NOP,F,23.0,5,5,1.0,5,8,0.625,0.427,0.198,2023-24
1630227,Daishen Nix,1610612750,MIN,G,22.0,3,3,1.0,4,8,0.5,0.435,0.065,2023-24
1629660,Ty Jerome,1610612739,CLE,G-F,26.0,2,2,1.0,4,7,0.571,0.509,0.062,2023-24
202738,Isaiah Thomas,1610612756,PHX,G,35.0,4,4,1.0,2,6,0.333,0.474,-0.141,2023-24
1630929,Henri Drell,1610612741,CHI,F,24.0,1,1,1.0,1,6,0.167,0.444,-0.278,2023-24
1630196,Filip Petrusev,1610612755,PHI,C,24.0,2,2,1.0,0,6,0.0,0.433,-0.433,2023-24
1631245,Quenton Jackson,1610612754,IND,G,25.0,3,3,1.0,2,6,0.333,0.374,-0.041,2023-24
1630259,Jordan Ford,1610612758,SAC,G,26.0,4,4,1.0,3,5,0.6,0.424,0.176,2023-24
1641809,Drew Peterson,1610612738,BOS,F,24.0,2,2,1.0,2,5,0.4,0.4,0.0,2023-24
1629623,Lindell Wigginton,1610612749,MIL,G,26.0,3,3,1.0,2,5,0.4,0.409,-0.009,2023-24
1629232,Kaiser Gates,1610612740,NOP,F,27.0,1,1,1.0,1,5,0.2,0.443,-0.243,2023-24
1630563,Joshua Primo,1610612746,LAC,G,21.0,2,2,1.0,2,5,0.4,0.49,-0.09,2023-24
1641745,Adam Flagler,1610612760,OKC,G,24.0,2,2,1.0,2,4,0.5,0.534,-0.034,2023-24
1631250,Pete Nance,1610612739,CLE,F,24.0,3,3,1.0,2,4,0.5,0.445,0.055,2023-24
1627885,Shaquille Harrison,1610612763,MEM,G,30.0,2,2,1.0,2,4,0.5,0.486,0.015,2023-24
1641847,Andrew Funk,1610612741,CHI,G,24.0,2,2,1.0,3,4,0.75,0.478,0.272,2023-24
1631167,Izaiah Brockington,1610612740,NOP,G,24.0,1,1,1.0,1,3,0.333,0.454,-0.121,2023-24
1630284,Kevon Harris,1610612753,ORL,G,27.0,2,2,1.0,1,3,0.333,0.445,-0.111,2023-24
1631376,Dmytro Skapintsev,1610612752,NYK,C,26.0,2,2,1.0,1,3,0.333,0.488,-0.154,2023-24
1641806,Markquis Nowell,1610612761,TOR,G,24.0,1,1,1.0,1,2,0.5,0.366,0.134,2023-24
1631214,Alondes Williams,1610612748,MIA,G,25.0,1,1,1.0,1,1,1.0,0.464,0.536,2023-24
1631199,Ron Harper Jr.,1610612761,TOR,G-F,24.0,1,1,1.0,0,1,0.0,0.462,-0.462,2023-24
1628977,Hamidou Diallo,1610612764,WAS,G,25.0,1,1,1.0,1,1,1.0,0.584,0.416,2023-24
1630606,Javonte Smart,1610612755,PHI,G,25.0,1,1,1.0,0,1,0.0,0.418,-0.418,2023-24
1630622,Jalen Crutcher,1610612740,NOP,G,24.0,1,1,1.0,0,1,0.0,0.448,-0.448,2023-24
201572,Brook Lopez,1610612749,MIL,C,37.0,80,80,1.0,713,1524,0.468,0.488,-0.02,2024-25
1627826,Ivica Zubac,1610612746,LAC,C,28.0,80,80,1.0,669,1460,0.458,0.49,-0.032,2024-25
203999,Nikola Jokić,1610612743,DEN,C,30.0,70,70,1.0,702,1433,0.49,0.494,-0.004,2024-25
1630578,Alperen Sengun,1610612745,HOU,C,22.0,76,76,1.0,638,1354,0.471,0.483,-0.012,2024-25
202696,Nikola Vučević,1610612741,CHI,C,34.0,73,73,1.0,620,1306,0.475,0.493,-0.018,2024-25
203497,Rudy Gobert,1610612750,MIN,C,33.0,72,72,1.0,587,1281,0.458,0.49,-0.032,2024-25
1630596,Evan Mobley,1610612739,CLE,C,24.0,71,71,1.0,542,1218,0.445,0.476,-0.031,2024-25
1628386,Jarrett Allen,1610612739,CLE,C,27.0,81,81,1.0,565,1208,0.468,0.488,-0.02,2024-25
1626157,Karl-Anthony Towns,1610612752,NYK,C-F,29.0,71,71,1.0,609,1195,0.51,0.484,0.026,2024-25
1627734,Domantas Sabonis,1610612758,SAC,F-C,29.0,70,70,1.0,594,1191,0.499,0.494,0.005,2024-25
1642259,Alex Sarr,1610612764,WAS,C,20.0,67,67,1.0,601,1185,0.507,0.498,0.01,2024-25
1628404,Josh Hart,1610612752,NYK,G,30.0,76,76,1.0,569,1175,0.484,0.464,0.021,2024-25
1627783,Pascal Siakam,1610612754,IND,F,31.0,78,78,1.0,531,1144,0.464,0.469,-0.005,2024-25
1631117,Walker Kessler,1610612762,UTA,C,23.0,58,58,1.0,502,1144,0.439,0.488,-0.049,2024-25
1630700,Dyson Daniels,1610612737,ATL,G,22.0,76,76,1.0,556,1143,0.486,0.469,0.018,2024-25
1630559,Austin Reaves,1610612747,LAL,G,27.0,73,73,1.0,559,1136,0.492,0.459,0.033,2024-25
1630183,Jaden McDaniels,1610612750,MIN,F,24.0,82,82,1.0,512,1114,0.46,0.463,-0.003,2024-25
1627750,Jamal Murray,1610612743,DEN,G,28.0,67,67,1.0,526,1103,0.477,0.462,0.015,2024-25
1642274,Yves Missi,1610612740,NOP,C,21.0,73,73,1.0,571,1088,0.525,0.492,0.033,2024-25
1626167,Myles Turner,1610612754,IND,C-F,29.0,72,72,1.0,522,1073,0.486,0.492,-0.006,2024-25
1628415,Dillon Brooks,1610612745,HOU,G-F,29.0,75,75,1.0,500,1068,0.468,0.469,-0.001,2024-25
1631105,Jalen Duren,1610612765,DET,C,21.0,78,78,1.0,528,1057,0.5,0.49,0.01,2024-25
1628401,Derrick White,1610612738,BOS,G,30.0,76,76,1.0,461,1052,0.438,0.46,-0.021,2024-25
1631099,Keegan Murray,1610612758,SAC,F,24.0,76,76,1.0,471,1048,0.449,0.466,-0.017,2024-25
1628969,Mikal Bridges,1610612752,NYK,G-F,28.0,80,80,1.0,483,1040,0.464,0.456,0.009,2024-25
1630595,Cade Cunningham,1610612765,DET,G,23.0,70,70,1.0,458,1039,0.441,0.464,-0.023,2024-25
201935,James Harden,1610612746,LAC,G,35.0,79,79,1.0,490,1034,0.474,0.468,0.006,2024-25
1628389,Bam Adebayo,1610612748,MIA,C-F,27.0,78,78,1.0,485,1024,0.474,0.49,-0.016,2024-25
1641739,Toumani Camara,1610612757,POR,F,25.0,78,78,1.0,497,1013,0.491,0.47,0.02,2024-25
1628384,OG Anunoby,1610612752,NYK,F-G,27.0,73,73,1.0,450,1003,0.449,0.465,-0.016,2024-25
1630168,Onyeka Okongwu,1610612737,ATL,F-C,24.0,74,74,1.0,502,998,0.503,0.491,0.012,2024-25
1631128,Christian Braun,1610612743,DEN,G,24.0,79,79,1.0,476,990,0.481,0.461,0.02,2024-25
1630581,Josh Giddey,1610612741,CHI,G,22.0,70,70,1.0,470,985,0.477,0.466,0.011,2024-25
203110,Draymond Green,1610612744,GSW,F,35.0,68,68,1.0,425,983,0.432,0.48,-0.047,2024-25
203897,Zach LaVine,1610612758,SAC,G,30.0,74,74,1.0,438,967,0.453,0.461,-0.008,2024-25
1628991,Jaren Jackson Jr.,1610612763,MEM,F-C,25.0,73,73,1.0,398,951,0.419,0.48,-0.061,2024-25
1628983,Shai Gilgeous-Alexander,1610612760,OKC,G,26.0,76,76,1.0,418,948,0.441,0.467,-0.026,2024-25
1629675,Naz Reid,1610612750,MIN,C-F,25.0,80,80,1.0,425,941,0.452,0.475,-0.023,2024-25
1642273,Kyshawn George,1610612764,WAS,F,21.0,67,67,1.0,392,927,0.423,0.465,-0.042,2024-25
1630224,Jalen Green,1610612745,HOU,G,23.0,82,82,1.0,435,925,0.47,0.459,0.011,2024-25
1629639,Tyler Herro,1610612748,MIA,G,25.0,77,77,1.0,449,925,0.485,0.455,0.031,2024-25
1628368,De'Aaron Fox,1610612759,SAS,G,27.0,62,62,1.0,439,923,0.476,0.459,0.017,2024-25
1626164,Devin Booker,1610612756,PHX,G,28.0,75,75,1.0,453,919,0.493,0.462,0.031,2024-25
1630166,Deni Avdija,1610612757,POR,F,24.0,72,72,1.0,443,913,0.485,0.473,0.012,2024-25
1627751,Jakob Poeltl,1610612761,TOR,C,29.0,57,57,1.0,439,910,0.482,0.495,-0.012,2024-25
1642270,Donovan Clingan,1610612757,POR,C,21.0,67,67,1.0,390,910,0.429,0.486,-0.057,2024-25
1630162,Anthony Edwards,1610612750,MIN,G,23.0,79,79,1.0,417,906,0.46,0.467,-0.007,2024-25
1642264,Stephon Castle,1610612759,SAS,G,20.0,81,81,1.0,431,901,0.478,0.462,0.016,2024-25
1629027,Trae Young,1610612737,ATL,G,26.0,76,76,1.0,434,901,0.482,0.449,0.032,2024-25
203944,Julius Randle,1610612750,MIN,F-C,30.0,69,69,1.0,411,894,0.46,0.478,-0.018,2024-25
1631165,Keon Ellis,1610612758,SAC,G,25.0,79,79,1.0,425,886,0.48,0.459,0.02,2024-25
202685,Jonas Valanciunas,1610612758,SAC,C,33.0,81,81,1.0,465,881,0.528,0.502,0.026,2024-25
1630577,Julian Champagnie,1610612759,SAS,F,24.0,82,82,1.0,420,876,0.479,0.459,0.021,2024-25
1641744,Zach Edey,1610612763,MEM,C,23.0,65,65,1.0,412,874,0.471,0.489,-0.018,2024-25
1630567,Scottie Barnes,1610612761,TOR,F-G,23.0,65,65,1.0,399,874,0.457,0.473,-0.016,2024-25
1631108,Max Christie,1610612742,DAL,G,22.0,77,77,1.0,413,874,0.473,0.463,0.01,2024-25
202699,Tobias Harris,1610612765,DET,F,32.0,73,73,1.0,412,869,0.474,0.468,0.006,2024-25
1630169,Tyrese Haliburton,1610612754,IND,G,25.0,73,73,1.0,409,868,0.471,0.449,0.022,2024-25
1629632,Coby White,1610612741,CHI,G,25.0,74,74,1.0,430,868,0.495,0.455,0.04,2024-25
1629312,Haywood Highsmith,1610612748,MIA,F,28.0,74,74,1.0,405,856,0.473,0.456,0.017,2024-25
1629008,Michael Porter Jr.,1610612743,DEN,F,27.0,77,77,1.0,411,853,0.482,0.468,0.014,2024-25
203084,Harrison Barnes,1610612759,SAS,F,33.0,82,82,1.0,429,851,0.504,0.475,0.03,2024-25
1628392,Isaiah Hartenstein,1610612760,OKC,C-F,27.0,57,57,1.0,395,851,0.464,0.488,-0.024,2024-25
1641705,Victor Wembanyama,1610612759,SAS,F-C,21.0,46,46,1.0,362,848,0.427,0.493,-0.066,2024-25
203076,Anthony Davis,1610612742,DAL,F-C,32.0,51,51,1.0,372,847,0.439,0.488,-0.048,2024-25
201942,DeMar DeRozan,1610612758,SAC,G-F,35.0,77,77,1.0,423,846,0.5,0.471,0.029,2024-25
1628436,Luke Kornet,1610612738,BOS,C-F,29.0,71,71,1.0,372,842,0.442,0.472,-0.03,2024-25
1629651,Nic Claxton,1610612751,BKN,C,26.0,70,70,1.0,419,841,0.498,0.488,0.01,2024-25
101108,Chris Paul,1610612759,SAS,G,40.0,82,82,1.0,405,834,0.486,0.462,0.024,2024-25
1642267,Bub Carrington,1610612764,WAS,G,19.0,82,82,1.0,404,834,0.484,0.457,0.027,2024-25
1629655,Daniel Gafford,1610612742,DAL,F-C,26.0,57,57,1.0,380,834,0.456,0.482,-0.026,2024-25
1642258,Zaccharie Risacher,1610612737,ATL,F,20.0,75,75,1.0,410,827,0.496,0.461,0.035,2024-25
1629638,Nickeil Alexander-Walker,1610612750,MIN,G,26.0,82,82,1.0,399,826,0.483,0.458,0.025,2024-25
1641718,Keyonte George,1610612762,UTA,G,21.0,67,67,1.0,418,825,0.507,0.461,0.045,2024-25
1630208,Nick Richards,1610612756,PHX,C,27.0,57,57,1.0,404,817,0.494,0.493,0.001,2024-25
1628970,Miles Bridges,1610612766,CHA,F,27.0,64,64,1.0,346,816,0.424,0.476,-0.051,2024-25
1629014,Anfernee Simons,1610612757,POR,G,26.0,70,70,1.0,411,814,0.505,0.461,0.044,2024-25
1629636,Darius Garland,1610612739,CLE,G,25.0,75,75,1.0,377,809,0.466,0.454,0.012,2024-25
1641717,Cason Wallace,1610612760,OKC,G,21.0,68,68,1.0,378,807,0.468,0.456,0.012,2024-25
1626162,Kelly Oubre Jr.,1610612755,PHI,F-G,29.0,60,60,1.0,388,807,0.481,0.466,0.015,2024-25
1631097,Bennedict Mathurin,1610612754,IND,G-F,23.0,72,72,1.0,403,806,0.5,0.458,0.042,2024-25
1642271,Kyle Filipowski,1610612762,UTA,C,21.0,72,72,1.0,420,800,0.525,0.477,0.048,2024-25
1630191,Isaiah Stewart,1610612765,DET,F-C,24.0,72,72,1.0,345,798,0.432,0.486,-0.054,2024-25
1629023,P.J. Washington,1610612742,DAL,F,26.0,57,57,1.0,401,796,0.504,0.475,0.029,2024-25
1630598,Aaron Wiggins,1610612760,OKC,G,26.0,76,76,1.0,373,794,0.47,0.456,0.014,2024-25
1627824,Guerschon Yabusele,1610612755,PHI,F,29.0,70,70,1.0,413,793,0.521,0.48,0.041,2024-25
201143,Al Horford,1610612738,BOS,C-F,39.0,60,60,1.0,357,790,0.452,0.481,-0.029,2024-25
203507,Giannis Antetokounmpo,1610612749,MIL,F,30.0,67,67,1.0,357,788,0.453,0.48,-0.027,2024-25
1627741,Buddy Hield,1610612744,GSW,G,32.0,82,82,1.0,380,787,0.483,0.463,0.02,2024-25
1628973,Jalen Brunson,1610612752,NYK,G,28.0,64,64,1.0,381,782,0.487,0.455,0.032,2024-25
1631109,Mark Williams,1610612766,CHA,C,23.0,44,44,1.0,386,781,0.494,0.493,0.001,2024-25
203952,Andrew Wiggins,1610612748,MIA,F,30.0,60,60,1.0,349,778,0.449,0.465,-0.017,2024-25
2544,LeBron James,1610612747,LAL,F,40.0,70,70,1.0,344,776,0.443,0.469,-0.025,2024-25
1629614,Andrew Nembhard,1610612754,IND,G-F,25.0,65,65,1.0,364,775,0.47,0.456,0.014,2024-25
203471,Dennis Schröder,1610612765,DET,G,31.0,75,75,1.0,373,774,0.482,0.461,0.021,2024-25
1642377,Jaylen Wells,1610612763,MEM,F,21.0,78,78,1.0,348,771,0.451,0.462,-0.011,2024-25
201142,Kevin Durant,1610612756,PHX,F,36.0,62,62,1.0,316,768,0.411,0.468,-0.057,2024-25
203915,Spencer Dinwiddie,1610612742,DAL,G,32.0,78,78,1.0,358,762,0.47,0.46,0.01,2024-25
1629048,Goga Bitadze,1610612753,ORL,C-F,25.0,69,69,1.0,341,758,0.45,0.484,-0.034,2024-25
201950,Jrue Holiday,1610612738,BOS,G,35.0,62,62,1.0,337,758,0.445,0.465,-0.02,2024-25
1628976,Wendell Carter Jr.,1610612753,ORL,C-F,26.0,68,68,1.0,350,757,0.462,0.488,-0.026,2024-25
1630553,Keon Johnson,1610612751,BKN,G,23.0,78,78,1.0,385,754,0.511,0.46,0.05,2024-25
1629029,Luka Dončić,1610612747,LAL,F-G,26.0,50,50,1.0,348,752,0.463,0.464,-0.001,2024-25
203486,Mason Plumlee,1610612756,PHX,F-C,35.0,74,74,1.0,379,750,0.505,0.492,0.013,2024-25
1629652,Luguentz Dort,1610612760,OKC,G,26.0,71,71,1.0,314,750,0.419,0.461,-0.043,2024-25
1630558,Davion Mitchell,1610612748,MIA,G,26.0,73,73,1.0,343,749,0.458,0.461,-0.003,2024-25
1631260,AJ Green,1610612749,MIL,G,25.0,72,72,1.0,344,749,0.459,0.456,0.003,2024-25
1627752,Taurean Prince,1610612749,MIL,F,31.0,80,80,1.0,354,748,0.473,0.465,0.008,2024-25
1631212,Peyton Watson,1610612743,DEN,G,22.0,68,68,1.0,329,748,0.44,0.465,-0.026,2024-25
203501,Tim Hardaway Jr.,1610612765,DET,G-F,33.0,76,76,1.0,353,746,0.473,0.46,0.014,2024-25
1630530,Trey Murphy III,1610612740,NOP,F,25.0,52,52,1.0,384,745,0.515,0.473,0.042,2024-25
1630202,Payton Pritchard,1610612738,BOS,G,27.0,80,80,1.0,328,740,0.443,0.456,-0.013,2024-25
1627759,Jaylen Brown,1610612738,BOS,G-F,28.0,63,63,1.0,346,737,0.469,0.47,0.0,2024-25
1641708,Amen Thompson,1610612745,HOU,G-F,22.0,69,69,1.0,297,729,0.407,0.462,-0.054,2024-25
1642276,Kel'el Ware,1610612748,MIA,C,21.0,63,63,1.0,350,728,0.481,0.491,-0.01,2024-25
1626220,Royce O'Neale,1610612756,PHX,F,32.0,75,75,1.0,341,726,0.47,0.468,0.001,2024-25
1627777,Georges Niang,1610612737,ATL,F,32.0,79,79,1.0,356,724,0.492,0.47,0.021,2024-25
1629656,Quentin Grimes,1610612755,PHI,G,25.0,75,75,1.0,328,723,0.454,0.461,-0.007,2024-25
1630583,Santi Aldama,1610612763,MEM,F-C,24.0,64,64,1.0,326,723,0.451,0.47,-0.02,2024-25
1627832,Fred VanVleet,1610612745,HOU,G,31.0,60,60,1.0,333,722,0.461,0.46,0.001,2024-25
1641824,Matas Buzelis,1610612741,CHI,F,20.0,77,77,1.0,331,721,0.459,0.466,-0.007,2024-25
1642268,Isaiah Collier,1610612762,UTA,G,20.0,71,71,1.0,365,718,0.508,0.456,0.052,2024-25
1631101,Shaedon Sharpe,1610612757,POR,G,22.0,72,72,1.0,351,717,0.49,0.464,0.026,2024-25
203468,CJ McCollum,1610612740,NOP,G,33.0,56,56,1.0,328,717,0.457,0.461,-0.003,2024-25
1641710,Anthony Black,1610612753,ORL,G,21.0,78,78,1.0,323,714,0.452,0.456,-0.003,2024-25
1627827,Dorian Finney-Smith,1610612747,LAL,F,32.0,63,63,1.0,320,714,0.448,0.474,-0.026,2024-25
1628989,Kevin Huerter,1610612741,CHI,G-F,26.0,69,69,1.0,316,713,0.443,0.459,-0.016,2024-25
1629628,RJ Barrett,1610612761,TOR,F-G,25.0,58,58,1.0,343,711,0.482,0.464,0.018,2024-25
203078,Bradley Beal,1610612756,PHX,G,32.0,53,53,1.0,334,711,0.47,0.457,0.012,2024-25
1628369,Jayson Tatum,1610612738,BOS,F-G,27.0,72,72,1.0,338,710,0.476,0.473,0.003,2024-25
1628370,Malik Monk,1610612758,SAC,G,27.0,65,65,1.0,328,709,0.463,0.455,0.008,2024-25
1630217,Desmond Bane,1610612753,ORL,G,27.0,68,68,1.0,308,709,0.434,0.462,-0.028,2024-25
203081,Damian Lillard,1610612749,MIL,G,34.0,58,58,1.0,326,707,0.461,0.457,0.004,2024-25
1630590,Scotty Pippen Jr.,1610612763,MEM,G,24.0,77,77,1.0,322,704,0.457,0.45,0.007,2024-25
1630230,Naji Marshall,1610612742,DAL,F,27.0,69,69,1.0,328,703,0.467,0.465,0.001,2024-25
1628398,Kyle Kuzma,1610612749,MIL,F,29.0,65,65,1.0,307,700,0.439,0.47,-0.032,2024-25
1626145,Tyus Jones,1610612756,PHX,G,29.0,81,81,1.0,334,699,0.478,0.453,0.025,2024-25
1627736,Malik Beasley,1610612765,DET,G,28.0,82,82,1.0,340,690,0.493,0.458,0.035,2024-25
1629640,Keldon Johnson,1610612759,SAS,F-G,25.0,77,77,1.0,334,682,0.49,0.473,0.017,2024-25
204001,Kristaps Porziņģis,1610612738,BOS,F-C,29.0,42,42,1.0,287,682,0.421,0.482,-0.061,2024-25
1629060,Rui Hachimura,1610612747,LAL,F,27.0,59,59,1.0,310,680,0.456,0.472,-0.016,2024-25
1631114,Jalen Williams,1610612760,OKC,G-F,24.0,69,69,1.0,282,677,0.417,0.469,-0.052,2024-25
1630534,Ochai Agbaji,1610612761,TOR,G,25.0,64,64,1.0,295,675,0.437,0.463,-0.026,2024-25
1627739,Kris Dunn,1610612746,LAC,G,31.0,74,74,1.0,292,674,0.433,0.462,-0.028,2024-25
1630703,Scoot Henderson,1610612757,POR,G,21.0,66,66,1.0,334,670,0.499,0.463,0.035,2024-25
1630592,Jalen Wilson,1610612751,BKN,F,24.0,79,79,1.0,325,669,0.486,0.464,0.022,2024-25
1631110,Jeremy Sochan,1610612759,SAS,F,22.0,54,54,1.0,307,665,0.462,0.47,-0.008,2024-25
203484,Kentavious Caldwell-Pope,1610612763,MEM,G,32.0,77,77,1.0,330,664,0.497,0.463,0.034,2024-25
1641731,Bilal Coulibaly,1610612764,WAS,G,20.0,59,59,1.0,294,662,0.444,0.462,-0.018,2024-25
1627884,Derrick Jones Jr.,1610612746,LAC,F,28.0,77,77,1.0,306,659,0.464,0.462,0.002,2024-25
201939,Stephen Curry,1610612744,GSW,G,37.0,70,70,1.0,297,659,0.451,0.46,-0.009,2024-25
1630182,Josh Green,1610612766,CHA,G,24.0,68,68,1.0,321,656,0.489,0.461,0.029,2024-25
1627747,Caris LeVert,1610612737,ATL,G,30.0,64,64,1.0,284,650,0.437,0.459,-0.022,2024-25
1630170,Devin Vassell,1610612759,SAS,G-F,24.0,64,64,1.0,323,649,0.498,0.467,0.031,2024-25
1629645,Kevin Porter Jr.,1610612749,MIL,G-F,25.0,75,75,1.0,308,648,0.475,0.461,0.014,2024-25
1631217,Moussa Diabate,1610612766,CHA,F,23.0,68,68,1.0,309,646,0.478,0.478,0.001,2024-25
1642346,Ryan Dunn,1610612756,PHX,F,22.0,72,72,1.0,288,646,0.446,0.461,-0.015,2024-25
1626172,Kevon Looney,1610612744,GSW,F,29.0,76,76,1.0,282,644,0.438,0.484,-0.046,2024-25
1631170,Jaime Jaquez Jr.,1610612748,MIA,G,24.0,65,65,1.0,266,643,0.414,0.459,-0.046,2024-25
1626156,D'Angelo Russell,1610612751,BKN,G,29.0,58,58,1.0,311,641,0.485,0.461,0.024,2024-25
1629661,Cameron Johnson,1610612751,BKN,F,29.0,57,57,1.0,296,637,0.465,0.469,-0.004,2024-25
1629631,De'Andre Hunter,1610612739,CLE,F-G,27.0,64,64,1.0,287,636,0.451,0.467,-0.016,2024-25
1629673,Jordan Poole,1610612764,WAS,G,26.0,68,68,1.0,329,630,0.522,0.459,0.063,2024-25
1628378,Donovan Mitchell,1610612739,CLE,G,28.0,71,71,1.0,278,629,0.442,0.461,-0.019,2024-25
1630533,Ziaire Williams,1610612751,BKN,F,23.0,63,63,1.0,299,629,0.475,0.457,0.018,2024-25
202691,Klay Thompson,1610612742,DAL,G,35.0,72,72,1.0,289,628,0.46,0.461,-0.001,2024-25
1630178,Tyrese Maxey,1610612755,PHI,G,24.0,52,52,1.0,284,626,0.454,0.458,-0.004,2024-25
1630540,Miles McBride,1610612752,NYK,G,24.0,63,63,1.0,277,626,0.442,0.454,-0.011,2024-25
1626171,Bobby Portis Jr.,1610612749,MIL,F,30.0,49,49,1.0,280,624,0.449,0.471,-0.022,2024-25
1631095,Jabari Smith Jr.,1610612745,HOU,F,22.0,57,57,1.0,294,622,0.473,0.462,0.01,2024-25
1630172,Patrick Williams,1610612741,CHI,F,23.0,63,63,1.0,318,618,0.515,0.472,0.043,2024-25
1626168,Trey Lyles,1610612758,SAC,F,29.0,68,68,1.0,302,617,0.489,0.475,0.015,2024-25
1630551,Justin Champagnie,1610612764,WAS,G-F,24.0,58,58,1.0,266,617,0.431,0.463,-0.032,2024-25
1641764,Brandin Podziemski,1610612744,GSW,G,22.0,63,63,1.0,305,616,0.495,0.462,0.033,2024-25
1630532,Franz Wagner,1610612753,ORL,F,23.0,60,60,1.0,293,615,0.476,0.465,0.011,2024-25
201144,Mike Conley,1610612750,MIN,G,37.0,71,71,1.0,295,610,0.484,0.46,0.024,2024-25
1630541,Moses Moody,1610612744,GSW,G,23.0,74,74,1.0,289,607,0.476,0.461,0.015,2024-25
1631094,Paolo Banchero,1610612753,ORL,F,22.0,46,46,1.0,270,606,0.446,0.471,-0.025,2024-25
1629018,Gary Trent Jr.,1610612749,MIL,G,26.0,73,73,1.0,297,603,0.493,0.457,0.035,2024-25
201566,Russell Westbrook,1610612743,DEN,G,36.0,75,75,1.0,278,600,0.463,0.462,0.001,2024-25
202710,Jimmy Butler III,1610612744,GSW,F,35.0,55,55,1.0,285,598,0.477,0.466,0.011,2024-25
1629216,Gabe Vincent,1610612747,LAL,G,29.0,72,72,1.0,268,596,0.45,0.459,-0.009,2024-25
1626179,Terry Rozier,1610612748,MIA,G,31.0,63,63,1.0,291,596,0.488,0.454,0.034,2024-25
1642367,Jonathan Mogbo,1610612761,TOR,F,23.0,62,62,1.0,278,594,0.468,0.465,0.003,2024-25
1628380,Zach Collins,1610612741,CHI,F-C,27.0,63,63,1.0,261,591,0.442,0.486,-0.044,2024-25
1629028,Deandre Ayton,1610612757,POR,C,26.0,40,40,1.0,283,591,0.479,0.49,-0.011,2024-25
1630167,Obi Toppin,1610612754,IND,F,27.0,79,79,1.0,289,579,0.499,0.473,0.027,2024-25
203932,Aaron Gordon,1610612743,DEN,F,29.0,51,51,1.0,277,579,0.478,0.477,0.001,2024-25
1629130,Duncan Robinson,1610612748,MIA,F,31.0,74,74,1.0,271,579,0.468,0.458,0.01,2024-25
203994,Jusuf Nurkić,1610612766,CHA,C,30.0,51,51,1.0,272,576,0.472,0.496,-0.024,2024-25
1630198,Isaiah Joe,1610612760,OKC,G,25.0,74,74,1.0,265,573,0.462,0.461,0.002,2024-25
1641722,Jordan Hawkins,1610612740,NOP,G,23.0,55,55,1.0,273,572,0.477,0.46,0.017,2024-25
1631222,Jake LaRavia,1610612758,SAC,F,23.0,66,66,1.0,280,571,0.49,0.458,0.032,2024-25
1641711,Gradey Dick,1610612761,TOR,G-F,21.0,54,54,1.0,284,569,0.499,0.464,0.036,2024-25
1629622,Max Strus,1610612739,CLE,G-F,29.0,50,50,1.0,277,563,0.492,0.465,0.027,2024-25
1642261,Dalton Knecht,1610612747,LAL,F,24.0,75,75,1.0,274,558,0.491,0.46,0.031,2024-25
1628960,Grayson Allen,1610612756,PHX,G,29.0,64,64,1.0,264,558,0.473,0.456,0.017,2024-25
1629599,Amir Coffey,1610612746,LAC,G-F,28.0,72,72,1.0,267,554,0.482,0.459,0.023,2024-25
1630548,Johnny Juzang,1610612762,UTA,G,24.0,64,64,1.0,277,552,0.502,0.465,0.037,2024-25
202681,Kyrie Irving,1610612742,DAL,G,33.0,50,50,1.0,255,551,0.463,0.461,0.002,2024-25
1630526,Jeremiah Robinson-Earl,1610612740,NOP,F,24.0,65,65,1.0,253,550,0.46,0.466,-0.006,2024-25
203992,Bogdan Bogdanovic,1610612746,LAC,G,32.0,54,54,1.0,260,549,0.474,0.463,0.01,2024-25
1630173,Precious Achiuwa,1610612752,NYK,F,25.0,56,56,1.0,261,545,0.479,0.481,-0.002,2024-25
1631106,Tari Eason,1610612745,HOU,F,24.0,57,57,1.0,241,545,0.442,0.475,-0.033,2024-25
1630573,Sam Hauser,1610612738,BOS,F,27.0,70,70,1.0,273,544,0.502,0.455,0.047,2024-25
1641783,Tristan da Silva,1610612753,ORL,F,24.0,74,74,1.0,247,543,0.455,0.465,-0.01,2024-25
1641709,Ausar Thompson,1610612765,DET,G-F,22.0,59,59,1.0,226,543,0.416,0.468,-0.052,2024-25
1629634,Brandon Clarke,1610612763,MEM,F,28.0,63,63,1.0,232,542,0.428,0.47,-0.042,2024-25
1630241,Sam Merrill,1610612739,CLE,G,29.0,71,71,1.0,234,538,0.435,0.451,-0.016,2024-25
1628978,Donte DiVincenzo,1610612750,MIN,G,28.0,62,62,1.0,251,538,0.467,0.455,0.012,2024-25
1641726,Dereck Lively II,1610612742,DAL,C,21.0,36,36,1.0,247,538,0.459,0.485,-0.026,2024-25
1629637,Jaxson Hayes,1610612747,LAL,C-F,25.0,56,56,1.0,236,535,0.441,0.481,-0.04,2024-25
1628997,Caleb Martin,1610612742,DAL,F,29.0,45,45,1.0,258,533,0.484,0.456,0.028,2024-25
1629660,Ty Jerome,1610612739,CLE,G-F,27.0,70,70,1.0,264,533,0.495,0.452,0.043,2024-25
1631107,Nikola Jović,1610612748,MIA,F,22.0,46,46,1.0,231,530,0.436,0.46,-0.024,2024-25
203991,Clint Capela,1610612737,ATL,C,31.0,55,55,1.0,251,529,0.474,0.492,-0.017,2024-25
1630557,Corey Kispert,1610612764,WAS,F,26.0,61,61,1.0,244,528,0.462,0.458,0.004,2024-25
204456,T.J. McConnell,1610612754,IND,G,33.0,79,79,1.0,235,525,0.448,0.444,0.003,2024-25
1629750,Javonte Green,1610612739,CLE,G,31.0,67,67,1.0,236,522,0.452,0.469,-0.017,2024-25
1628374,Lauri Markkanen,1610612762,UTA,F-C,28.0,47,47,1.0,246,522,0.471,0.474,-0.003,2024-25
1626181,Norman Powell,1610612746,LAC,G,32.0,60,60,1.0,257,520,0.494,0.458,0.036,2024-25
1631124,Julian Strawther,1610612743,DEN,G,23.0,64,64,1.0,242,520,0.465,0.45,0.015,2024-25
1642347,Jamal Shead,1610612761,TOR,G,22.0,75,75,1.0,259,519,0.499,0.446,0.053,2024-25
1630552,Jalen Johnson,1610612737,ATL,F,23.0,36,36,1.0,224,518,0.432,0.469,-0.036,2024-25
1628379,Luke Kennard,1610612763,MEM,G,29.0,64,64,1.0,231,507,0.456,0.458,-0.002,2024-25
1629630,Ja Morant,1610612763,MEM,G,25.0,49,49,1.0,232,506,0.458,0.461,-0.002,2024-25
1642345,Oso Ighodaro,1610612756,PHX,F,22.0,57,57,1.0,233,503,0.463,0.474,-0.011,2024-25
1641730,Noah Clowney,1610612751,BKN,F-C,20.0,46,46,1.0,232,503,0.461,0.471,-0.01,2024-25
1629611,Terance Mann,1610612737,ATL,G-F,28.0,67,67,1.0,231,502,0.46,0.46,0.0,2024-25
1629731,Dean Wade,1610612739,CLE,F-C,28.0,59,59,1.0,232,499,0.465,0.469,-0.004,2024-25
201587,Nicolas Batum,1610612746,LAC,G-F,36.0,78,78,1.0,197,498,0.396,0.47,-0.075,2024-25
1629674,Neemias Queta,1610612738,BOS,C,25.0,58,58,1.0,228,497,0.459,0.471,-0.012,2024-25
1641729,Brice Sensabaugh,1610612762,UTA,F,21.0,70,70,1.0,245,496,0.494,0.46,0.034,2024-25
1641737,Adem Bona,1610612755,PHI,F,22.0,51,51,1.0,225,490,0.459,0.478,-0.019,2024-25
203924,Jerami Grant,1610612757,POR,F,31.0,47,47,1.0,220,490,0.449,0.47,-0.021,2024-25
1642348,Justin Edwards,1610612755,PHI,F,21.0,44,44,1.0,241,489,0.493,0.457,0.036,2024-25
202331,Paul George,1610612755,PHI,F,35.0,41,41,1.0,225,487,0.462,0.464,-0.002,2024-25
1630188,Jalen Smith,1610612741,CHI,F-C,25.0,63,63,1.0,231,487,0.474,0.474,0.0,2024-25
1642275,Tidjane Salaün,1610612766,CHA,F,19.0,59,59,1.0,225,486,0.463,0.463,0.0,2024-25
1631213,Tyrese Martin,1610612751,BKN,F,26.0,57,57,1.0,243,486,0.5,0.462,0.038,2024-25
1628998,Cody Martin,1610612756,PHX,F,29.0,53,53,1.0,232,485,0.478,0.468,0.01,2024-25
1627936,Alex Caruso,1610612760,OKC,G,31.0,54,54,1.0,191,484,0.395,0.467,-0.072,2024-25
1630245,Ayo Dosunmu,1610612741,CHI,G,25.0,46,46,1.0,240,483,0.497,0.459,0.038,2024-25
1629012,Collin Sexton,1610612762,UTA,G,26.0,63,63,1.0,227,480,0.473,0.463,0.01,2024-25
1630643,Jay Huff,1610612763,MEM,C,27.0,60,60,1.0,228,478,0.477,0.484,-0.007,2024-25
1631218,Trayce Jackson-Davis,1610612744,GSW,F,25.0,59,59,1.0,229,476,0.481,0.484,-0.003,2024-25
1631096,Chet Holmgren,1610612760,OKC,C-F,23.0,32,32,1.0,198,474,0.418,0.488,-0.071,2024-25
1630175,Cole Anthony,1610612763,MEM,G,25.0,67,67,1.0,224,472,0.475,0.458,0.017,2024-25
1630631,Jose Alvarado,1610612740,NOP,G,27.0,56,56,1.0,204,466,0.438,0.458,-0.02,2024-25
1628381,John Collins,1610612762,UTA,F-C,27.0,40,40,1.0,225,464,0.485,0.479,0.006,2024-25
203482,Kelly Olynyk,1610612740,NOP,F-C,34.0,44,44,1.0,211,460,0.459,0.475,-0.017,2024-25
1630163,LaMelo Ball,1610612766,CHA,G,23.0,47,47,1.0,227,457,0.497,0.456,0.041,2024-25
1641767,Ben Sheppard,1610612754,IND,G,23.0,62,62,1.0,207,454,0.456,0.456,0.0,2024-25
1641733,Nick Smith Jr.,1610612766,CHA,G,21.0,57,57,1.0,232,453,0.512,0.456,0.056,2024-25
1631119,Jaylin Williams,1610612760,OKC,F,23.0,47,47,1.0,190,452,0.42,0.478,-0.058,2024-25
1631323,Simone Fontecchio,1610612765,DET,F,29.0,75,75,1.0,219,450,0.487,0.462,0.025,2024-25
1628418,Thomas Bryant,1610612754,IND,C-F,27.0,65,65,1.0,221,449,0.492,0.493,-0.001,2024-25
1630249,Vít Krejčí,1610612737,ATL,G,25.0,55,55,1.0,210,447,0.47,0.452,0.017,2024-25
1642262,Cody Williams,1610612762,UTA,F,20.0,50,50,1.0,214,443,0.483,0.456,0.027,2024-25
1631115,Orlando Robinson,1610612761,TOR,C,24.0,43,43,1.0,196,442,0.443,0.469,-0.025,2024-25
1630174,Aaron Nesmith,1610612754,IND,G-F,25.0,45,45,1.0,191,440,0.434,0.458,-0.024,2024-25
1642266,Ja'Kobe Walter,1610612761,TOR,G,20.0,52,52,1.0,205,439,0.467,0.455,0.012,2024-25
203500,Steven Adams,1610612745,HOU,C,31.0,56,56,1.0,211,438,0.482,0.488,-0.007,2024-25
1629234,Drew Eubanks,1610612746,LAC,F-C,28.0,60,60,1.0,192,428,0.449,0.483,-0.034,2024-25
1641741,Ricky Council IV,1610612755,PHI,G,23.0,64,64,1.0,194,420,0.462,0.454,0.008,2024-25
1641842,Ronald Holland II,1610612765,DET,F,19.0,81,81,1.0,197,420,0.469,0.459,0.01,2024-25
1631255,Karlo Matković,1610612740,NOP,F-C,24.0,42,42,1.0,216,419,0.516,0.482,0.033,2024-25
1641716,Jarace Walker,1610612754,IND,F,21.0,70,70,1.0,225,418,0.538,0.453,0.085,2024-25
1627732,Ben Simmons,1610612746,LAC,G-F,28.0,51,51,1.0,192,415,0.463,0.474,-0.011,2024-25
1630549,Day'Ron Sharpe,1610612751,BKN,C,23.0,50,50,1.0,191,413,0.462,0.479,-0.017,2024-25
1628371,Jonathan Isaac,1610612753,ORL,F,27.0,71,71,1.0,196,410,0.478,0.475,0.003,2024-25
1630625,Dalano Banton,1610612757,POR,F,25.0,65,65,1.0,182,410,0.444,0.458,-0.014,2024-25
1627749,Dejounte Murray,1610612740,NOP,G,28.0,31,31,1.0,208,405,0.514,0.473,0.041,2024-25
1630215,Jared Butler,1610612755,PHI,G,24.0,58,58,1.0,178,398,0.447,0.448,-0.001,2024-25
1641763,Julian Phillips,1610612741,CHI,F,21.0,76,76,1.0,185,395,0.468,0.463,0.005,2024-25
203937,Kyle Anderson,1610612748,MIA,F-G,31.0,58,58,1.0,180,392,0.459,0.471,-0.012,2024-25
1629610,DaQuan Jeffries,1610612766,CHA,G-F,27.0,46,46,1.0,170,390,0.436,0.46,-0.025,2024-25
1630171,Isaac Okoro,1610612739,CLE,F-G,24.0,54,54,1.0,164,388,0.423,0.456,-0.033,2024-25
203083,Andre Drummond,1610612755,PHI,C,31.0,39,39,1.0,204,388,0.526,0.484,0.042,2024-25
1642366,Quinten Post,1610612744,GSW,C,25.0,40,40,1.0,174,381,0.457,0.479,-0.023,2024-25
1631207,Dalen Terry,1610612741,CHI,F,22.0,72,72,1.0,158,378,0.418,0.453,-0.035,2024-25
1630527,Brandon Boston Jr.,1610612740,NOP,G,23.0,42,42,1.0,195,376,0.519,0.463,0.056,2024-25
202695,Kawhi Leonard,1610612746,LAC,F,34.0,37,37,1.0,180,374,0.481,0.468,0.013,2024-25
1630228,Jonathan Kuminga,1610612744,GSW,F,22.0,47,47,1.0,164,373,0.44,0.468,-0.028,2024-25
1630591,Jalen Suggs,1610612753,ORL,G,24.0,35,35,1.0,169,372,0.454,0.467,-0.013,2024-25
1641748,Andre Jackson Jr.,1610612749,MIL,G,23.0,61,61,1.0,177,371,0.477,0.456,0.021,2024-25
1630570,Trendon Watford,1610612751,BKN,G-F,24.0,43,43,1.0,169,371,0.456,0.467,-0.012,2024-25
1630695,Micah Potter,1610612762,UTA,C,27.0,38,38,1.0,160,366,0.437,0.467,-0.03,2024-25
1641796,Pelle Larsson,1610612748,MIA,G,24.0,49,49,1.0,176,366,0.481,0.451,0.03,2024-25
1629026,Kenrich Williams,1610612760,OKC,G-F,30.0,69,69,1.0,159,355,0.448,0.459,-0.011,2024-25
1628467,Maxi Kleber,1610612747,LAL,F,33.0,34,34,1.0,175,352,0.497,0.47,0.027,2024-25
1630611,Gui Santos,1610612744,GSW,F,23.0,55,55,1.0,164,352,0.466,0.458,0.008,2024-25
1642419,Jamison Battle,1610612761,TOR,F,24.0,55,55,1.0,160,351,0.456,0.453,0.003,2024-25
1630572,Sandro Mamukelashvili,1610612759,SAS,F-C,26.0,57,57,1.0,169,351,0.481,0.467,0.015,2024-25
1631200,Kris Murray,1610612757,POR,F,24.0,61,61,1.0,160,346,0.462,0.461,0.001,2024-25
1630192,Zeke Nnaji,1610612743,DEN,F-C,24.0,49,49,1.0,145,340,0.426,0.464,-0.037,2024-25
1641706,Brandon Miller,1610612766,CHA,F,22.0,27,27,1.0,156,338,0.462,0.465,-0.004,2024-25
203939,Dwight Powell,1610612742,DAL,F-C,33.0,46,46,1.0,164,335,0.49,0.482,0.008,2024-25
1628449,Chris Boucher,1610612761,TOR,F,32.0,50,50,1.0,160,335,0.478,0.467,0.011,2024-25
1642354,KJ Simpson,1610612766,CHA,G,22.0,36,36,1.0,177,335,0.528,0.457,0.071,2024-25
1628971,Bruce Brown,1610612740,NOP,G-F,28.0,41,41,1.0,168,334,0.503,0.464,0.039,2024-25
1627780,Gary Payton II,1610612744,GSW,G,32.0,61,61,1.0,159,333,0.477,0.455,0.022,2024-25
1626166,Cameron Payne,1610612752,NYK,G,30.0,71,71,1.0,153,331,0.462,0.453,0.009,2024-25
203903,Jordan Clarkson,1610612762,UTA,G,33.0,37,37,1.0,164,329,0.498,0.469,0.03,2024-25
1628988,Aaron Holiday,1610612745,HOU,G,28.0,58,58,1.0,138,329,0.419,0.45,-0.031,2024-25
1630200,Tre Jones,1610612741,CHI,G,25.0,46,46,1.0,161,324,0.497,0.458,0.039,2024-25
1630231,KJ Martin,1610612762,UTA,F,24.0,41,41,1.0,140,323,0.433,0.467,-0.034,2024-25
1628366,Lonzo Ball,1610612741,CHI,G,27.0,35,35,1.0,148,321,0.461,0.458,0.003,2024-25
1631093,Jaden Ivey,1610612765,DET,G,23.0,30,30,1.0,154,320,0.481,0.456,0.026,2024-25
203114,Khris Middleton,1610612764,WAS,F,33.0,37,37,1.0,151,318,0.475,0.454,0.02,2024-25
201599,DeAndre Jordan,1610612743,DEN,C,36.0,53,53,1.0,133,316,0.421,0.491,-0.07,2024-25
203552,Seth Curry,1610612766,CHA,G,34.0,67,67,1.0,151,311,0.486,0.462,0.023,2024-25
1642263,Reed Sheppard,1610612745,HOU,G,21.0,49,49,1.0,144,307,0.469,0.454,0.015,2024-25
1630193,Immanuel Quickley,1610612761,TOR,G,26.0,33,33,1.0,150,306,0.49,0.451,0.039,2024-25
1629659,Talen Horton-Tucker,1610612741,CHI,G,24.0,55,55,1.0,130,306,0.425,0.445,-0.02,2024-25
1629627,Zion Williamson,1610612740,NOP,F,24.0,30,30,1.0,131,304,0.431,0.465,-0.034,2024-25
1630556,Kessler Edwards,1610612742,DAL,F,24.0,34,34,1.0,154,302,0.51,0.473,0.037,2024-25
1641774,Tristan Vukcevic,1610612764,WAS,F,22.0,31,31,1.0,156,302,0.517,0.468,0.048,2024-25
203954,Joel Embiid,1610612755,PHI,C-F,31.0,19,19,1.0,142,301,0.472,0.481,-0.01,2024-25
202692,Alec Burks,1610612748,MIA,G,33.0,49,49,1.0,129,294,0.439,0.453,-0.015,2024-25
1631204,Marcus Sasser,1610612765,DET,G,24.0,54,54,1.0,122,293,0.416,0.449,-0.033,2024-25
1629013,Landry Shamet,1610612752,NYK,G,28.0,47,47,1.0,153,293,0.522,0.451,0.071,2024-25
1631157,Ryan Rollins,1610612749,MIL,G,22.0,52,52,1.0,126,289,0.436,0.451,-0.015,2024-25
1630560,Cam Thomas,1610612751,BKN,G,23.0,25,25,1.0,144,288,0.5,0.474,0.026,2024-25
1630322,Lindy Waters III,1610612765,DET,F,27.0,48,48,1.0,144,288,0.5,0.453,0.047,2024-25
1630579,Jericho Sims,1610612749,MIL,C,26.0,47,47,1.0,123,284,0.433,0.476,-0.043,2024-25
1628464,Daniel Theis,1610612740,NOP,F-C,33.0,38,38,1.0,139,283,0.491,0.485,0.006,2024-25
1631133,Jabari Walker,1610612757,POR,F,22.0,51,51,1.0,127,282,0.45,0.463,-0.013,2024-25
1629726,Garrison Mathews,1610612737,ATL,G,28.0,43,43,1.0,142,280,0.507,0.453,0.055,2024-25
1629111,Jock Landale,1610612745,HOU,C,29.0,40,40,1.0,142,279,0.509,0.478,0.031,2024-25
1630702,Jaden Hardy,1610612742,DAL,G,22.0,54,54,1.0,132,278,0.475,0.456,0.019,2024-25
1629004,Svi Mykhailiuk,1610612762,UTA,G-F,28.0,37,37,1.0,141,277,0.509,0.464,0.045,2024-25
1626192,Pat Connaughton,1610612749,MIL,G,32.0,41,41,1.0,134,271,0.494,0.453,0.041,2024-25
1641765,Olivier-Maxence Prosper,1610612742,DAL,F,22.0,48,48,1.0,119,267,0.446,0.463,-0.017,2024-25
1629003,Shake Milton,1610612747,LAL,G,28.0,47,47,1.0,136,265,0.513,0.454,0.059,2024-25
1642358,AJ Johnson,1610612764,WAS,G,20.0,26,26,1.0,117,260,0.45,0.445,0.005,2024-25
1626158,Richaun Holmes,1610612764,WAS,F,31.0,30,30,1.0,118,259,0.456,0.485,-0.029,2024-25
1641871,Duop Reath,1610612757,POR,C,29.0,42,42,1.0,130,257,0.506,0.481,0.025,2024-25
1629723,John Konchar,1610612763,MEM,G,29.0,41,41,1.0,118,253,0.466,0.458,0.008,2024-25
1629684,Grant Williams,1610612766,CHA,F,26.0,16,16,1.0,120,253,0.474,0.49,-0.016,2024-25
203995,Vasilije Micic,1610612756,PHX,G,31.0,41,41,1.0,117,253,0.462,0.465,-0.002,2024-25
1642272,Jared McCain,1610612755,PHI,G,21.0,23,23,1.0,128,251,0.51,0.459,0.051,2024-25
202709,Cory Joseph,1610612753,ORL,G,33.0,48,48,1.0,122,248,0.492,0.456,0.036,2024-25
1630539,Kai Jones,1610612742,DAL,C-F,24.0,36,36,1.0,118,247,0.478,0.48,-0.002,2024-25
1626153,Delon Wright,1610612752,NYK,G,33.0,37,37,1.0,109,245,0.445,0.449,-0.004,2024-25
1641787,Tosan Evbuomwan,1610612751,BKN,F,24.0,28,28,1.0,112,244,0.459,0.461,-0.002,2024-25
1629646,Charles Bassey,1610612759,SAS,C-F,24.0,31,31,1.0,109,243,0.449,0.489,-0.041,2024-25
200768,Kyle Lowry,1610612755,PHI,G,39.0,35,35,1.0,122,243,0.502,0.461,0.041,2024-25
203914,Gary Harris,1610612753,ORL,G,30.0,47,47,1.0,103,242,0.426,0.457,-0.031,2024-25
202687,Bismack Biyombo,1610612759,SAS,C,32.0,27,27,1.0,116,240,0.483,0.509,-0.026,2024-25
1630194,Paul Reed,1610612765,DET,F,26.0,44,44,1.0,115,238,0.483,0.48,0.003,2024-25
1628964,Mo Bamba,1610612740,NOP,C,27.0,32,32,1.0,105,237,0.443,0.473,-0.03,2024-25
1629021,Moritz Wagner,1610612753,ORL,F-C,28.0,29,29,1.0,121,236,0.513,0.484,0.028,2024-25
1630529,Herbert Jones,1610612740,NOP,F,26.0,20,20,1.0,118,236,0.5,0.462,0.038,2024-25
1629618,Jalen Pickett,1610612743,DEN,G,25.0,43,43,1.0,91,236,0.386,0.454,-0.069,2024-25
1631104,Blake Wesley,1610612759,SAS,G,22.0,53,53,1.0,114,235,0.485,0.445,0.04,2024-25
1629020,Jarred Vanderbilt,1610612747,LAL,F,26.0,35,35,1.0,109,232,0.47,0.475,-0.005,2024-25
1631216,Caleb Houstan,1610612753,ORL,G,22.0,54,54,1.0,111,229,0.485,0.452,0.033,2024-25
1641715,Cam Whitmore,1610612745,HOU,F,20.0,48,48,1.0,100,228,0.439,0.451,-0.013,2024-25
1641854,Craig Porter Jr.,1610612739,CLE,G,25.0,48,48,1.0,106,225,0.471,0.442,0.029,2024-25
203935,Marcus Smart,1610612764,WAS,G,31.0,33,33,1.0,93,218,0.427,0.457,-0.03,2024-25
1629006,Josh Okogie,1610612766,CHA,G,26.0,39,39,1.0,95,218,0.436,0.465,-0.029,2024-25
1626204,Larry Nance Jr.,1610612737,ATL,F-C,32.0,23,23,1.0,112,216,0.519,0.468,0.05,2024-25
1641724,Jett Howard,1610612753,ORL,G,21.0,55,55,1.0,93,216,0.431,0.451,-0.021,2024-25
1630658,Colin Castleton,1610612761,TOR,C,25.0,23,23,1.0,96,216,0.444,0.458,-0.014,2024-25
1627763,Malcolm Brogdon,1610612764,WAS,G,32.0,24,24,1.0,110,215,0.512,0.459,0.053,2024-25
1631230,Dominick Barlow,1610612737,ATL,F,22.0,33,33,1.0,102,211,0.483,0.46,0.024,2024-25
1631288,Jamal Cain,1610612740,NOP,F,26.0,34,34,1.0,87,210,0.414,0.454,-0.04,2024-25
1629626,Bol Bol,1610612756,PHX,C-F,25.0,34,34,1.0,101,210,0.481,0.469,0.012,2024-25
1630692,Jordan Goodwin,1610612747,LAL,G,26.0,28,28,1.0,109,210,0.519,0.465,0.054,2024-25
1630256,Jae'Sean Tate,1610612745,HOU,F,29.0,47,47,1.0,82,209,0.392,0.468,-0.076,2024-25
1629629,Cam Reddish,1610612747,LAL,F-G,25.0,32,32,1.0,94,208,0.452,0.467,-0.015,2024-25
1642281,Jaylon Tyson,1610612739,CLE,G-F,22.0,41,41,1.0,85,208,0.409,0.443,-0.034,2024-25
1631243,Mouhamed Gueye,1610612737,ATL,F,22.0,33,33,1.0,92,206,0.447,0.466,-0.02,2024-25
1630288,Jeff Dowtin Jr.,1610612755,PHI,G,28.0,39,39,1.0,98,206,0.476,0.457,0.019,2024-25
1641794,Dillon Jones,1610612760,OKC,F,23.0,47,47,1.0,86,204,0.422,0.45,-0.029,2024-25
203458,Alex Len,1610612747,LAL,C,32.0,40,40,1.0,103,203,0.507,0.484,0.023,2024-25
201569,Eric Gordon,1610612755,PHI,G,36.0,37,37,1.0,97,202,0.48,0.459,0.021,2024-25
1642349,Ajay Mitchell,1610612760,OKC,G,23.0,36,36,1.0,87,202,0.431,0.444,-0.014,2024-25
201959,Taj Gibson,1610612766,CHA,F,40.0,36,36,1.0,72,198,0.364,0.479,-0.115,2024-25
1628420,Monte Morris,1610612756,PHX,G,30.0,43,43,1.0,84,198,0.424,0.446,-0.022,2024-25
1631221,Collin Gillespie,1610612756,PHX,G,26.0,31,31,1.0,102,198,0.515,0.457,0.058,2024-25
1630314,Brandon Williams,1610612742,DAL,G,25.0,28,28,1.0,95,196,0.485,0.456,0.028,2024-25
1641740,Jaylen Clark,1610612750,MIN,G,23.0,37,37,1.0,88,192,0.458,0.464,-0.005,2024-25
1641732,Colby Jones,1610612764,WAS,G,23.0,29,29,1.0,90,192,0.469,0.449,0.02,2024-25
1630811,Keaton Wallace,1610612737,ATL,G,26.0,29,29,1.0,86,190,0.453,0.458,-0.006,2024-25
1641998,Trey Jemison III,1610612747,LAL,C,25.0,34,34,1.0,86,189,0.455,0.476,-0.021,2024-25
202684,Tristan Thompson,1610612739,CLE,C-F,34.0,38,38,1.0,79,185,0.427,0.461,-0.034,2024-25
1642265,Rob Dillingham,1610612750,MIN,G,20.0,42,42,1.0,80,185,0.432,0.451,-0.018,2024-25
1641810,Antonio Reeves,1610612740,NOP,G,24.0,37,37,1.0,96,185,0.519,0.452,0.066,2024-25
1631246,Vince Williams Jr.,1610612763,MEM,G,24.0,26,26,1.0,98,183,0.536,0.471,0.065,2024-25
1631223,David Roddy,1610612745,HOU,F,24.0,32,32,1.0,82,181,0.453,0.454,-0.001,2024-25
1627742,Brandon Ingram,1610612761,TOR,F,27.0,18,18,1.0,94,179,0.525,0.463,0.062,2024-25
203901,Elfrid Payton,1610612740,NOP,G,31.0,24,24,1.0,73,178,0.41,0.453,-0.043,2024-25
1641713,GG Jackson,1610612763,MEM,F,20.0,27,27,1.0,86,178,0.483,0.471,0.012,2024-25
1641816,Hunter Tyson,1610612743,DEN,F,25.0,45,45,1.0,85,176,0.483,0.453,0.03,2024-25
1631172,Ousmane Dieng,1610612760,OKC,F,22.0,34,34,1.0,75,176,0.426,0.45,-0.024,2024-25
1631111,Wendell Moore Jr.,1610612766,CHA,G,23.0,30,30,1.0,86,172,0.5,0.457,0.043,2024-25
1641878,Damion Baugh,1610612766,CHA,G,24.0,15,15,1.0,93,171,0.544,0.46,0.084,2024-25
1629057,Robert Williams III,1610612757,POR,C-F,27.0,20,20,1.0,60,169,0.355,0.467,-0.112,2024-25
1631245,Quenton Jackson,1610612754,IND,G,26.0,23,23,1.0,87,168,0.518,0.447,0.07,2024-25
1630243,Trevelin Queen,1610612753,ORL,G,28.0,28,28,1.0,83,168,0.494,0.455,0.039,2024-25
1629022,Lonnie Walker IV,1610612755,PHI,G-F,26.0,18,18,1.0,86,165,0.521,0.454,0.068,2024-25
1630639,A.J. Lawson,1610612761,TOR,G,24.0,24,24,1.0,75,164,0.457,0.446,0.011,2024-25
1631132,Christian Koloko,1610612747,LAL,C,25.0,36,36,1.0,71,162,0.438,0.473,-0.035,2024-25
1641712,Rayan Rupert,1610612757,POR,G-F,21.0,39,39,1.0,61,157,0.389,0.45,-0.061,2024-25
1642024,Alex Reese,1610612755,PHI,F-C,26.0,15,15,1.0,82,157,0.522,0.464,0.059,2024-25
1628963,Marvin Bagley III,1610612763,MEM,F,26.0,27,27,1.0,60,155,0.387,0.501,-0.114,2024-25
201145,Jeff Green,1610612745,HOU,F,38.0,32,32,1.0,78,154,0.506,0.461,0.046,2024-25
1642277,Johnny Furphy,1610612754,IND,G,20.0,36,36,1.0,71,153,0.464,0.441,0.024,2024-25
202704,Reggie Jackson,1610612755,PHI,G,35.0,30,30,1.0,79,153,0.516,0.456,0.06,2024-25
1641757,Jordan Miller,1610612746,LAC,G,25.0,31,31,1.0,81,151,0.536,0.454,0.083,2024-25
1642403,Isaac Jones,1610612758,SAC,F,24.0,33,33,1.0,68,149,0.456,0.459,-0.003,2024-25
1631131,Oscar Tshiebwe,1610612762,UTA,F-C,25.0,14,14,1.0,76,148,0.514,0.483,0.031,2024-25
1628470,Torrey Craig,1610612738,BOS,F,34.0,26,26,1.0,59,146,0.404,0.456,-0.052,2024-25
1642382,Branden Carlson,1610612760,OKC,C,26.0,24,24,1.0,54,143,0.378,0.456,-0.079,2024-25
1631248,Baylor Scheierman,1610612738,BOS,G,24.0,28,28,1.0,59,143,0.413,0.45,-0.037,2024-25
1630264,Anthony Gill,1610612764,WAS,F,32.0,38,38,1.0,73,142,0.514,0.465,0.049,2024-25
203926,Doug McDermott,1610612758,SAC,F,33.0,39,39,1.0,63,142,0.444,0.446,-0.003,2024-25
203957,Dante Exum,1610612742,DAL,G,29.0,20,20,1.0,75,142,0.528,0.466,0.062,2024-25
1641775,Jordan Walsh,1610612738,BOS,G,21.0,40,40,1.0,68,141,0.482,0.453,0.029,2024-25
1641736,Reece Beekman,1610612751,BKN,G,23.0,33,33,1.0,68,140,0.486,0.45,0.036,2024-25
1642269,Devin Carter,1610612758,SAC,G,23.0,33,33,1.0,71,135,0.526,0.453,0.073,2024-25
1628975,Jevon Carter,1610612741,CHI,G,29.0,30,30,1.0,64,134,0.478,0.452,0.026,2024-25
1630574,Ariel Hukporti,1610612752,NYK,C,23.0,22,22,1.0,56,131,0.427,0.483,-0.056,2024-25
1631232,Keion Brooks Jr.,1610612740,NOP,F,24.0,13,13,1.0,74,130,0.569,0.452,0.117,2024-25
1629011,Mitchell Robinson,1610612752,NYK,C-F,27.0,16,16,1.0,59,128,0.461,0.497,-0.036,2024-25
1630568,Luka Garza,1610612750,MIN,C,26.0,35,35,1.0,67,126,0.532,0.471,0.06,2024-25
1631103,Malaki Branham,1610612759,SAS,F,22.0,36,36,1.0,50,125,0.4,0.447,-0.047,2024-25
1630544,Tre Mann,1610612766,CHA,G,24.0,13,13,1.0,52,119,0.437,0.452,-0.015,2024-25
1641720,Jalen Hood-Schifino,1610612755,PHI,G,22.0,15,15,1.0,55,119,0.462,0.456,0.006,2024-25
1630696,Dru Smith,1610612748,MIA,G,27.0,14,14,1.0,52,119,0.437,0.456,-0.019,2024-25
201988,Patty Mills,1610612746,LAC,G,36.0,26,26,1.0,55,117,0.47,0.457,0.013,2024-25
1641721,Maxwell Lewis,1610612751,BKN,F,22.0,20,20,1.0,58,115,0.504,0.468,0.036,2024-25
1631166,Drew Timme,1610612751,BKN,F,24.0,9,9,1.0,56,115,0.487,0.471,0.016,2024-25
1631169,Josh Minott,1610612750,MIN,F,22.0,38,38,1.0,53,113,0.469,0.445,0.024,2024-25
203967,Dario Saric,1610612743,DEN,F-C,31.0,14,14,1.0,57,111,0.514,0.479,0.034,2024-25
201567,Kevin Love,1610612748,MIA,F-C,36.0,21,21,1.0,57,110,0.518,0.506,0.012,2024-25
1630214,Xavier Tillman,1610612738,BOS,F,26.0,28,28,1.0,58,110,0.527,0.462,0.065,2024-25
1629162,Jordan McLaughlin,1610612759,SAS,G,29.0,39,39,1.0,52,107,0.486,0.433,0.053,2024-25
1630545,Terrence Shannon Jr,1610612750,MIN,G-F,24.0,28,28,1.0,50,103,0.485,0.457,0.028,2024-25
1630542,Marcus Bagley,1610612755,PHI,F,23.0,10,10,1.0,40,101,0.396,0.46,-0.064,2024-25
1630283,Kylor Kelley,1610612747,LAL,C,27.0,11,11,1.0,49,100,0.49,0.493,-0.003,2024-25
1642278,Tyler Kolek,1610612752,NYK,G,24.0,25,25,1.0,51,99,0.515,0.456,0.059,2024-25
1641798,Jaylen Martin,1610612764,WAS,G,21.0,13,13,1.0,48,97,0.495,0.438,0.056,2024-25
1629680,Matisse Thybulle,1610612757,POR,G-F,28.0,15,15,1.0,44,95,0.463,0.461,0.003,2024-25
1630531,Jaden Springer,1610612762,UTA,G,22.0,31,31,1.0,46,95,0.484,0.45,0.034,2024-25
1641738,Kobe Brown,1610612746,LAC,F,25.0,26,26,1.0,50,94,0.532,0.471,0.061,2024-25
1631197,Jared Rhoden,1610612761,TOR,G,25.0,11,11,1.0,50,94,0.532,0.448,0.084,2024-25
1630550,JT Thor,1610612764,WAS,F,22.0,18,18,1.0,37,92,0.402,0.452,-0.05,2024-25
202066,Garrett Temple,1610612761,TOR,G-F,39.0,22,22,1.0,43,91,0.473,0.462,0.01,2024-25
1631098,Johnny Davis,1610612764,WAS,G,23.0,25,25,1.0,37,87,0.425,0.452,-0.027,2024-25
1641727,Dariq Whitehead,1610612751,BKN,G-F,20.0,14,14,1.0,39,86,0.453,0.447,0.007,2024-25
1629643,Chuma Okeke,1610612739,CLE,F,26.0,8,8,1.0,49,86,0.57,0.458,0.112,2024-25
1630538,Bones Hyland,1610612750,MIN,G,24.0,23,23,1.0,41,83,0.494,0.443,0.051,2024-25
1630311,Pat Spencer,1610612744,GSW,G,28.0,26,26,1.0,44,83,0.53,0.476,0.054,2024-25
1642402,Enrique Freeman,1610612754,IND,F,24.0,17,17,1.0,37,80,0.463,0.473,-0.011,2024-25
1629650,Moses Brown,1610612742,DAL,C,25.0,11,11,1.0,35,78,0.449,0.488,-0.039,2024-25
1631250,Pete Nance,1610612749,MIL,F,25.0,10,10,1.0,42,76,0.553,0.466,0.087,2024-25
1642285,Cam Spencer,1610612763,MEM,G,25.0,19,19,1.0,39,75,0.52,0.452,0.068,2024-25
1641745,Adam Flagler,1610612760,OKC,G,25.0,22,22,1.0,30,73,0.411,0.433,-0.022,2024-25
1642355,Bronny James,1610612747,LAL,G,20.0,19,19,1.0,33,72,0.458,0.454,0.004,2024-25
1631209,Isaiah Wong,1610612766,CHA,G,24.0,17,17,1.0,32,71,0.451,0.462,-0.011,2024-25
1628981,Bruno Fernando,1610612761,TOR,F-C,26.0,16,16,1.0,33,70,0.471,0.489,-0.018,2024-25
1631311,Lester Quiñones,1610612740,NOP,G,24.0,11,11,1.0,29,69,0.42,0.458,-0.038,2024-25
1631306,Cole Swider,1610612754,IND,F,26.0,10,10,1.0,27,69,0.391,0.422,-0.03,2024-25
1630205,Lamar Stevens,1610612763,MEM,F,27.0,16,16,1.0,34,68,0.5,0.489,0.011,2024-25
202693,Markieff Morris,1610612747,LAL,F,35.0,15,15,1.0,33,68,0.485,0.47,0.015,2024-25
1641809,Drew Peterson,1610612738,BOS,F,25.0,19,19,1.0,21,62,0.339,0.449,-0.11,2024-25
1630699,MarJon Beauchamp,1610612752,NYK,F,24.0,28,28,1.0,20,61,0.328,0.434,-0.106,2024-25
1628365,Markelle Fultz,1610612758,SAC,G,27.0,16,16,1.0,26,61,0.426,0.451,-0.025,2024-25
1628396,Tony Bradley,1610612754,IND,C-F,27.0,11,11,1.0,25,60,0.417,0.46,-0.043,2024-25
1629052,Oshae Brissett,1610612755,PHI,F-G,27.0,6,6,1.0,32,59,0.542,0.462,0.08,2024-25
1629669,Jaylen Nowell,1610612764,WAS,G,25.0,7,7,1.0,29,57,0.509,0.457,0.052,2024-25
1627814,Damion Lee,1610612756,PHX,G-F,32.0,18,18,1.0,25,56,0.446,0.448,-0.001,2024-25
1631466,Nate Williams,1610612745,HOU,G,26.0,13,13,1.0,29,55,0.527,0.461,0.067,2024-25
1630165,Killian Hayes,1610612751,BKN,G,23.0,6,6,1.0,27,54,0.5,0.467,0.033,2024-25
1626196,Josh Richardson,1610612748,MIA,G,31.0,8,8,1.0,34,51,0.667,0.47,0.196,2024-25
1641989,Elijah Harkless,1610612762,UTA,G,25.0,10,10,1.0,25,50,0.5,0.447,0.053,2024-25
1641723,Kobe Bufkin,1610612737,ATL,G,21.0,9,9,1.0,16,49,0.327,0.45,-0.124,2024-25
1641753,Chris Livingston,1610612749,MIL,F,21.0,14,14,1.0,23,48,0.479,0.468,0.011,2024-25
1631303,Justin Minaya,1610612757,POR,F,26.0,14,14,1.0,25,48,0.521,0.466,0.055,2024-25
1628427,Vlatko Cancar,1610612743,DEN,F,28.0,10,10,1.0,18,47,0.383,0.449,-0.066,2024-25
1630543,Isaiah Jackson,1610612754,IND,F,23.0,5,5,1.0,19,46,0.413,0.485,-0.072,2024-25
1642352,Keshad Johnson,1610612748,MIA,F,24.0,12,12,1.0,17,46,0.37,0.445,-0.076,2024-25
1642359,Pacôme Dadiet,1610612752,NYK,F,19.0,16,16,1.0,23,45,0.511,0.43,0.081,2024-25
1630537,Chris Duarte,1610612741,CHI,G,28.0,13,13,1.0,18,45,0.4,0.454,-0.054,2024-25
1641890,Tyler Smith,1610612749,MIL,F,20.0,16,16,1.0,16,44,0.364,0.452,-0.088,2024-25
1629001,De'Anthony Melton,1610612751,BKN,G,27.0,6,6,1.0,18,42,0.429,0.465,-0.036,2024-25
1642505,Alex Ducas,1610612760,OKC,G,24.0,13,13,1.0,21,40,0.525,0.437,0.088,2024-25
1631247,Luke Travers,1610612739,CLE,F,23.0,9,9,1.0,20,38,0.526,0.448,0.078,2024-25
1628995,Kevin Knox II,1610612744,GSW,F,25.0,10,10,1.0,16,37,0.432,0.452,-0.019,2024-25
1641725,Trey Alexander,1610612743,DEN,G,22.0,12,12,1.0,17,37,0.459,0.458,0.002,2024-25
1630649,Stanley Umude,1610612749,MIL,G,26.0,16,16,1.0,18,37,0.486,0.462,0.025,2024-25
1630623,Tyson Etienne,1610612751,BKN,G,25.0,7,7,1.0,20,37,0.541,0.432,0.108,2024-25
1631301,Jaylen Sims,1610612766,CHA,G,26.0,6,6,1.0,11,37,0.297,0.442,-0.144,2024-25
1641707,Taylor Hendricks,1610612762,UTA,F,21.0,3,3,1.0,15,36,0.417,0.501,-0.084,2024-25
1631102,TyTy Washington Jr.,1610612756,PHX,G,23.0,9,9,1.0,12,34,0.353,0.44,-0.087,2024-25
203109,Jae Crowder,1610612758,SAC,F,34.0,8,8,1.0,20,34,0.588,0.468,0.12,2024-25
1630585,Marcus Garrett,1610612766,CHA,G,26.0,4,4,1.0,9,33,0.273,0.471,-0.198,2024-25
1642461,Spencer Jones,1610612743,DEN,F,24.0,13,13,1.0,10,33,0.303,0.438,-0.135,2024-25
1631210,Jacob Toppin,1610612737,ATL,F,25.0,10,10,1.0,13,33,0.394,0.414,-0.02,2024-25
1642368,N'Faly Dante,1610612745,HOU,C,23.0,4,4,1.0,16,32,0.5,0.482,0.018,2024-25
1642484,RayJ Dennis,1610612754,IND,G,24.0,7,7,1.0,17,32,0.531,0.436,0.095,2024-25
1642530,Yuki Kawamura,1610612763,MEM,G,24.0,14,14,1.0,20,32,0.625,0.435,0.19,2024-25
1641790,PJ Hall,1610612743,DEN,C,23.0,12,12,1.0,8,32,0.25,0.452,-0.202,2024-25
204060,Joe Ingles,1610612750,MIN,F-G,37.0,11,11,1.0,10,31,0.323,0.456,-0.134,2024-25
1631342,Daeqwon Plowden,1610612737,ATL,G-F,26.0,5,5,1.0,15,30,0.5,0.443,0.057,2024-25
1631116,Patrick Baldwin Jr.,1610612746,LAC,F,22.0,17,17,1.0,14,29,0.483,0.454,0.029,2024-25
1631321,Sidy Cissoko,1610612757,POR,G,21.0,13,13,1.0,17,28,0.607,0.412,0.195,2024-25
1630604,E.J. Liddell,1610612741,CHI,F,24.0,9,9,1.0,14,26,0.538,0.445,0.093,2024-25
1641772,Nae'Qwan Tomlin,1610612739,CLE,F,24.0,5,5,1.0,10,25,0.4,0.443,-0.043,2024-25
1630346,Matt Ryan,1610612740,NOP,F,28.0,12,12,1.0,12,24,0.5,0.439,0.061,2024-25
1631123,Jamaree Bouyea,1610612749,MIL,G,26.0,4,4,1.0,11,24,0.458,0.429,0.029,2024-25
1642422,Armel Traore,1610612747,LAL,F,22.0,8,8,1.0,12,23,0.522,0.472,0.05,2024-25
1641734,Emoni Bates,1610612739,CLE,F,21.0,5,5,1.0,9,23,0.391,0.459,-0.068,2024-25
1641789,Jazian Gortman,1610612742,DAL,G,22.0,10,10,1.0,13,23,0.565,0.459,0.107,2024-25
1630528,Josh Christopher,1610612748,MIA,G,23.0,9,9,1.0,8,23,0.348,0.441,-0.094,2024-25
200782,P.J. Tucker,1610612752,NYK,F,40.0,3,3,1.0,14,22,0.636,0.437,0.199,2024-25
1631120,JD Davison,1610612738,BOS,G,22.0,11,11,1.0,7,22,0.318,0.464,-0.146,2024-25
1629098,Jack McVeigh,1610612745,HOU,G-F,29.0,8,8,1.0,10,22,0.455,0.433,0.021,2024-25
1630201,Malachi Flynn,1610612759,SAS,G,27.0,3,3,1.0,9,21,0.429,0.438,-0.01,2024-25
1641857,Liam Robbins,1610612749,MIL,C,25.0,10,10,1.0,9,19,0.474,0.45,0.024,2024-25
1642279,Ulrich Chomche,1610612761,TOR,C,19.0,6,6,1.0,15,19,0.789,0.47,0.32,2024-25
1642449,Tolu Smith,1610612765,DET,F,24.0,1,1,1.0,8,17,0.471,0.447,0.024,2024-25
1642353,Cam Christie,1610612746,LAC,G,19.0,7,7,1.0,6,17,0.353,0.481,-0.128,2024-25
1630600,Isaiah Mobley,1610612755,PHI,F,25.0,1,1,1.0,9,17,0.529,0.458,0.071,2024-25
1630762,Phillip Wheeler,1610612755,PHI,F,23.0,4,4,1.0,7,15,0.467,0.444,0.022,2024-25
1631121,Bryce McGowens,1610612757,POR,G,22.0,11,11,1.0,8,14,0.571,0.4,0.172,2024-25
1642384,Isaiah Crawford,1610612758,SAC,F,23.0,7,7,1.0,5,14,0.357,0.477,-0.12,2024-25
1642050,Jackson Rowe,1610612744,GSW,F,28.0,5,5,1.0,5,14,0.357,0.45,-0.093,2024-25
1630561,David Duke Jr.,1610612759,SAS,G,25.0,4,4,1.0,5,13,0.385,0.449,-0.065,2024-25
201949,James Johnson,1610612754,IND,F,38.0,8,8,1.0,5,13,0.385,0.452,-0.067,2024-25
1641766,Adama Sanogo,1610612741,CHI,F,23.0,3,3,1.0,5,12,0.417,0.507,-0.09,2024-25
1630222,Mason Jones,1610612758,SAC,G,26.0,7,7,1.0,6,12,0.5,0.417,0.083,2024-25
1641755,Kevin McCullar Jr.,1610612752,NYK,G,24.0,3,3,1.0,7,10,0.7,0.469,0.231,2024-25
1641752,Bobi Klintman,1610612765,DET,F,22.0,5,5,1.0,6,10,0.6,0.421,0.179,2024-25
1642280,Trentyn Flowers,1610612746,LAC,F,20.0,4,4,1.0,5,10,0.5,0.402,0.098,2024-25
1631159,Leonard Miller,1610612750,MIN,F,21.0,7,7,1.0,4,9,0.444,0.438,0.006,2024-25
1628408,PJ Dozier,1610612750,MIN,G-F,28.0,5,5,1.0,4,9,0.444,0.441,0.004,2024-25
1642443,Jahmir Young,1610612741,CHI,G,24.0,4,4,1.0,8,9,0.889,0.444,0.445,2024-25
1631127,Harrison Ingram,1610612759,SAS,F,22.0,4,4,1.0,5,8,0.625,0.482,0.143,2024-25
1642450,Daniss Jenkins,1610612765,DET,G,23.0,5,5,1.0,4,8,0.5,0.448,0.052,2024-25
1630618,D.J. Carton,1610612761,TOR,G,24.0,3,3,1.0,5,8,0.625,0.441,0.184,2024-25
1641803,Tristen Newton,1610612750,MIN,G,24.0,3,3,1.0,3,8,0.375,0.489,-0.114,2024-25
1641817,Anton Watson,1610612752,NYK,F,24.0,6,6,1.0,4,7,0.571,0.433,0.138,2024-25
1642502,Malevy Leons,1610612760,OKC,F,25.0,4,4,1.0,4,7,0.571,0.442,0.129,2024-25
1631386,Taze Moore,1610612757,POR,G,27.0,2,2,1.0,1,7,0.143,0.425,-0.283,2024-25
1641936,Miles Norris,1610612738,BOS,F,25.0,3,3,1.0,1,6,0.167,0.42,-0.254,2024-25
1641801,Emanuel Miller,1610612741,CHI,F,25.0,2,2,1.0,3,6,0.5,0.438,0.063,2024-25
1630164,James Wiseman,1610612754,IND,C,24.0,1,1,1.0,4,6,0.667,0.452,0.215,2024-25
1629056,Terence Davis,1610612758,SAC,G,28.0,1,1,1.0,2,5,0.4,0.427,-0.027,2024-25
1641779,Jalen Bridges,1610612756,PHX,F,24.0,4,4,1.0,1,5,0.2,0.427,-0.227,2024-25
1642385,Cui Cui,1610612751,BKN,F,22.0,2,2,1.0,2,4,0.5,0.434,0.066,2024-25
1641879,Yuri Collins,1610612744,GSW,G,24.0,2,2,1.0,3,4,0.75,0.52,0.231,2024-25
1629667,Jalen McDaniels,1610612758,SAC,F,27.0,1,1,1.0,0,3,0.0,0.394,-0.394,2024-25
1626143,Jahlil Okafor,1610612754,IND,C-F,29.0,1,1,1.0,0,3,0.0,0.513,-0.513,2024-25
1631214,Alondes Williams,1610612746,LAC,G,26.0,1,1,1.0,0,3,0.0,0.392,-0.392,2024-25
1630227,Daishen Nix,1610612750,MIN,G,23.0,2,2,1.0,1,3,0.333,0.408,-0.075,2024-25
1630296,Braxton Key,1610612744,GSW,F,28.0,1,1,1.0,3,3,1.0,0.385,0.615,2024-25
1642439,Quincy Olivari,1610612747,LAL,G,24.0,2,2,1.0,2,3,0.667,0.415,0.251,2024-25
1630644,Mac McClung,1610612753,ORL,G,26.0,2,2,1.0,1,2,0.5,0.425,0.075,2024-25
1631199,Ron Harper Jr.,1610612765,DET,G-F,25.0,1,1,1.0,0,2,0.0,0.326,-0.326,2024-25
1642399,Jesse Edwards,1610612750,MIN,C,25.0,1,1,1.0,2,2,1.0,0.43,0.57,2024-25
1642389,Zyon Pullin,1610612763,MEM,G,24.0,2,2,1.0,1,2,0.5,0.455,0.045,2024-25
1642434,Riley Minix,1610612759,SAS,F,24.0,1,1,1.0,0,2,0.0,0.368,-0.368,2024-25
1630678,Terry Taylor,1610612758,SAC,F,25.0,1,1,1.0,0,1,0.0,0.357,-0.357,2024-25
1627746,Skal Labissiere,1610612758,SAC,F-C,29.0,1,1,1.0,1,1,1.0,0.415,0.585,2024-25
1642270,Donovan Clingan,1610612757,POR,C,22.0,77,77,1.0,712,1570,0.454,0.496,-0.042,2025-26
203497,Rudy Gobert,1610612750,MIN,C,34.0,76,76,1.0,565,1283,0.44,0.491,-0.05,2025-26
1630578,Alperen Sengun,1610612745,HOU,C,23.0,71,71,1.0,646,1278,0.505,0.487,0.018,2025-26
1642852,Derik Queen,1610612740,NOP,C,21.0,81,81,1.0,594,1241,0.479,0.491,-0.012,2025-26
203999,Nikola Jokić,1610612743,DEN,C,31.0,65,65,1.0,616,1212,0.508,0.487,0.021,2025-26
1641705,Victor Wembanyama,1610612759,SAS,F-C,22.0,64,64,1.0,470,1155,0.407,0.493,-0.086,2025-26
1630567,Scottie Barnes,1610612761,TOR,F-G,24.0,79,79,1.0,550,1140,0.482,0.477,0.006,2025-26
1642875,Maxime Raynaud,1610612758,SAC,C,23.0,74,74,1.0,550,1109,0.496,0.487,0.009,2025-26
1641739,Toumani Camara,1610612757,POR,F,26.0,82,82,1.0,533,1108,0.481,0.471,0.01,2025-26
1628401,Derrick White,1610612738,BOS,G,31.0,77,77,1.0,472,1094,0.431,0.464,-0.032,2025-26
1628389,Bam Adebayo,1610612748,MIA,C-F,28.0,73,73,1.0,498,1093,0.456,0.486,-0.03,2025-26
1630168,Onyeka Okongwu,1610612737,ATL,F-C,25.0,74,74,1.0,518,1076,0.481,0.49,-0.009,2025-26
1641824,Matas Buzelis,1610612741,CHI,F,21.0,76,76,1.0,506,1076,0.47,0.473,-0.003,2025-26
1630596,Evan Mobley,1610612739,CLE,C,25.0,65,65,1.0,472,1073,0.44,0.486,-0.046,2025-26
1642851,Kon Knueppel,1610612766,CHA,G-F,20.0,81,81,1.0,469,1061,0.442,0.467,-0.025,2025-26
1627750,Jamal Murray,1610612743,DEN,G,29.0,75,75,1.0,507,1059,0.479,0.462,0.017,2025-26
1629029,Luka Dončić,1610612747,LAL,F-G,27.0,64,64,1.0,508,1054,0.482,0.472,0.01,2025-26
1630700,Dyson Daniels,1610612737,ATL,G,23.0,76,76,1.0,490,1053,0.465,0.472,-0.007,2025-26
1630183,Jaden McDaniels,1610612750,MIN,F,25.0,73,73,1.0,472,1051,0.449,0.472,-0.023,2025-26
1642843,Cooper Flagg,1610612742,DAL,F,19.0,70,70,1.0,475,1030,0.461,0.47,-0.009,2025-26
1626167,Myles Turner,1610612749,MIL,C-F,30.0,71,71,1.0,497,1024,0.485,0.484,0.001,2025-26
1631095,Jabari Smith Jr.,1610612745,HOU,F,23.0,77,77,1.0,466,1023,0.456,0.468,-0.013,2025-26
1626157,Karl-Anthony Towns,1610612752,NYK,C-F,30.0,74,74,1.0,484,1016,0.476,0.486,-0.009,2025-26
1629028,Deandre Ayton,1610612747,LAL,C,27.0,72,72,1.0,489,1012,0.483,0.483,0.0,2025-26
1631094,Paolo Banchero,1610612753,ORL,F,23.0,72,72,1.0,491,1005,0.489,0.476,0.012,2025-26
1631217,Moussa Diabaté,1610612766,CHA,F,24.0,73,73,1.0,488,1004,0.486,0.485,0.001,2025-26
1629674,Neemias Queta,1610612738,BOS,C,26.0,75,75,1.0,446,1000,0.446,0.487,-0.041,2025-26
1628976,Wendell Carter Jr.,1610612753,ORL,C-F,27.0,78,78,1.0,463,1000,0.463,0.49,-0.027,2025-26
1628436,Luke Kornet,1610612759,SAS,C-F,30.0,68,68,1.0,452,996,0.454,0.493,-0.039,2025-26
202696,Nikola Vučević,1610612738,BOS,C,35.0,63,63,1.0,486,994,0.489,0.494,-0.005,2025-26
1629638,Nickeil Alexander-Walker,1610612737,ATL,G,27.0,78,78,1.0,505,983,0.514,0.462,0.051,2025-26
1642263,Reed Sheppard,1610612745,HOU,G,22.0,82,82,1.0,464,983,0.472,0.459,0.013,2025-26
1631157,Ryan Rollins,1610612749,MIL,G,23.0,74,74,1.0,442,981,0.451,0.46,-0.009,2025-26
1631096,Chet Holmgren,1610612760,OKC,C-F,24.0,69,69,1.0,396,965,0.41,0.484,-0.073,2025-26
1642845,VJ Edgecombe,1610612755,PHI,G,20.0,74,74,1.0,453,959,0.472,0.465,0.007,2025-26
1630643,Jay Huff,1610612754,IND,C,28.0,81,81,1.0,439,956,0.459,0.49,-0.031,2025-26
1642847,Jeremiah Fears,1610612740,NOP,G,19.0,82,82,1.0,469,951,0.493,0.464,0.03,2025-26
1631170,Jaime Jaquez Jr.,1610612748,MIA,G,25.0,75,75,1.0,444,947,0.469,0.465,0.004,2025-26
201142,Kevin Durant,1610612745,HOU,F,37.0,78,78,1.0,398,943,0.422,0.469,-0.047,2025-26
203952,Andrew Wiggins,1610612748,MIA,F,31.0,68,68,1.0,432,942,0.459,0.471,-0.012,2025-26
1628973,Jalen Brunson,1610612752,NYK,G,29.0,72,72,1.0,449,933,0.481,0.463,0.019,2025-26
1628404,Josh Hart,1610612752,NYK,G,31.0,66,66,1.0,455,933,0.488,0.475,0.013,2025-26
1628969,Mikal Bridges,1610612752,NYK,G-F,29.0,80,80,1.0,428,932,0.459,0.469,-0.01,2025-26
203468,CJ McCollum,1610612737,ATL,G,34.0,76,76,1.0,429,931,0.461,0.458,0.002,2025-26
1631260,AJ Green,1610612749,MIL,G,26.0,78,78,1.0,451,930,0.485,0.46,0.025,2025-26
1631222,Jake LaRavia,1610612747,LAL,F,24.0,82,82,1.0,445,928,0.48,0.471,0.009,2025-26
1642276,Kel'el Ware,1610612748,MIA,C,22.0,77,77,1.0,433,920,0.471,0.501,-0.031,2025-26
1642271,Kyle Filipowski,1610612762,UTA,C,22.0,76,76,1.0,470,920,0.511,0.478,0.033,2025-26
1630530,Trey Murphy III,1610612740,NOP,F,26.0,66,66,1.0,465,918,0.507,0.471,0.035,2025-26
1630552,Jalen Johnson,1610612737,ATL,F,24.0,72,72,1.0,451,918,0.491,0.479,0.013,2025-26
203944,Julius Randle,1610612750,MIN,F-C,31.0,79,79,1.0,437,910,0.48,0.481,-0.001,2025-26
1641717,Cason Wallace,1610612760,OKC,G,22.0,77,77,1.0,390,904,0.431,0.465,-0.034,2025-26
1631108,Max Christie,1610612742,DAL,G,23.0,77,77,1.0,428,900,0.476,0.466,0.009,2025-26
1631105,Jalen Duren,1610612765,DET,C,22.0,70,70,1.0,413,895,0.461,0.492,-0.03,2025-26
1631221,Collin Gillespie,1610612756,PHX,G,27.0,80,80,1.0,437,894,0.489,0.465,0.024,2025-26
1628970,Miles Bridges,1610612766,CHA,F,28.0,77,77,1.0,413,890,0.464,0.474,-0.01,2025-26
1628978,Donte DiVincenzo,1610612750,MIN,G,29.0,82,82,1.0,412,886,0.465,0.461,0.004,2025-26
1630595,Cade Cunningham,1610612765,DET,G,24.0,64,64,1.0,383,883,0.434,0.464,-0.03,2025-26
1630178,Tyrese Maxey,1610612755,PHI,G,25.0,70,70,1.0,408,878,0.465,0.458,0.006,2025-26
1641730,Noah Clowney,1610612751,BKN,F-C,21.0,65,65,1.0,460,872,0.528,0.48,0.048,2025-26
1629651,Nic Claxton,1610612751,BKN,C,27.0,69,69,1.0,407,865,0.471,0.486,-0.016,2025-26
1630217,Desmond Bane,1610612753,ORL,G,28.0,82,82,1.0,371,863,0.43,0.462,-0.032,2025-26
201935,James Harden,1610612739,CLE,G,36.0,70,70,1.0,400,861,0.465,0.468,-0.003,2025-26
1627783,Pascal Siakam,1610612754,IND,F,32.0,62,62,1.0,421,861,0.489,0.48,0.009,2025-26
1627739,Kris Dunn,1610612746,LAC,G,32.0,82,82,1.0,386,860,0.449,0.466,-0.017,2025-26
1642259,Alex Sarr,1610612764,WAS,C,21.0,48,48,1.0,423,857,0.494,0.496,-0.003,2025-26
203110,Draymond Green,1610612744,GSW,F,36.0,68,68,1.0,391,855,0.457,0.49,-0.033,2025-26
1630572,Sandro Mamukelashvili,1610612761,TOR,F-C,27.0,79,79,1.0,400,849,0.471,0.471,0.0,2025-26
1628384,OG Anunoby,1610612752,NYK,F-G,28.0,66,66,1.0,379,847,0.447,0.474,-0.026,2025-26
1641750,Ryan Kalkbrenner,1610612766,CHA,C,24.0,69,69,1.0,395,844,0.468,0.493,-0.025,2025-26
1631109,Mark Williams,1610612756,PHX,C,24.0,60,60,1.0,429,842,0.51,0.495,0.015,2025-26
201572,Brook Lopez,1610612746,LAC,C,38.0,75,75,1.0,366,842,0.435,0.498,-0.063,2025-26
1626220,Royce O'Neale,1610612756,PHX,F,33.0,78,78,1.0,405,841,0.482,0.479,0.003,2025-26
1630577,Julian Champagnie,1610612759,SAS,F,25.0,82,82,1.0,400,832,0.481,0.464,0.017,2025-26
1642345,Oso Ighodaro,1610612756,PHX,F,23.0,82,82,1.0,370,828,0.447,0.478,-0.031,2025-26
1628368,De'Aaron Fox,1610612759,SAS,G,28.0,72,72,1.0,377,824,0.458,0.46,-0.003,2025-26
1641710,Anthony Black,1610612753,ORL,G,22.0,63,63,1.0,400,817,0.49,0.463,0.027,2025-26
1630173,Precious Achiuwa,1610612758,SAC,F,26.0,72,72,1.0,379,817,0.464,0.482,-0.019,2025-26
1628971,Bruce Brown,1610612743,DEN,G-F,29.0,82,82,1.0,372,815,0.456,0.464,-0.007,2025-26
1628983,Shai Gilgeous-Alexander,1610612760,OKC,G,27.0,68,68,1.0,344,814,0.423,0.463,-0.04,2025-26
1629023,P.J. Washington,1610612742,DAL,F,27.0,56,56,1.0,386,811,0.476,0.48,-0.004,2025-26
1627759,Jaylen Brown,1610612738,BOS,G-F,29.0,71,71,1.0,340,805,0.422,0.464,-0.042,2025-26
1627742,Brandon Ingram,1610612761,TOR,F,28.0,76,76,1.0,368,802,0.459,0.465,-0.006,2025-26
1630230,Naji Marshall,1610612742,DAL,F,28.0,74,74,1.0,389,800,0.486,0.474,0.012,2025-26
1630202,Payton Pritchard,1610612738,BOS,G,28.0,79,79,1.0,371,795,0.467,0.457,0.01,2025-26
1629675,Naz Reid,1610612750,MIN,C-F,26.0,77,77,1.0,371,795,0.467,0.474,-0.007,2025-26
1631230,Dominick Barlow,1610612755,PHI,F,23.0,70,70,1.0,366,789,0.464,0.475,-0.011,2025-26
1641708,Amen Thompson,1610612745,HOU,G-F,23.0,79,79,1.0,348,788,0.442,0.467,-0.026,2025-26
1641764,Brandin Podziemski,1610612744,GSW,G,23.0,82,82,1.0,377,784,0.481,0.473,0.008,2025-26
1641706,Brandon Miller,1610612766,CHA,F,23.0,65,65,1.0,352,783,0.45,0.465,-0.016,2025-26
1630558,Davion Mitchell,1610612748,MIA,G,27.0,70,70,1.0,374,782,0.478,0.46,0.019,2025-26
1630166,Deni Avdija,1610612757,POR,F,25.0,66,66,1.0,376,773,0.486,0.472,0.014,2025-26
1628381,John Collins,1610612746,LAC,F-C,28.0,69,69,1.0,344,761,0.452,0.471,-0.019,2025-26
1642264,Stephon Castle,1610612759,SAS,G,21.0,68,68,1.0,343,761,0.451,0.47,-0.019,2025-26
1630573,Sam Hauser,1610612738,BOS,F,28.0,78,78,1.0,348,760,0.458,0.463,-0.006,2025-26
1642273,Kyshawn George,1610612764,WAS,F,22.0,48,48,1.0,356,756,0.471,0.472,-0.001,2025-26
1641709,Ausar Thompson,1610612765,DET,G-F,23.0,72,72,1.0,328,754,0.435,0.465,-0.03,2025-26
1629130,Duncan Robinson,1610612765,DET,F,32.0,77,77,1.0,336,753,0.446,0.458,-0.012,2025-26
1642363,Nique Clifford,1610612758,SAC,G,24.0,75,75,1.0,371,752,0.493,0.464,0.029,2025-26
1630193,Immanuel Quickley,1610612761,TOR,G,27.0,70,70,1.0,340,751,0.453,0.459,-0.006,2025-26
1641783,Tristan da Silva,1610612753,ORL,F,25.0,77,77,1.0,358,750,0.477,0.465,0.013,2025-26
1642883,Sion James,1610612766,CHA,G,23.0,82,82,1.0,341,750,0.455,0.47,-0.015,2025-26
203501,Tim Hardaway Jr.,1610612743,DEN,G-F,34.0,80,80,1.0,373,749,0.498,0.461,0.037,2025-26
1642267,Bub Carrington,1610612764,WAS,G,20.0,82,82,1.0,374,738,0.507,0.464,0.042,2025-26
1627826,Ivica Zubac,1610612754,IND,C,29.0,48,48,1.0,335,737,0.455,0.498,-0.043,2025-26
1642846,Ace Bailey,1610612762,UTA,F,19.0,71,71,1.0,351,736,0.477,0.469,0.008,2025-26
1629656,Quentin Grimes,1610612755,PHI,G,26.0,74,74,1.0,316,734,0.431,0.46,-0.03,2025-26
1630581,Josh Giddey,1610612741,CHI,G,23.0,53,53,1.0,362,732,0.495,0.467,0.028,2025-26
1628386,Jarrett Allen,1610612739,CLE,C,28.0,56,56,1.0,337,729,0.462,0.5,-0.038,2025-26
1642377,Jaylen Wells,1610612763,MEM,F,22.0,69,69,1.0,346,728,0.475,0.467,0.008,2025-26
1642281,Jaylon Tyson,1610612739,CLE,G-F,23.0,66,66,1.0,316,724,0.436,0.461,-0.024,2025-26
1628991,Jaren Jackson Jr.,1610612762,UTA,F-C,26.0,48,48,1.0,307,717,0.428,0.483,-0.055,2025-26
201942,DeMar DeRozan,1610612758,SAC,G-F,36.0,77,77,1.0,372,716,0.52,0.475,0.044,2025-26
1626164,Devin Booker,1610612756,PHX,G,29.0,64,64,1.0,324,716,0.453,0.468,-0.015,2025-26
1642274,Yves Missi,1610612740,NOP,C,22.0,66,66,1.0,310,712,0.435,0.481,-0.045,2025-26
1629652,Luguentz Dort,1610612760,OKC,G,27.0,69,69,1.0,318,709,0.449,0.467,-0.019,2025-26
1641796,Pelle Larsson,1610612748,MIA,G,25.0,69,69,1.0,327,705,0.464,0.462,0.002,2025-26
1629655,Daniel Gafford,1610612742,DAL,F-C,27.0,55,55,1.0,339,705,0.481,0.494,-0.013,2025-26
1631212,Peyton Watson,1610612743,DEN,G,23.0,54,54,1.0,329,704,0.467,0.468,-0.001,2025-26
1630559,Austin Reaves,1610612747,LAL,G,28.0,51,51,1.0,344,702,0.49,0.47,0.021,2025-26
1626171,Bobby Portis Jr.,1610612749,MIL,F,31.0,67,67,1.0,361,699,0.516,0.482,0.034,2025-26
1630162,Anthony Edwards,1610612750,MIN,G,24.0,61,61,1.0,322,696,0.463,0.468,-0.006,2025-26
1631119,Jaylin Williams,1610612760,OKC,F,24.0,65,65,1.0,294,690,0.426,0.488,-0.062,2025-26
1629628,RJ Barrett,1610612761,TOR,F-G,26.0,56,56,1.0,327,688,0.475,0.467,0.009,2025-26
1642907,Cedric Coward,1610612763,MEM,G,22.0,60,60,1.0,310,685,0.453,0.467,-0.015,2025-26
1628378,Donovan Mitchell,1610612739,CLE,G,29.0,70,70,1.0,324,680,0.476,0.466,0.011,2025-26
1641718,Keyonte George,1610612762,UTA,G,22.0,53,53,1.0,356,677,0.526,0.466,0.06,2025-26
1642366,Quinten Post,1610612744,GSW,C,26.0,67,67,1.0,308,675,0.456,0.483,-0.026,2025-26
1630171,Isaac Okoro,1610612741,CHI,F-G,25.0,61,61,1.0,309,674,0.458,0.474,-0.015,2025-26
202695,Kawhi Leonard,1610612746,LAC,F,35.0,65,65,1.0,345,674,0.512,0.472,0.04,2025-26
1641729,Brice Sensabaugh,1610612762,UTA,F,22.0,73,73,1.0,335,671,0.499,0.462,0.037,2025-26
203084,Harrison Barnes,1610612759,SAS,F,34.0,77,77,1.0,305,664,0.459,0.472,-0.012,2025-26
1628415,Dillon Brooks,1610612756,PHX,G-F,30.0,56,56,1.0,309,662,0.467,0.473,-0.007,2025-26
1641716,Jarace Walker,1610612754,IND,F,22.0,76,76,1.0,327,662,0.494,0.468,0.025,2025-26
1631165,Keon Ellis,1610612739,CLE,G,26.0,72,72,1.0,303,649,0.467,0.464,0.003,2025-26
1628398,Kyle Kuzma,1610612749,MIL,F,30.0,69,69,1.0,286,646,0.443,0.469,-0.027,2025-26
1629627,Zion Williamson,1610612740,NOP,F,25.0,62,62,1.0,281,646,0.435,0.473,-0.038,2025-26
1630191,Isaiah Stewart,1610612765,DET,F-C,25.0,58,58,1.0,283,644,0.439,0.476,-0.037,2025-26
1630180,Saddiq Bey,1610612740,NOP,G-F,27.0,72,72,1.0,311,644,0.483,0.475,0.007,2025-26
1629614,Andrew Nembhard,1610612754,IND,G-F,26.0,57,57,1.0,331,643,0.515,0.468,0.047,2025-26
1629111,Jock Landale,1610612737,ATL,C,30.0,68,68,1.0,330,642,0.514,0.495,0.019,2025-26
1630551,Justin Champagnie,1610612764,WAS,G-F,25.0,67,67,1.0,316,640,0.494,0.472,0.022,2025-26
1629060,Rui Hachimura,1610612747,LAL,F,28.0,68,68,1.0,320,639,0.501,0.47,0.031,2025-26
1630591,Jalen Suggs,1610612753,ORL,G,25.0,57,57,1.0,312,638,0.489,0.468,0.022,2025-26
1628989,Kevin Huerter,1610612765,DET,G-F,27.0,69,69,1.0,292,638,0.458,0.46,-0.002,2025-26
1630611,Gui Santos,1610612744,GSW,F,24.0,65,65,1.0,318,637,0.499,0.47,0.029,2025-26
1630170,Devin Vassell,1610612759,SAS,G-F,25.0,67,67,1.0,291,633,0.46,0.469,-0.009,2025-26
202699,Tobias Harris,1610612765,DET,F,33.0,63,63,1.0,274,630,0.435,0.474,-0.039,2025-26
1642258,Zaccharie Risacher,1610612737,ATL,F,21.0,67,67,1.0,303,626,0.484,0.464,0.02,2025-26
1630541,Moses Moody,1610612744,GSW,G,24.0,60,60,1.0,291,624,0.466,0.466,0.0,2025-26
1642383,Walter Clayton Jr.,1610612763,MEM,G,23.0,68,68,1.0,296,624,0.474,0.458,0.016,2025-26
203954,Joel Embiid,1610612755,PHI,C-F,32.0,38,38,1.0,277,622,0.445,0.486,-0.041,2025-26
1629640,Keldon Johnson,1610612759,SAS,F-G,26.0,82,82,1.0,272,615,0.442,0.474,-0.031,2025-26
203083,Andre Drummond,1610612755,PHI,C,32.0,62,62,1.0,303,615,0.493,0.496,-0.004,2025-26
1642285,Cam Spencer,1610612763,MEM,G,26.0,72,72,1.0,313,611,0.512,0.464,0.048,2025-26
1628963,Marvin Bagley III,1610612742,DAL,F,27.0,60,60,1.0,282,611,0.462,0.49,-0.028,2025-26
1628379,Luke Kennard,1610612747,LAL,G,30.0,77,77,1.0,302,609,0.496,0.461,0.035,2025-26
1626162,Kelly Oubre Jr.,1610612755,PHI,F-G,30.0,50,50,1.0,289,607,0.476,0.468,0.008,2025-26
1642347,Jamal Shead,1610612761,TOR,G,23.0,81,81,1.0,291,605,0.481,0.459,0.022,2025-26
1630583,Santi Aldama,1610612763,MEM,F-C,25.0,43,43,1.0,292,605,0.483,0.482,0.0,2025-26
203471,Dennis Schröder,1610612739,CLE,G,32.0,70,70,1.0,288,604,0.477,0.463,0.014,2025-26
1642266,Ja'Kobe Walter,1610612761,TOR,G,21.0,71,71,1.0,278,603,0.461,0.462,-0.001,2025-26
1630200,Tre Jones,1610612741,CHI,G,26.0,64,64,1.0,296,598,0.495,0.458,0.037,2025-26
1630245,Ayo Dosunmu,1610612750,MIN,G,26.0,69,69,1.0,258,598,0.431,0.461,-0.029,2025-26
1630598,Aaron Wiggins,1610612760,OKC,G,27.0,65,65,1.0,281,598,0.47,0.464,0.006,2025-26
203935,Marcus Smart,1610612747,LAL,G,32.0,62,62,1.0,259,598,0.433,0.463,-0.03,2025-26
1630172,Patrick Williams,1610612741,CHI,F,24.0,71,71,1.0,282,591,0.477,0.472,0.005,2025-26
1627751,Jakob Poeltl,1610612761,TOR,C,30.0,45,45,1.0,294,585,0.503,0.491,0.011,2025-26
201566,Russell Westbrook,1610612758,SAC,G,37.0,64,64,1.0,305,584,0.522,0.474,0.048,2025-26
1629012,Collin Sexton,1610612741,CHI,G,27.0,67,67,1.0,253,583,0.434,0.457,-0.023,2025-26
1630568,Luka Garza,1610612738,BOS,C,27.0,67,67,1.0,286,582,0.491,0.482,0.009,2025-26
1630314,Brandon Williams,1610612742,DAL,G,26.0,66,66,1.0,286,582,0.491,0.455,0.037,2025-26
1630163,LaMelo Ball,1610612766,CHA,G,24.0,72,72,1.0,284,575,0.494,0.457,0.037,2025-26
1641737,Adem Bona,1610612755,PHI,F,23.0,70,70,1.0,275,575,0.478,0.488,-0.01,2025-26
1629661,Cameron Johnson,1610612743,DEN,F,30.0,54,54,1.0,269,571,0.471,0.464,0.007,2025-26
2544,LeBron James,1610612747,LAL,F,41.0,60,60,1.0,277,568,0.488,0.472,0.015,2025-26
1642262,Cody Williams,1610612762,UTA,F,21.0,64,64,1.0,288,566,0.509,0.464,0.045,2025-26
1642867,Collin Murray-Boyles,1610612761,TOR,F,21.0,56,56,1.0,255,564,0.452,0.479,-0.027,2025-26
1629731,Dean Wade,1610612739,CLE,F-C,29.0,58,58,1.0,251,564,0.445,0.468,-0.023,2025-26
1641757,Jordan Miller,1610612746,LAC,G,26.0,59,59,1.0,264,561,0.471,0.463,0.007,2025-26
1629611,Terance Mann,1610612751,BKN,G-F,29.0,62,62,1.0,276,558,0.495,0.469,0.026,2025-26
1629057,Robert Williams III,1610612757,POR,C-F,28.0,59,59,1.0,237,558,0.425,0.483,-0.059,2025-26
201950,Jrue Holiday,1610612757,POR,G,36.0,53,53,1.0,255,558,0.457,0.469,-0.012,2025-26
1631128,Christian Braun,1610612743,DEN,G,25.0,44,44,1.0,266,557,0.478,0.471,0.007,2025-26
203994,Jusuf Nurkić,1610612762,UTA,C,31.0,41,41,1.0,271,557,0.487,0.498,-0.011,2025-26
1628392,Isaiah Hartenstein,1610612760,OKC,C-F,28.0,47,47,1.0,232,557,0.417,0.491,-0.074,2025-26
1631248,Baylor Scheierman,1610612738,BOS,G,25.0,74,74,1.0,250,557,0.449,0.464,-0.015,2025-26
1628960,Grayson Allen,1610612756,PHX,G,30.0,51,51,1.0,273,556,0.491,0.466,0.025,2025-26
1629637,Jaxson Hayes,1610612747,LAL,C-F,26.0,66,66,1.0,256,556,0.46,0.482,-0.021,2025-26
203114,Khris Middleton,1610612742,DAL,F,34.0,63,63,1.0,257,554,0.464,0.474,-0.01,2025-26
1630174,Aaron Nesmith,1610612754,IND,G-F,26.0,45,45,1.0,248,552,0.449,0.474,-0.025,2025-26
1642268,Isaiah Collier,1610612762,UTA,G,21.0,58,58,1.0,291,552,0.527,0.468,0.059,2025-26
1630249,Vít Krejčí,1610612757,POR,G,26.0,65,65,1.0,279,549,0.508,0.457,0.052,2025-26
1629011,Mitchell Robinson,1610612752,NYK,C-F,28.0,58,58,1.0,241,545,0.442,0.487,-0.045,2025-26
1629008,Michael Porter Jr.,1610612751,BKN,F,28.0,52,52,1.0,288,545,0.528,0.478,0.05,2025-26
1642954,Will Richard,1610612744,GSW,G,23.0,67,67,1.0,275,545,0.505,0.458,0.046,2025-26
1631106,Tari Eason,1610612745,HOU,F,25.0,60,60,1.0,253,545,0.464,0.47,-0.006,2025-26
1642860,Will Riley,1610612764,WAS,F,20.0,71,71,1.0,265,541,0.49,0.463,0.026,2025-26
1641842,Ronald Holland II,1610612765,DET,F,20.0,78,78,1.0,241,538,0.448,0.458,-0.01,2025-26
1641854,Craig Porter Jr.,1610612739,CLE,G,26.0,63,63,1.0,250,537,0.466,0.462,0.003,2025-26
1629645,Kevin Porter Jr.,1610612749,MIL,G-F,26.0,38,38,1.0,251,533,0.471,0.463,0.008,2025-26
1630198,Isaiah Joe,1610612760,OKC,G,26.0,71,71,1.0,240,530,0.453,0.459,-0.006,2025-26
1630696,Dru Smith,1610612748,MIA,G,28.0,70,70,1.0,229,527,0.435,0.459,-0.024,2025-26
1642346,Ryan Dunn,1610612756,PHX,F,23.0,69,69,1.0,235,526,0.447,0.466,-0.019,2025-26
1630692,Jordan Goodwin,1610612756,PHX,G,27.0,70,70,1.0,252,525,0.48,0.466,0.014,2025-26
1629636,Darius Garland,1610612746,LAC,G,26.0,45,45,1.0,249,524,0.475,0.459,0.017,2025-26
1630533,Ziaire Williams,1610612751,BKN,F,24.0,55,55,1.0,247,516,0.479,0.462,0.017,2025-26
1629723,John Konchar,1610612762,UTA,G,30.0,54,54,1.0,244,514,0.475,0.462,0.013,2025-26
1631097,Bennedict Mathurin,1610612746,LAC,G-F,24.0,54,54,1.0,258,513,0.503,0.469,0.034,2025-26
1631101,Shaedon Sharpe,1610612757,POR,G,23.0,50,50,1.0,270,513,0.526,0.463,0.063,2025-26
201143,Al Horford,1610612744,GSW,C-F,40.0,45,45,1.0,229,513,0.446,0.484,-0.037,2025-26
1630529,Herbert Jones,1610612740,NOP,F,27.0,56,56,1.0,244,511,0.477,0.477,0.001,2025-26
203924,Jerami Grant,1610612757,POR,F,32.0,57,57,1.0,240,511,0.47,0.47,-0.001,2025-26
1628374,Lauri Markkanen,1610612762,UTA,F-C,29.0,42,42,1.0,234,509,0.46,0.475,-0.015,2025-26
1642461,Spencer Jones,1610612743,DEN,F,25.0,62,62,1.0,232,505,0.459,0.47,-0.01,2025-26
1642856,Egor Dëmin,1610612751,BKN,G,20.0,52,52,1.0,255,502,0.508,0.469,0.039,2025-26
1642450,Daniss Jenkins,1610612765,DET,G,24.0,69,69,1.0,244,502,0.486,0.461,0.025,2025-26
1629750,Javonte Green,1610612765,DET,G,32.0,81,81,1.0,233,500,0.466,0.471,-0.005,2025-26
1630695,Micah Potter,1610612754,IND,C,28.0,45,45,1.0,264,498,0.53,0.484,0.046,2025-26
1642848,Tre Johnson,1610612764,WAS,G,20.0,59,59,1.0,243,497,0.489,0.459,0.03,2025-26
1642874,Danny Wolf,1610612751,BKN,F,22.0,55,55,1.0,221,497,0.445,0.471,-0.026,2025-26
203939,Dwight Powell,1610612742,DAL,F-C,34.0,57,57,1.0,252,495,0.509,0.493,0.016,2025-26
1630543,Isaiah Jackson,1610612746,LAC,F,24.0,55,55,1.0,242,495,0.489,0.491,-0.002,2025-26
1630549,Day'Ron Sharpe,1610612751,BKN,C,24.0,62,62,1.0,241,494,0.488,0.483,0.005,2025-26
1627884,Derrick Jones Jr.,1610612746,LAC,F,29.0,50,50,1.0,213,492,0.433,0.473,-0.041,2025-26
1626181,Norman Powell,1610612748,MIA,G,33.0,57,57,1.0,254,490,0.518,0.464,0.054,2025-26
1629014,Anfernee Simons,1610612741,CHI,G,27.0,55,55,1.0,229,489,0.468,0.456,0.012,2025-26
1631243,Mouhamed Gueye,1610612737,ATL,F,23.0,75,75,1.0,213,489,0.436,0.484,-0.049,2025-26
1641713,GG Jackson,1610612763,MEM,F,21.0,49,49,1.0,241,487,0.495,0.472,0.023,2025-26
1630188,Jalen Smith,1610612741,CHI,F-C,26.0,52,52,1.0,227,486,0.467,0.487,-0.02,2025-26
1630538,Bones Hyland,1610612750,MIN,G,25.0,69,69,1.0,236,486,0.486,0.457,0.029,2025-26
1642844,Dylan Harper,1610612759,SAS,G,20.0,69,69,1.0,212,481,0.441,0.455,-0.014,2025-26
1629048,Goga Bitadze,1610612753,ORL,C-F,26.0,63,63,1.0,227,481,0.472,0.483,-0.011,2025-26
1641775,Jordan Walsh,1610612738,BOS,G,22.0,65,65,1.0,212,479,0.443,0.466,-0.023,2025-26
1630241,Sam Merrill,1610612739,CLE,G,30.0,52,52,1.0,227,478,0.475,0.468,0.007,2025-26
1630194,Paul Reed,1610612765,DET,F,27.0,63,63,1.0,203,473,0.429,0.488,-0.059,2025-26
1641765,Olivier-Maxence Prosper,1610612763,MEM,F,23.0,47,47,1.0,245,472,0.519,0.487,0.032,2025-26
1642272,Jared McCain,1610612760,OKC,G,22.0,66,66,1.0,225,472,0.477,0.459,0.018,2025-26
1630579,Jericho Sims,1610612749,MIL,C,27.0,64,64,1.0,213,471,0.452,0.472,-0.02,2025-26
1642349,Ajay Mitchell,1610612760,OKC,G,24.0,57,57,1.0,193,471,0.41,0.459,-0.049,2025-26
1627747,Caris LeVert,1610612765,DET,G,31.0,60,60,1.0,212,471,0.45,0.46,-0.01,2025-26
1641707,Taylor Hendricks,1610612763,MEM,F,22.0,56,56,1.0,240,470,0.511,0.477,0.034,2025-26
1642364,Jamir Watkins,1610612764,WAS,F,24.0,47,47,1.0,240,468,0.513,0.474,0.039,2025-26
1630631,Jose Alvarado,1610612752,NYK,G,28.0,68,68,1.0,222,465,0.477,0.461,0.017,2025-26
1631323,Simone Fontecchio,1610612748,MIA,F,30.0,68,68,1.0,205,461,0.445,0.463,-0.018,2025-26
1642920,Kobe Sanders,1610612746,LAC,G,24.0,67,67,1.0,215,459,0.468,0.46,0.008,2025-26
1641731,Bilal Coulibaly,1610612764,WAS,G,21.0,56,56,1.0,221,459,0.481,0.477,0.004,2025-26
1641767,Ben Sheppard,1610612754,IND,G,24.0,65,65,1.0,220,457,0.481,0.46,0.021,2025-26
1631172,Ousmane Dieng,1610612749,MIL,F,23.0,57,57,1.0,205,456,0.45,0.457,-0.007,2025-26
203991,Clint Capela,1610612745,HOU,C,32.0,74,74,1.0,181,455,0.398,0.486,-0.089,2025-26
1631255,Karlo Matković,1610612740,NOP,F-C,25.0,61,61,1.0,199,454,0.438,0.48,-0.042,2025-26
1630311,Pat Spencer,1610612744,GSW,G,29.0,60,60,1.0,237,453,0.523,0.466,0.057,2025-26
1629006,Josh Okogie,1610612745,HOU,G,27.0,75,75,1.0,212,452,0.469,0.461,0.008,2025-26
1642849,Nolan Traore,1610612751,BKN,G,20.0,54,54,1.0,223,451,0.494,0.466,0.029,2025-26
202691,Klay Thompson,1610612742,DAL,G,36.0,69,69,1.0,197,450,0.438,0.464,-0.027,2025-26
1629004,Svi Mykhailiuk,1610612762,UTA,G-F,29.0,50,50,1.0,218,450,0.484,0.47,0.015,2025-26
1642948,Ryan Nembhard,1610612742,DAL,G,23.0,60,60,1.0,206,449,0.459,0.461,-0.002,2025-26
1628370,Malik Monk,1610612758,SAC,G,28.0,62,62,1.0,215,444,0.484,0.456,0.029,2025-26
1630264,Anthony Gill,1610612764,WAS,F,33.0,47,47,1.0,223,443,0.503,0.477,0.027,2025-26
1642864,Hugo González,1610612738,BOS,G,20.0,70,70,1.0,188,439,0.428,0.464,-0.035,2025-26
204001,Kristaps Porziņģis,1610612744,GSW,F-C,30.0,32,32,1.0,199,438,0.454,0.489,-0.035,2025-26
1630557,Corey Kispert,1610612737,ATL,F,27.0,58,58,1.0,201,436,0.461,0.459,0.002,2025-26
1629632,Coby White,1610612766,CHA,G,26.0,50,50,1.0,200,435,0.46,0.456,0.004,2025-26
1642857,Kasparas Jakučionis,1610612748,MIA,G,20.0,50,50,1.0,205,434,0.472,0.463,0.009,2025-26
201587,Nicolas Batum,1610612746,LAC,G-F,37.0,71,71,1.0,216,433,0.499,0.469,0.03,2025-26
203897,Zach LaVine,1610612758,SAC,G,31.0,39,39,1.0,220,433,0.508,0.474,0.034,2025-26
1629001,De'Anthony Melton,1610612744,GSW,G,28.0,49,49,1.0,230,432,0.532,0.469,0.063,2025-26
202685,Jonas Valanciunas,1610612743,DEN,C,34.0,63,63,1.0,214,432,0.495,0.487,0.008,2025-26
1629631,De'Andre Hunter,1610612758,SAC,F-G,28.0,45,45,1.0,213,430,0.495,0.478,0.017,2025-26
1627824,Guerschon Yabusele,1610612741,CHI,F,30.0,66,66,1.0,213,427,0.499,0.481,0.017,2025-26
1631321,Sidy Cissoko,1610612757,POR,G,22.0,70,70,1.0,210,427,0.492,0.468,0.024,2025-26
1642928,Dylan Cardwell,1610612758,SAC,C,24.0,44,44,1.0,193,422,0.457,0.493,-0.035,2025-26
1630540,Miles McBride,1610612752,NYK,G,25.0,41,41,1.0,190,420,0.452,0.455,-0.003,2025-26
203903,Jordan Clarkson,1610612752,NYK,G,34.0,69,69,1.0,209,419,0.499,0.455,0.043,2025-26
1631200,Kris Murray,1610612757,POR,F,25.0,57,57,1.0,181,418,0.433,0.466,-0.033,2025-26
1629013,Landry Shamet,1610612752,NYK,G,29.0,49,49,1.0,199,417,0.477,0.457,0.02,2025-26
202331,Paul George,1610612755,PHI,F,36.0,37,37,1.0,203,417,0.487,0.473,0.014,2025-26
201939,Stephen Curry,1610612744,GSW,G,38.0,43,43,1.0,203,414,0.49,0.46,0.031,2025-26
1631107,Nikola Jović,1610612748,MIA,F,23.0,45,45,1.0,183,413,0.443,0.469,-0.026,2025-26
1641774,Tristan Vukcevic,1610612764,WAS,F,23.0,48,48,1.0,213,412,0.517,0.487,0.03,2025-26
1630532,Franz Wagner,1610612753,ORL,F,24.0,34,34,1.0,196,409,0.479,0.474,0.005,2025-26
203932,Aaron Gordon,1610612743,DEN,F,30.0,36,36,1.0,175,404,0.433,0.475,-0.042,2025-26
1627780,Gary Payton II,1610612744,GSW,G,33.0,71,71,1.0,192,403,0.476,0.475,0.002,2025-26
1627936,Alex Caruso,1610612760,OKC,G,32.0,56,56,1.0,180,397,0.453,0.471,-0.018,2025-26
1631245,Quenton Jackson,1610612754,IND,G,27.0,46,46,1.0,189,395,0.478,0.459,0.02,2025-26
1630208,Nick Richards,1610612741,CHI,C,28.0,47,47,1.0,220,394,0.558,0.496,0.062,2025-26
203500,Steven Adams,1610612745,HOU,C,32.0,32,32,1.0,170,394,0.431,0.494,-0.063,2025-26
1642868,Carter Bryant,1610612759,SAS,F,20.0,67,67,1.0,168,387,0.434,0.455,-0.021,2025-26
1641711,Gradey Dick,1610612761,TOR,G-F,22.0,69,69,1.0,186,387,0.481,0.453,0.027,2025-26
1641712,Rayan Rupert,1610612763,MEM,G-F,22.0,58,58,1.0,191,384,0.497,0.458,0.04,2025-26
1628418,Thomas Bryant,1610612739,CLE,C-F,28.0,56,56,1.0,210,383,0.548,0.491,0.058,2025-26
1641772,Nae'Qwan Tomlin,1610612739,CLE,F,25.0,61,61,1.0,177,382,0.463,0.465,-0.001,2025-26
201144,Mike Conley,1610612750,MIN,G,38.0,53,53,1.0,183,381,0.48,0.46,0.02,2025-26
1627741,Buddy Hield,1610612737,ATL,G,33.0,51,51,1.0,185,379,0.488,0.461,0.027,2025-26
1630534,Ochai Agbaji,1610612751,BKN,G,26.0,60,60,1.0,174,378,0.46,0.459,0.001,2025-26
1642962,Drake Powell,1610612751,BKN,G-F,20.0,61,61,1.0,178,377,0.472,0.47,0.002,2025-26
202710,Jimmy Butler III,1610612744,GSW,F,36.0,38,38,1.0,188,375,0.501,0.468,0.033,2025-26
1629639,Tyler Herro,1610612748,MIA,G,26.0,33,33,1.0,185,374,0.495,0.459,0.036,2025-26
1629020,Jarred Vanderbilt,1610612747,LAL,F,27.0,63,63,1.0,177,370,0.478,0.476,0.003,2025-26
1642265,Rob Dillingham,1610612741,CHI,G,21.0,61,61,1.0,183,370,0.495,0.456,0.039,2025-26
1628997,Caleb Martin,1610612742,DAL,F,30.0,57,57,1.0,171,370,0.462,0.469,-0.007,2025-26
1631121,Bryce McGowens,1610612740,NOP,G,23.0,40,40,1.0,184,370,0.497,0.472,0.025,2025-26
1630570,Trendon Watford,1610612755,PHI,G-F,25.0,50,50,1.0,182,368,0.495,0.462,0.032,2025-26
1629018,Gary Trent Jr.,1610612749,MIL,G,27.0,58,58,1.0,187,364,0.514,0.457,0.056,2025-26
1631169,Josh Minott,1610612751,BKN,F,23.0,47,47,1.0,166,360,0.461,0.472,-0.01,2025-26
1631246,Vince Williams Jr.,1610612762,UTA,G,25.0,40,40,1.0,156,357,0.437,0.469,-0.032,2025-26
1642879,Ben Saraf,1610612751,BKN,G,20.0,43,43,1.0,183,350,0.523,0.464,0.059,2025-26
1642869,Noah Penda,1610612753,ORL,G-F,21.0,56,56,1.0,169,349,0.484,0.47,0.015,2025-26
1641738,Kobe Brown,1610612754,IND,F,26.0,57,57,1.0,169,347,0.487,0.467,0.02,2025-26
1629673,Jordan Poole,1610612740,NOP,G,27.0,39,39,1.0,161,343,0.469,0.457,0.013,2025-26
1641740,Jaylen Clark,1610612750,MIN,G,24.0,64,64,1.0,148,342,0.433,0.464,-0.032,2025-26
203507,Giannis Antetokounmpo,1610612749,MIL,F,31.0,36,36,1.0,148,341,0.434,0.481,-0.047,2025-26
1642348,Justin Edwards,1610612755,PHI,F,22.0,55,55,1.0,184,333,0.553,0.461,0.092,2025-26
1629216,Gabe Vincent,1610612737,ATL,G,30.0,53,53,1.0,159,328,0.485,0.453,0.032,2025-26
203937,Kyle Anderson,1610612750,MIN,F-G,32.0,43,43,1.0,156,328,0.476,0.465,0.01,2025-26
1630592,Jalen Wilson,1610612751,BKN,F,25.0,51,51,1.0,171,323,0.529,0.459,0.071,2025-26
1631250,Pete Nance,1610612749,MIL,F,26.0,39,39,1.0,149,322,0.463,0.465,-0.002,2025-26
1631099,Keegan Murray,1610612758,SAC,F,25.0,23,23,1.0,168,320,0.525,0.482,0.043,2025-26
1628975,Jevon Carter,1610612753,ORL,G,30.0,49,49,1.0,145,319,0.455,0.453,0.002,2025-26
1626145,Tyus Jones,1610612743,DEN,G,30.0,65,65,1.0,171,318,0.538,0.453,0.084,2025-26
1630192,Zeke Nnaji,1610612743,DEN,F-C,25.0,46,46,1.0,128,314,0.408,0.477,-0.069,2025-26
1631342,Daeqwon Plowden,1610612758,SAC,G-F,27.0,32,32,1.0,154,313,0.492,0.465,0.027,2025-26
203076,Anthony Davis,1610612764,WAS,F-C,33.0,20,20,1.0,144,313,0.46,0.496,-0.036,2025-26
1631159,Leonard Miller,1610612741,CHI,F,22.0,36,36,1.0,146,312,0.468,0.465,0.003,2025-26
204456,T.J. McConnell,1610612754,IND,G,34.0,56,56,1.0,154,310,0.497,0.464,0.033,2025-26
1642277,Johnny Furphy,1610612754,IND,G,21.0,34,34,1.0,160,308,0.519,0.465,0.054,2025-26
1629684,Grant Williams,1610612766,CHA,F,27.0,36,36,1.0,116,306,0.379,0.466,-0.087,2025-26
1630228,Jonathan Kuminga,1610612737,ATL,F,23.0,36,36,1.0,139,296,0.47,0.467,0.003,2025-26
1629234,Drew Eubanks,1610612758,SAC,F-C,29.0,41,41,1.0,148,293,0.505,0.496,0.009,2025-26
1642942,Jahmai Mashack,1610612763,MEM,G,23.0,27,27,1.0,157,293,0.536,0.473,0.063,2025-26
1642914,Javon Small,1610612763,MEM,G,23.0,37,37,1.0,133,292,0.455,0.455,0.001,2025-26
1641722,Jordan Hawkins,1610612740,NOP,G,24.0,50,50,1.0,141,291,0.485,0.454,0.031,2025-26
1642877,Micah Peavy,1610612740,NOP,G-F,24.0,57,57,1.0,132,289,0.457,0.469,-0.012,2025-26
1630560,Cam Thomas,1610612749,MIL,G,24.0,42,42,1.0,160,288,0.556,0.465,0.091,2025-26
1642382,Branden Carlson,1610612760,OKC,C,27.0,38,38,1.0,138,288,0.479,0.472,0.007,2025-26
1630702,Jaden Hardy,1610612764,WAS,G,23.0,51,51,1.0,139,287,0.484,0.46,0.025,2025-26
1630224,Jalen Green,1610612756,PHX,G,24.0,32,32,1.0,122,287,0.425,0.458,-0.033,2025-26
203484,Kentavious Caldwell-Pope,1610612763,MEM,G,33.0,50,50,1.0,157,286,0.549,0.463,0.086,2025-26
1627734,Domantas Sabonis,1610612758,SAC,F-C,30.0,19,19,1.0,164,285,0.575,0.501,0.074,2025-26
1628366,Lonzo Ball,1610612739,CLE,G,28.0,35,35,1.0,120,285,0.421,0.462,-0.041,2025-26
1631124,Julian Strawther,1610612743,DEN,G,24.0,51,51,1.0,147,285,0.516,0.459,0.057,2025-26
203914,Gary Harris,1610612749,MIL,G,31.0,47,47,1.0,140,284,0.493,0.464,0.029,2025-26
1629026,Kenrich Williams,1610612760,OKC,G-F,31.0,54,54,1.0,149,284,0.525,0.467,0.058,2025-26
1631126,Caleb Love,1610612757,POR,G,24.0,45,45,1.0,137,282,0.486,0.458,0.027,2025-26
1628988,Aaron Holiday,1610612745,HOU,G,29.0,52,52,1.0,119,281,0.423,0.454,-0.031,2025-26
1642269,Devin Carter,1610612758,SAC,G,24.0,37,37,1.0,149,280,0.532,0.458,0.074,2025-26
1630619,Moussa Cisse,1610612742,DAL,C,23.0,36,36,1.0,128,278,0.46,0.488,-0.028,2025-26
1631133,Jabari Walker,1610612755,PHI,F,23.0,61,61,1.0,133,277,0.48,0.477,0.003,2025-26
201567,Kevin Love,1610612762,UTA,F-C,37.0,35,35,1.0,147,275,0.535,0.489,0.046,2025-26
1630182,Josh Green,1610612766,CHA,G,25.0,56,56,1.0,108,274,0.394,0.457,-0.063,2025-26
1631218,Trayce Jackson-Davis,1610612761,TOR,F,26.0,47,47,1.0,115,274,0.42,0.471,-0.051,2025-26
1631114,Jalen Williams,1610612760,OKC,G-F,25.0,33,33,1.0,124,269,0.461,0.469,-0.008,2025-26
1631213,Tyrese Martin,1610612755,PHI,F,27.0,44,44,1.0,118,267,0.442,0.461,-0.019,2025-26
1628467,Maxi Kleber,1610612747,LAL,F,34.0,40,40,1.0,129,267,0.483,0.472,0.011,2025-26
1629618,Jalen Pickett,1610612743,DEN,G,26.0,42,42,1.0,111,264,0.42,0.46,-0.04,2025-26
1630703,Scoot Henderson,1610612757,POR,G,22.0,30,30,1.0,133,263,0.506,0.472,0.034,2025-26
1642278,Tyler Kolek,1610612752,NYK,G,25.0,52,52,1.0,119,260,0.458,0.446,0.011,2025-26
1630544,Tre Mann,1610612766,CHA,G,25.0,47,47,1.0,148,254,0.583,0.464,0.119,2025-26
1630536,Sharife Cooper,1610612764,WAS,G,25.0,39,39,1.0,125,252,0.496,0.451,0.045,2025-26
1631093,Jaden Ivey,1610612741,CHI,G,24.0,37,37,1.0,126,250,0.504,0.454,0.05,2025-26
1631131,Oscar Tshiebwe,1610612762,UTA,F-C,26.0,26,26,1.0,128,244,0.525,0.482,0.043,2025-26
1630574,Ariel Hukporti,1610612752,NYK,C,24.0,50,50,1.0,93,243,0.383,0.476,-0.094,2025-26
1642275,Tidjane Salaün,1610612766,CHA,F,20.0,34,34,1.0,117,241,0.485,0.457,0.028,2025-26
1630679,Ethan Thompson,1610612754,IND,G,27.0,29,29,1.0,109,240,0.454,0.445,0.009,2025-26
1642853,Rasheer Fleming,1610612756,PHX,F,21.0,48,48,1.0,96,233,0.412,0.455,-0.043,2025-26
1627827,Dorian Finney-Smith,1610612745,HOU,F,33.0,37,37,1.0,114,229,0.498,0.467,0.03,2025-26
1626156,D'Angelo Russell,1610612764,WAS,G,30.0,26,26,1.0,104,227,0.458,0.458,0.0,2025-26
1642863,Khaman Maluach,1610612756,PHX,C,19.0,43,43,1.0,100,227,0.441,0.498,-0.057,2025-26
1631207,Dalen Terry,1610612755,PHI,F,23.0,41,41,1.0,105,225,0.467,0.457,0.009,2025-26
1631123,Jamaree Bouyea,1610612756,PHX,G,27.0,41,41,1.0,99,223,0.444,0.464,-0.02,2025-26
1631288,Jamal Cain,1610612753,ORL,F,27.0,35,35,1.0,100,223,0.448,0.451,-0.003,2025-26
1643007,Taelon Peter,1610612754,IND,G,24.0,34,34,1.0,119,221,0.538,0.452,0.086,2025-26
1642854,Asa Newell,1610612737,ATL,F,20.0,39,39,1.0,102,218,0.468,0.477,-0.009,2025-26
203482,Kelly Olynyk,1610612759,SAS,F-C,35.0,40,40,1.0,97,218,0.445,0.471,-0.026,2025-26
1629630,Ja Morant,1610612763,MEM,G,26.0,20,20,1.0,108,217,0.498,0.463,0.035,2025-26
1630175,Cole Anthony,1610612749,MIL,G,26.0,33,33,1.0,109,216,0.505,0.455,0.05,2025-26
1641989,Elijah Harkless,1610612762,UTA,G,26.0,24,24,1.0,114,215,0.53,0.475,0.055,2025-26
1630811,Keaton Wallace,1610612737,ATL,G,27.0,44,44,1.0,103,214,0.481,0.451,0.03,2025-26
1642949,Yanic Konan Niederhäuser,1610612746,LAC,C,23.0,34,34,1.0,106,214,0.495,0.486,0.01,2025-26
1641724,Jett Howard,1610612753,ORL,G,22.0,51,51,1.0,104,213,0.488,0.46,0.028,2025-26
1631132,Christian Koloko,1610612737,ATL,C,26.0,27,27,1.0,100,213,0.469,0.486,-0.017,2025-26
1643016,Bez Mbeng,1610612762,UTA,G,23.0,15,15,1.0,96,208,0.462,0.451,0.01,2025-26
1642905,Yang Hansen,1610612757,POR,C,21.0,42,42,1.0,97,207,0.469,0.49,-0.021,2025-26
1642885,Mohamed Diawara,1610612752,NYK,F,21.0,58,58,1.0,95,205,0.463,0.46,0.003,2025-26
1642866,Joan Beringer,1610612750,MIN,F,19.0,37,37,1.0,97,204,0.475,0.485,-0.009,2025-26
1627752,Taurean Prince,1610612749,MIL,F,32.0,26,26,1.0,106,200,0.53,0.459,0.071,2025-26
1631110,Jeremy Sochan,1610612752,NYK,F,23.0,37,37,1.0,101,199,0.508,0.468,0.04,2025-26
1642261,Dalton Knecht,1610612747,LAL,F,25.0,45,45,1.0,95,198,0.48,0.464,0.016,2025-26
1642353,Cam Christie,1610612746,LAC,G,20.0,48,48,1.0,87,197,0.442,0.454,-0.012,2025-26
203992,Bogdan Bogdanović,1610612746,LAC,G,33.0,22,22,1.0,97,195,0.497,0.463,0.034,2025-26
1642882,Julian Reese,1610612764,WAS,F,23.0,13,13,1.0,96,190,0.505,0.463,0.043,2025-26
1629021,Moritz Wagner,1610612753,ORL,F-C,29.0,35,35,1.0,101,188,0.537,0.491,0.046,2025-26
1642880,Kam Jones,1610612754,IND,G,24.0,32,32,1.0,98,187,0.524,0.456,0.068,2025-26
1628396,Tony Bradley,1610612737,ATL,C-F,28.0,34,34,1.0,86,185,0.465,0.485,-0.02,2025-26
1642878,Tyrese Proctor,1610612739,CLE,G,22.0,44,44,1.0,81,182,0.445,0.453,-0.008,2025-26
1626204,Larry Nance Jr.,1610612739,CLE,F-C,33.0,32,32,1.0,90,180,0.5,0.475,0.025,2025-26
1628371,Jonathan Isaac,1610612753,ORL,F,28.0,45,45,1.0,71,174,0.408,0.476,-0.068,2025-26
1641778,Leaky Black,1610612764,WAS,F,27.0,15,15,1.0,94,171,0.55,0.469,0.08,2025-26
1642859,Jase Richardson,1610612753,ORL,G,20.0,45,45,1.0,85,171,0.497,0.458,0.039,2025-26
1630545,Terrence Shannon Jr,1610612750,MIN,G-F,25.0,41,41,1.0,85,170,0.5,0.467,0.033,2025-26
1626172,Kevon Looney,1610612740,NOP,F,30.0,21,21,1.0,85,168,0.506,0.488,0.018,2025-26
1642419,Jamison Battle,1610612761,TOR,F,25.0,49,49,1.0,82,167,0.491,0.456,0.035,2025-26
1629622,Max Strus,1610612739,CLE,G-F,30.0,12,12,1.0,85,160,0.531,0.464,0.068,2025-26
1630256,Jae'Sean Tate,1610612745,HOU,F,30.0,39,39,1.0,75,160,0.469,0.462,0.007,2025-26
1642358,AJ Johnson,1610612742,DAL,G,21.0,40,40,1.0,76,158,0.481,0.449,0.032,2025-26
1642066,Myron Gardner,1610612748,MIA,F,25.0,38,38,1.0,70,157,0.446,0.466,-0.02,2025-26
1641748,Andre Jackson Jr.,1610612749,MIL,G,24.0,40,40,1.0,71,155,0.458,0.46,-0.002,2025-26
203926,Doug McDermott,1610612758,SAC,F,34.0,28,28,1.0,62,154,0.403,0.446,-0.043,2025-26
1629680,Matisse Thybulle,1610612757,POR,G-F,29.0,29,29,1.0,58,148,0.392,0.463,-0.071,2025-26
1631204,Marcus Sasser,1610612765,DET,G,25.0,33,33,1.0,60,147,0.408,0.454,-0.046,2025-26
1630165,Killian Hayes,1610612758,SAC,G,24.0,22,22,1.0,71,146,0.486,0.448,0.038,2025-26
1630526,Jeremiah Robinson-Earl,1610612742,DAL,F,25.0,21,21,1.0,87,144,0.604,0.462,0.142,2025-26
1627749,Dejounte Murray,1610612740,NOP,G,29.0,14,14,1.0,78,143,0.545,0.467,0.078,2025-26
1629599,Amir Coffey,1610612756,PHX,G-F,29.0,40,40,1.0,57,142,0.401,0.464,-0.063,2025-26
1642964,Brooks Barnhizer,1610612760,OKC,G,24.0,35,35,1.0,71,142,0.5,0.459,0.041,2025-26
1629027,Trae Young,1610612764,WAS,G,27.0,15,15,1.0,80,142,0.563,0.456,0.108,2025-26
1628369,Jayson Tatum,1610612738,BOS,F-G,28.0,16,16,1.0,56,140,0.4,0.472,-0.072,2025-26
1641771,Jalen Slawson,1610612754,IND,F,26.0,13,13,1.0,65,140,0.464,0.47,-0.005,2025-26
1630167,Obi Toppin,1610612754,IND,F,28.0,23,23,1.0,60,139,0.432,0.474,-0.043,2025-26
1642355,Bronny James,1610612747,LAL,G,21.0,36,36,1.0,75,138,0.543,0.469,0.074,2025-26
1641763,Julian Phillips,1610612750,MIN,F,22.0,37,37,1.0,61,138,0.442,0.446,-0.004,2025-26
1641871,Duop Reath,1610612757,POR,C,30.0,28,28,1.0,55,135,0.407,0.477,-0.069,2025-26
1641790,PJ Hall,1610612766,CHA,C,24.0,16,16,1.0,63,134,0.47,0.478,-0.008,2025-26
1641733,Nick Smith Jr.,1610612747,LAL,G,22.0,27,27,1.0,67,134,0.5,0.457,0.043,2025-26
1641744,Zach Edey,1610612763,MEM,C,24.0,11,11,1.0,57,133,0.429,0.496,-0.067,2025-26
1629660,Ty Jerome,1610612763,MEM,G-F,28.0,15,15,1.0,65,133,0.489,0.481,0.008,2025-26
1642950,Lachlan Olbrich,1610612741,CHI,C,22.0,29,29,1.0,66,133,0.496,0.478,0.018,2025-26
1630587,Isaiah Livers,1610612756,PHX,F,27.0,33,33,1.0,62,132,0.47,0.46,0.01,2025-26
1641869,Malachi Smith,1610612751,BKN,G,26.0,14,14,1.0,75,132,0.568,0.456,0.113,2025-26
1630604,E.J. Liddell,1610612751,BKN,F,25.0,23,23,1.0,67,129,0.519,0.476,0.043,2025-26
1626192,Pat Connaughton,1610612766,CHA,G,33.0,32,32,1.0,52,126,0.413,0.465,-0.053,2025-26
1642862,Liam McNeeley,1610612766,CHA,F,20.0,29,29,1.0,61,122,0.5,0.46,0.04,2025-26
1642502,Malevy Leons,1610612744,GSW,F,26.0,24,24,1.0,62,119,0.521,0.472,0.049,2025-26
1631166,Drew Timme,1610612747,LAL,F,25.0,23,23,1.0,57,117,0.487,0.474,0.013,2025-26
1641747,DaRon Holmes II,1610612743,DEN,F,23.0,22,22,1.0,53,116,0.457,0.485,-0.028,2025-26
1630590,Scotty Pippen Jr.,1610612763,MEM,G,25.0,10,10,1.0,62,114,0.544,0.451,0.093,2025-26
1631174,Tyler Burton,1610612763,MEM,F,26.0,11,11,1.0,65,113,0.575,0.472,0.103,2025-26
1641715,Cam Whitmore,1610612764,WAS,F,21.0,21,21,1.0,55,113,0.487,0.469,0.018,2025-26
1643052,Chaney Johnson,1610612751,BKN,G-F,24.0,16,16,1.0,48,113,0.425,0.48,-0.055,2025-26
1630623,Tyson Etienne,1610612751,BKN,G,26.0,19,19,1.0,57,112,0.509,0.44,0.069,2025-26
1642367,Jonathan Mogbo,1610612761,TOR,F,24.0,31,31,1.0,54,112,0.482,0.472,0.01,2025-26
1626166,Cameron Payne,1610612755,PHI,G,31.0,20,20,1.0,54,112,0.482,0.462,0.02,2025-26
203486,Mason Plumlee,1610612759,SAS,F-C,36.0,19,19,1.0,62,110,0.564,0.504,0.06,2025-26
1631113,Kennedy Chandler,1610612762,UTA,G,23.0,11,11,1.0,52,108,0.481,0.448,0.033,2025-26
1642354,KJ Simpson,1610612743,DEN,G,23.0,16,16,1.0,45,107,0.421,0.45,-0.03,2025-26
201599,DeAndre Jordan,1610612740,NOP,C,37.0,12,12,1.0,42,106,0.396,0.489,-0.093,2025-26
1642352,Keshad Johnson,1610612748,MIA,F,25.0,23,23,1.0,45,104,0.433,0.47,-0.038,2025-26
1630214,Xavier Tillman,1610612766,CHA,F,27.0,26,26,1.0,48,102,0.471,0.473,-0.002,2025-26
1642967,John Poulakidas,1610612742,DAL,G,23.0,13,13,1.0,51,100,0.51,0.457,0.053,2025-26
1642396,Blake Hinson,1610612762,UTA,F,26.0,14,14,1.0,41,97,0.423,0.446,-0.023,2025-26
1631466,Nate Williams,1610612744,GSW,G,27.0,14,14,1.0,50,97,0.515,0.479,0.037,2025-26
1629162,Jordan McLaughlin,1610612759,SAS,G,30.0,33,33,1.0,58,96,0.604,0.446,0.158,2025-26
1631103,Malaki Branham,1610612764,WAS,F,23.0,25,25,1.0,43,95,0.453,0.462,-0.009,2025-26
1631104,Blake Wesley,1610612757,POR,G,23.0,26,26,1.0,50,94,0.532,0.458,0.074,2025-26
1630322,Lindy Waters III,1610612759,SAS,F,28.0,34,34,1.0,40,91,0.44,0.447,-0.007,2025-26
1642530,Yuki Kawamura,1610612741,CHI,G,25.0,16,16,1.0,42,89,0.472,0.46,0.012,2025-26
1630610,DeJon Jarreau,1610612763,MEM,G,28.0,10,10,1.0,43,88,0.489,0.468,0.021,2025-26
1642504,Cormac Ryan,1610612749,MIL,G,27.0,11,11,1.0,40,88,0.455,0.433,0.021,2025-26
1631120,JD Davison,1610612745,HOU,G,23.0,23,23,1.0,36,88,0.409,0.45,-0.041,2025-26
1630286,Trevon Scott,1610612751,BKN,F,29.0,6,6,1.0,44,87,0.506,0.488,0.018,2025-26
1643018,LJ Cryer,1610612744,GSW,G,24.0,16,16,1.0,45,86,0.523,0.467,0.056,2025-26
1631199,Ron Harper Jr.,1610612738,BOS,G-F,26.0,23,23,1.0,36,84,0.429,0.457,-0.028,2025-26
1628380,Zach Collins,1610612741,CHI,F-C,28.0,10,10,1.0,37,84,0.44,0.486,-0.046,2025-26
201145,Jeff Green,1610612745,HOU,F,39.0,23,23,1.0,31,84,0.369,0.439,-0.07,2025-26
101108,Chris Paul,1610612746,LAC,G,41.0,16,16,1.0,42,81,0.519,0.448,0.071,2025-26
1630699,MarJon Beauchamp,1610612755,PHI,F,25.0,12,12,1.0,30,81,0.37,0.455,-0.084,2025-26
1643253,Toby Okani,1610612763,MEM,F,24.0,5,5,1.0,46,78,0.59,0.468,0.121,2025-26
1631117,Walker Kessler,1610612762,UTA,C,24.0,5,5,1.0,35,77,0.455,0.504,-0.05,2025-26
1629646,Charles Bassey,1610612744,GSW,C-F,25.0,10,10,1.0,36,76,0.474,0.48,-0.006,2025-26
202687,Bismack Biyombo,1610612759,SAS,C,33.0,22,22,1.0,41,74,0.554,0.481,0.073,2025-26
1629726,Garrison Mathews,1610612754,IND,G,29.0,14,14,1.0,35,73,0.479,0.452,0.027,2025-26
1631351,Lucas Williamson,1610612763,MEM,G,27.0,6,6,1.0,41,73,0.562,0.461,0.101,2025-26
1641727,Dariq Whitehead,1610612763,MEM,G-F,21.0,5,5,1.0,41,70,0.586,0.46,0.126,2025-26
1641726,Dereck Lively II,1610612742,DAL,C,22.0,7,7,1.0,36,68,0.529,0.49,0.039,2025-26
1642484,RayJ Dennis,1610612737,ATL,G,25.0,14,14,1.0,37,67,0.552,0.458,0.094,2025-26
1642380,Adama Bal,1610612763,MEM,G,22.0,6,6,1.0,40,66,0.606,0.487,0.119,2025-26
1642959,Chris Youngblood,1610612757,POR,G,24.0,22,22,1.0,30,65,0.462,0.451,0.01,2025-26
1641755,Kevin McCullar Jr.,1610612752,NYK,G,25.0,15,15,1.0,31,64,0.484,0.452,0.032,2025-26
1642873,Amari Williams,1610612738,BOS,F-C,24.0,15,15,1.0,24,64,0.375,0.483,-0.108,2025-26
1641816,Hunter Tyson,1610612743,DEN,F,26.0,20,20,1.0,26,62,0.419,0.472,-0.053,2025-26
1642876,Adou Thiero,1610612747,LAL,G,22.0,21,21,1.0,35,61,0.574,0.477,0.097,2025-26
1642918,Alijah Martin,1610612761,TOR,G,24.0,14,14,1.0,26,61,0.426,0.445,-0.018,2025-26
1642404,Chaz Lanier,1610612765,DET,G,24.0,21,21,1.0,20,55,0.364,0.449,-0.086,2025-26
203648,Thanasis Antetokounmpo,1610612749,MIL,F,33.0,21,21,1.0,26,54,0.481,0.471,0.01,2025-26
1641890,Tyler Smith,1610612742,DAL,F,21.0,12,12,1.0,27,54,0.5,0.468,0.032,2025-26
1630639,A.J. Lawson,1610612761,TOR,G,25.0,19,19,1.0,24,53,0.453,0.453,0.0,2025-26
1643158,Andersson Garcia,1610612762,UTA,F,25.0,4,4,1.0,27,53,0.509,0.47,0.039,2025-26
1641725,Trey Alexander,1610612740,NOP,G,23.0,8,8,1.0,24,53,0.453,0.492,-0.04,2025-26
1628502,Nigel Hayes-Davis,1610612756,PHX,F,31.0,18,18,1.0,25,52,0.481,0.47,0.01,2025-26
1642449,Tolu Smith,1610612765,DET,F,25.0,12,12,1.0,25,52,0.481,0.487,-0.006,2025-26
201959,Taj Gibson,1610612763,MEM,F,41.0,10,10,1.0,24,51,0.471,0.49,-0.019,2025-26
1630209,Omer Yurtseven,1610612744,GSW,C,28.0,8,8,1.0,27,50,0.54,0.505,0.035,2025-26
1628449,Chris Boucher,1610612738,BOS,F,33.0,8,8,1.0,20,49,0.408,0.484,-0.076,2025-26
1630644,Mac McClung,1610612741,CHI,G,27.0,9,9,1.0,26,49,0.531,0.464,0.066,2025-26
1642359,Pacôme Dadiet,1610612752,NYK,F,20.0,19,19,1.0,24,49,0.49,0.48,0.009,2025-26
1642260,Nikola Topić,1610612760,OKC,G,20.0,8,8,1.0,25,48,0.521,0.45,0.071,2025-26
204060,Joe Ingles,1610612750,MIN,F-G,38.0,16,16,1.0,25,45,0.556,0.456,0.1,2025-26
203552,Seth Curry,1610612744,GSW,G,35.0,9,9,1.0,24,41,0.585,0.46,0.126,2025-26
200768,Kyle Lowry,1610612755,PHI,G,40.0,11,11,1.0,18,39,0.462,0.454,0.007,2025-26
1631451,Javonte Cooke,1610612757,POR,G,26.0,17,17,1.0,21,38,0.553,0.454,0.099,2025-26
1642939,Miles Kelly,1610612742,DAL,G,23.0,9,9,1.0,22,38,0.579,0.456,0.123,2025-26
1631214,Alondes Williams,1610612764,WAS,G,27.0,4,4,1.0,19,38,0.5,0.434,0.066,2025-26
1641723,Kobe Bufkin,1610612747,LAL,G,22.0,12,12,1.0,24,38,0.632,0.46,0.171,2025-26
203078,Bradley Beal,1610612746,LAC,G,33.0,6,6,1.0,19,37,0.514,0.462,0.052,2025-26
1629312,Haywood Highsmith,1610612756,PHX,F,29.0,6,6,1.0,13,36,0.361,0.448,-0.087,2025-26
1642938,Curtis Jones,1610612743,DEN,G,24.0,9,9,1.0,13,34,0.382,0.453,-0.071,2025-26
1631247,Luke Travers,1610612739,CLE,F,24.0,11,11,1.0,16,33,0.485,0.471,0.014,2025-26
1631223,David Roddy,1610612743,DEN,F,25.0,4,4,1.0,10,32,0.313,0.452,-0.139,2025-26
1642434,Riley Minix,1610612739,CLE,F,25.0,9,9,1.0,11,32,0.344,0.448,-0.105,2025-26
1631116,Patrick Baldwin Jr.,1610612758,SAC,F,23.0,8,8,1.0,14,32,0.438,0.451,-0.013,2025-26
1630548,Johnny Juzang,1610612750,MIN,G,25.0,16,16,1.0,13,32,0.406,0.442,-0.036,2025-26
1642357,David Jones Garcia,1610612759,SAS,G,24.0,8,8,1.0,14,31,0.452,0.435,0.017,2025-26
1641780,Johni Broome,1610612755,PHI,F,23.0,7,7,1.0,17,31,0.548,0.482,0.066,2025-26
1631102,TyTy Washington Jr.,1610612746,LAC,G,24.0,13,13,1.0,17,30,0.567,0.466,0.101,2025-26
1641752,Bobi Klintman,1610612765,DET,F,23.0,10,10,1.0,14,30,0.467,0.45,0.017,2025-26
1642490,Josh Oduro,1610612740,NOP,C,25.0,3,3,1.0,17,30,0.567,0.506,0.06,2025-26
1630621,Hunter Dickinson,1610612740,NOP,C,25.0,5,5,1.0,18,30,0.6,0.531,0.069,2025-26
1642933,Keshon Gilbert,1610612737,ATL,G,23.0,4,4,1.0,14,29,0.483,0.451,0.031,2025-26
1641998,Trey Jemison III,1610612752,NYK,C,26.0,9,9,1.0,17,29,0.586,0.469,0.117,2025-26
1642389,Zyon Pullin,1610612750,MIN,G,25.0,3,3,1.0,13,29,0.448,0.442,0.006,2025-26
1642911,Rocco Zikarsky,1610612750,MIN,C,19.0,5,5,1.0,13,28,0.464,0.476,-0.012,2025-26
1628420,Monte Morris,1610612754,IND,G,31.0,5,5,1.0,11,28,0.393,0.451,-0.058,2025-26
1642400,Tristan Enaruna,1610612739,CLE,F,25.0,8,8,1.0,15,28,0.536,0.453,0.082,2025-26
1628964,Mo Bamba,1610612762,UTA,C,28.0,4,4,1.0,13,27,0.481,0.467,0.015,2025-26
1643133,Lawson Lovering,1610612763,MEM,C,23.0,2,2,1.0,13,27,0.481,0.495,-0.013,2025-26
202066,Garrett Temple,1610612761,TOR,G-F,40.0,13,13,1.0,9,27,0.333,0.428,-0.095,2025-26
1642886,Koby Brea,1610612756,PHX,G,23.0,7,7,1.0,14,25,0.56,0.453,0.107,2025-26
1630164,James Wiseman,1610612754,IND,C,25.0,4,4,1.0,13,25,0.52,0.499,0.021,2025-26
1642362,Payton Sandfort,1610612760,OKC,F,23.0,4,4,1.0,16,24,0.667,0.466,0.201,2025-26
203967,Dario Saric,1610612758,SAC,F-C,32.0,5,5,1.0,13,24,0.542,0.458,0.084,2025-26
1631111,Wendell Moore Jr.,1610612765,DET,G,24.0,5,5,1.0,8,24,0.333,0.459,-0.126,2025-26
1642384,Isaiah Crawford,1610612745,HOU,F,24.0,7,7,1.0,10,23,0.435,0.428,0.006,2025-26
201569,Eric Gordon,1610612755,PHI,G,37.0,6,6,1.0,8,23,0.348,0.43,-0.082,2025-26
1643024,Chris Mañon,1610612747,LAL,G,24.0,7,7,1.0,12,22,0.545,0.473,0.073,2025-26
1628998,Cody Martin,1610612754,IND,F,30.0,4,4,1.0,7,21,0.333,0.456,-0.123,2025-26
1641761,Grant Nelson,1610612751,BKN,F,24.0,4,4,1.0,7,21,0.333,0.462,-0.128,2025-26
1642443,Jahmir Young,1610612748,MIA,G,25.0,10,10,1.0,10,20,0.5,0.427,0.073,2025-26
1627746,Skal Labissiere,1610612764,WAS,F-C,30.0,3,3,1.0,10,20,0.5,0.448,0.052,2025-26
1642955,Kadary Richmond,1610612764,WAS,G,24.0,3,3,1.0,7,20,0.35,0.439,-0.089,2025-26
1641809,Drew Peterson,1610612766,CHA,F,26.0,6,6,1.0,8,20,0.4,0.477,-0.077,2025-26
1629610,DaQuan Jeffries,1610612758,SAC,G-F,28.0,3,3,1.0,9,19,0.474,0.447,0.026,2025-26
1631338,Mouhamadou Gueye,1610612741,CHI,F,27.0,2,2,1.0,10,19,0.526,0.488,0.038,2025-26
1641810,Antonio Reeves,1610612766,CHA,G,25.0,7,7,1.0,8,17,0.471,0.446,0.025,2025-26
1630846,Olivier Sarr,1610612739,CLE,C,27.0,3,3,1.0,10,17,0.588,0.479,0.109,2025-26
1642910,John Tonje,1610612738,BOS,G,25.0,3,3,1.0,9,17,0.529,0.458,0.072,2025-26
1631115,Orlando Robinson,1610612753,ORL,C,25.0,4,4,1.0,13,17,0.765,0.471,0.293,2025-26
1630625,Dalano Banton,1610612738,BOS,F,26.0,4,4,1.0,3,17,0.176,0.451,-0.274,2025-26
1642402,Enrique Freeman,1610612750,MIN,F,25.0,4,4,1.0,7,16,0.438,0.385,0.052,2025-26
1628365,Markelle Fultz,1610612761,TOR,G,28.0,4,4,1.0,8,16,0.5,0.44,0.06,2025-26
1642917,Max Shulga,1610612738,BOS,G,24.0,6,6,1.0,4,14,0.286,0.429,-0.143,2025-26
1642884,Vladislav Goldin,1610612748,MIA,C,25.0,5,5,1.0,5,14,0.357,0.468,-0.111,2025-26
1641794,Dillon Jones,1610612752,NYK,F,24.0,6,6,1.0,5,14,0.357,0.38,-0.022,2025-26
1642403,Isaac Jones,1610612765,DET,F,25.0,6,6,1.0,6,14,0.429,0.439,-0.01,2025-26
1643060,Hayden Gray,1610612762,UTA,G,23.0,1,1,1.0,8,14,0.571,0.459,0.112,2025-26
1642282,Hunter Sallis,1610612755,PHI,G,23.0,4,4,1.0,5,12,0.417,0.457,-0.04,2025-26
1631205,Buddy Boeheim,1610612760,OKC,F,26.0,2,2,1.0,4,12,0.333,0.44,-0.106,2025-26
1643047,CJ Huntley,1610612756,PHX,F,24.0,1,1,1.0,5,12,0.417,0.465,-0.048,2025-26
1641801,Emanuel Miller,1610612759,SAS,F,26.0,5,5,1.0,7,11,0.636,0.45,0.187,2025-26
1631216,Caleb Houstan,1610612737,ATL,G,23.0,7,7,1.0,7,11,0.636,0.459,0.178,2025-26
1641815,Isaiah Stevens,1610612758,SAC,G,25.0,2,2,1.0,9,10,0.9,0.444,0.457,2025-26
1641813,Mark Sears,1610612749,MIL,G,24.0,5,5,1.0,4,10,0.4,0.417,-0.017,2025-26
1643257,Jayson Kent,1610612757,POR,F,24.0,5,5,1.0,5,9,0.556,0.458,0.098,2025-26
1642368,N'Faly Dante,1610612737,ATL,C,24.0,3,3,1.0,1,8,0.125,0.455,-0.33,2025-26
1643141,Jahmyl Telfort,1610612746,LAC,G,25.0,3,3,1.0,2,7,0.286,0.472,-0.186,2025-26
1629634,Brandon Clarke,1610612763,MEM,F,29.0,2,2,1.0,3,7,0.429,0.477,-0.049,2025-26
1630658,Colin Castleton,1610612753,ORL,C,26.0,4,4,1.0,3,7,0.429,0.454,-0.025,2025-26
1642951,Sean Pedulla,1610612746,LAC,G,23.0,4,4,1.0,3,7,0.429,0.445,-0.017,2025-26
1641807,Norchad Omier,1610612746,LAC,F,24.0,5,5,1.0,4,7,0.571,0.48,0.091,2025-26
1630828,Alex Antetokounmpo,1610612749,MIL,F,24.0,4,4,1.0,1,6,0.167,0.387,-0.22,2025-26
1631457,Alex Morales,1610612753,ORL,G,28.0,2,2,1.0,4,6,0.667,0.441,0.226,2025-26
1642935,Chucky Hepburn,1610612761,TOR,G,23.0,2,2,1.0,4,6,0.667,0.439,0.228,2025-26
1631127,Harrison Ingram,1610612759,SAS,F,23.0,4,4,1.0,3,5,0.6,0.397,0.203,2025-26
1641803,Tristen Newton,1610612745,HOU,G,25.0,1,1,1.0,5,5,1.0,0.386,0.614,2025-26
1631211,Trevor Keels,1610612748,MIA,G,22.0,4,4,1.0,1,4,0.25,0.429,-0.179,2025-26
1641787,Tosan Evbuomwan,1610612766,CHA,F,25.0,2,2,1.0,1,4,0.25,0.479,-0.229,2025-26
1641753,Chris Livingston,1610612739,CLE,F,22.0,1,1,1.0,2,3,0.667,0.451,0.216,2025-26
1642280,Trentyn Flowers,1610612741,CHI,F,21.0,2,2,1.0,1,2,0.5,0.46,0.041,2025-26
1631210,Jacob Toppin,1610612737,ATL,F,26.0,2,2,1.0,0,2,0.0,0.437,-0.437,2025-26
1642468,Darius Brown II,1610612739,CLE,G,26.0,1,1,1.0,1,1,1.0,0.438,0.562,2025-26
1641732,Colby Jones,1610612765,DET,G,24.0,1,1,1.0,1,1,1.0,0.49,0.51,2025-26
1630649,Stanley Umude,1610612759,SAS,G,27.0,1,1,1.0,1,1,1.0,0.388,0.612,2025-26
