GROUP_SET,GROUP_ID,GROUP_NAME,TEAM_ID,TEAM_ABBREVIATION,GP,W,L,W_PCT,MIN,E_OFF_RATING,OFF_RATING,E_DEF_RATING,DEF_RATING,E_NET_RATING,NET_RATING,AST_PCT,AST_TO,AST_RATIO,OREB_PCT,DREB_PCT,REB_PCT,TM_TOV_PCT,EFG_PCT,TS_PCT,E_PACE,PACE,PACE_PER40,POSS,PIE,GP_RANK,W_RANK,L_RANK,W_PCT_RANK,MIN_RANK,OFF_RATING_RANK,DEF_RATING_RANK,NET_RATING_RANK,AST_PCT_RANK,AST_TO_RANK,AST_RATIO_RANK,OREB_PCT_RANK,DREB_PCT_RANK,REB_PCT_RANK,TM_TOV_PCT_RANK,EFG_PCT_RANK,TS_PCT_RANK,PACE_RANK,PIE_RANK,SUM_TIME_PLAYED,SEASON
Lineups,-202699-203954-,T. Harris - J. Embiid,1610612755,PHI,60,38,22,0.633,1656.0,118.6,119.4,108.5,109.5,10.0,9.9,0.651,1.98,19.8,0.24,0.739,0.509,0.137,0.58,0.631,97.6,96.82,80.69,3346,0.563,10,12,137,90,1,25,65,28,25,37,19,108,51,54,66,36,27,117,24,4967320,2022-23
Lineups,-201935-202699-,J. Harden - T. Harris,1610612755,PHI,54,35,19,0.648,1623.0,116.7,117.8,109.5,111.0,7.2,6.7,0.648,1.98,19.5,0.255,0.734,0.506,0.136,0.569,0.615,97.3,96.16,80.13,3265,0.544,21,21,126,77,2,39,80,45,27,39,23,93,54,57,64,53,51,124,37,4869980,2022-23
Lineups,-200782-202699-,P. Tucker - T. Harris,1610612755,PHI,70,44,26,0.629,1573.0,117.6,118.7,111.7,113.2,5.8,5.5,0.617,2.03,19.0,0.244,0.741,0.501,0.128,0.572,0.616,97.0,95.94,79.95,3143,0.529,3,3,144,92,3,31,99,51,52,27,34,103,47,61,39,46,50,126,49,4718075,2022-23
Lineups,-202699-1629001-,T. Harris - D. Melton,1610612755,PHI,71,45,26,0.634,1526.0,115.5,116.4,111.1,112.3,4.5,4.1,0.622,1.86,18.6,0.26,0.725,0.498,0.138,0.561,0.607,98.1,97.19,80.99,3088,0.524,1,2,144,89,4,51,93,62,47,49,39,87,64,71,73,68,61,114,57,4576795,2022-23
Lineups,-201935-203954-,J. Harden - J. Embiid,1610612755,PHI,51,34,17,0.667,1483.0,120.1,120.7,110.4,111.7,9.7,9.0,0.663,2.06,19.9,0.248,0.742,0.512,0.133,0.581,0.635,97.4,96.61,80.51,2987,0.559,26,24,117,59,5,20,88,33,18,23,18,100,46,50,54,34,25,120,27,4449215,2022-23
Lineups,-203954-1629001-,J. Embiid - D. Melton,1610612755,PHI,64,41,23,0.641,1437.0,117.2,117.4,110.0,111.3,7.2,6.0,0.653,1.85,19.1,0.233,0.713,0.489,0.141,0.573,0.628,98.5,97.83,81.53,2925,0.541,6,7,141,82,6,44,84,48,22,50,28,114,74,87,79,44,29,109,39,4310460,2022-23
Lineups,-200782-203954-,P. Tucker - J. Embiid,1610612755,PHI,62,40,22,0.645,1415.0,117.8,118.0,108.4,109.7,9.5,8.3,0.639,1.99,19.4,0.222,0.738,0.501,0.133,0.578,0.627,97.5,96.75,80.63,2844,0.552,9,10,137,79,7,36,67,37,33,36,24,121,52,62,52,37,30,119,32,4244730,2022-23
Lineups,-200782-201935-,P. Tucker - J. Harden,1610612755,PHI,55,37,18,0.673,1329.0,119.2,120.0,112.5,114.6,6.6,5.4,0.644,2.09,19.6,0.23,0.73,0.493,0.129,0.582,0.629,96.9,95.65,79.71,2652,0.536,18,17,123,58,8,23,104,53,29,20,20,119,56,78,41,31,28,128,41,3987920,2022-23
Lineups,-202699-1630178-,T. Harris - T. Maxey,1610612755,PHI,56,35,21,0.625,1297.0,116.9,117.5,110.0,110.0,6.9,7.5,0.622,2.03,19.1,0.26,0.761,0.516,0.13,0.566,0.609,96.6,96.32,80.27,2617,0.539,15,21,133,97,9,41,71,40,48,28,29,88,27,46,44,58,58,123,40,3892300,2022-23
Lineups,-201935-1629001-,J. Harden - D. Melton,1610612755,PHI,56,38,18,0.679,1235.0,118.0,118.3,112.1,113.9,5.9,4.4,0.642,1.96,18.9,0.254,0.716,0.494,0.133,0.567,0.62,98.0,97.08,80.9,2501,0.533,15,12,123,56,10,34,101,59,30,40,35,95,72,76,53,57,43,115,45,3705465,2022-23
Lineups,-203954-1630178-,J. Embiid - T. Maxey,1610612755,PHI,50,33,17,0.66,1201.0,119.4,119.5,108.7,108.9,10.8,10.6,0.637,1.98,19.3,0.247,0.752,0.517,0.132,0.581,0.633,97.8,97.62,81.35,2453,0.56,29,27,117,68,11,24,60,25,34,38,26,101,34,44,51,33,26,111,26,3602355,2022-23
Lineups,-200782-1629001-,P. Tucker - D. Melton,1610612755,PHI,70,44,26,0.629,1194.0,116.0,116.5,113.9,115.1,2.2,1.4,0.619,1.88,18.6,0.227,0.721,0.48,0.134,0.571,0.617,97.6,96.88,80.73,2400,0.507,3,3,144,92,12,50,107,76,50,47,42,120,68,98,57,48,49,116,74,3580835,2022-23
Lineups,-201935-1630178-,J. Harden - T. Maxey,1610612755,PHI,47,31,16,0.66,1069.0,117.9,118.1,111.6,111.4,6.3,6.7,0.63,2.06,19.1,0.259,0.769,0.521,0.127,0.567,0.615,96.8,96.79,80.66,2159,0.535,32,30,113,69,13,35,85,46,40,22,31,90,24,39,37,55,53,118,42,3206050,2022-23
Lineups,-1627777-1629003-,G. Niang - S. Milton,1610612755,PHI,71,49,22,0.69,927.0,112.7,111.2,109.3,109.2,3.4,2.0,0.606,1.76,17.8,0.252,0.699,0.481,0.137,0.553,0.597,102.5,103.18,85.98,2002,0.509,1,1,137,52,14,77,61,71,69,59,75,96,93,95,65,76,74,52,71,2780880,2022-23
Lineups,-200782-1630178-,P. Tucker - T. Maxey,1610612755,PHI,52,32,20,0.615,923.0,117.1,117.1,111.2,111.5,5.9,5.6,0.612,2.13,18.8,0.241,0.759,0.507,0.121,0.567,0.608,96.7,96.57,80.48,1858,0.525,23,28,130,108,15,47,87,49,60,19,37,106,30,56,29,56,59,122,54,2768220,2022-23
Lineups,-1629001-1630178-,D. Melton - T. Maxey,1610612755,PHI,58,38,20,0.655,836.0,114.8,114.6,114.0,113.6,0.8,1.0,0.609,1.75,17.8,0.265,0.725,0.498,0.138,0.556,0.604,98.7,99.01,82.51,1726,0.499,13,12,130,74,16,61,100,77,66,60,74,76,62,72,75,72,64,102,78,2508730,2022-23
Lineups,-1627777-1630178-,G. Niang - T. Maxey,1610612755,PHI,59,38,21,0.644,803.0,115.7,114.9,113.7,114.1,2.0,0.9,0.589,1.75,17.5,0.256,0.694,0.478,0.134,0.564,0.611,100.1,100.3,83.58,1690,0.498,12,12,133,80,17,60,102,78,85,61,85,92,99,101,58,65,56,92,85,2408345,2022-23
Lineups,-203954-1627777-,J. Embiid - G. Niang,1610612755,PHI,64,42,22,0.656,615.0,116.5,115.6,106.9,107.1,9.6,8.5,0.659,1.85,19.0,0.241,0.712,0.491,0.14,0.57,0.622,99.4,99.7,83.09,1291,0.555,6,5,137,71,18,54,51,35,19,51,33,105,75,83,78,50,37,95,30,1843635,2022-23
Lineups,-1627777-1629001-,G. Niang - D. Melton,1610612755,PHI,65,42,23,0.646,585.0,109.5,108.4,108.5,109.6,1.0,-1.3,0.612,1.54,17.1,0.249,0.704,0.481,0.149,0.532,0.581,101.1,101.12,84.27,1242,0.492,5,5,141,78,19,92,66,91,59,91,93,99,91,97,93,100,90,83,94,1755140,2022-23
Lineups,-203954-1629003-,J. Embiid - S. Milton,1610612755,PHI,58,41,17,0.707,571.0,117.2,115.3,108.5,108.4,8.6,6.9,0.664,2.05,19.6,0.203,0.708,0.474,0.129,0.575,0.627,101.9,102.81,85.68,1236,0.552,13,7,117,45,20,57,58,43,17,24,21,129,83,106,42,42,31,59,33,1712980,2022-23
Lineups,-1629001-1629003-,D. Melton - S. Milton,1610612755,PHI,55,38,17,0.691,556.0,111.0,109.5,105.5,106.0,5.5,3.5,0.609,1.78,17.8,0.241,0.719,0.487,0.135,0.536,0.581,101.4,101.86,84.88,1177,0.516,18,12,117,51,21,88,47,66,67,58,76,107,69,90,61,95,89,72,66,1667535,2022-23
Lineups,-202699-1629003-,T. Harris - S. Milton,1610612755,PHI,56,36,20,0.643,544.0,114.4,113.6,110.7,110.9,3.7,2.7,0.584,1.69,17.9,0.268,0.686,0.485,0.144,0.558,0.602,100.9,101.17,84.3,1155,0.516,15,19,130,81,22,64,79,67,89,71,70,74,102,94,83,71,67,82,67,1631230,2022-23
Lineups,-1629003-1630178-,S. Milton - T. Maxey,1610612755,PHI,52,36,16,0.692,526.0,119.1,117.9,111.3,111.1,7.8,6.8,0.584,1.94,17.9,0.28,0.707,0.497,0.126,0.574,0.621,101.7,102.4,85.33,1131,0.531,23,19,113,48,23,38,81,44,90,42,65,63,87,73,36,43,41,66,46,1577855,2022-23
Lineups,-1629003-1630194-,S. Milton - P. Reed,1610612755,PHI,60,41,19,0.683,487.0,115.0,114.0,106.8,106.3,8.2,7.6,0.586,1.73,18.0,0.335,0.727,0.529,0.146,0.555,0.588,101.9,102.54,85.45,1038,0.527,10,7,126,54,24,62,48,39,87,63,58,29,59,35,89,74,82,63,51,1459795,2022-23
Lineups,-201935-1627777-,J. Harden - G. Niang,1610612755,PHI,54,37,17,0.685,480.0,118.1,118.4,110.4,109.8,7.7,8.7,0.601,1.92,18.4,0.263,0.711,0.491,0.132,0.577,0.614,98.1,98.29,81.91,982,0.524,21,17,117,53,25,33,68,34,72,45,46,79,76,82,50,40,54,107,56,1438640,2022-23
Lineups,-1627863-1629003-,D. House Jr. - S. Milton,1610612755,PHI,48,35,13,0.729,478.0,112.6,111.3,112.9,112.5,-0.2,-1.2,0.611,1.69,18.4,0.255,0.691,0.481,0.147,0.566,0.603,102.2,103.0,85.84,1018,0.499,30,21,97,43,26,76,94,90,63,70,48,94,100,96,91,60,65,56,82,1432955,2022-23
Lineups,-1626149-1629003-,M. Harrell - S. Milton,1610612755,PHI,51,34,17,0.667,450.0,111.4,109.1,108.2,107.2,3.2,1.9,0.526,1.65,15.9,0.261,0.698,0.485,0.128,0.544,0.581,100.8,102.27,85.23,951,0.499,26,24,117,59,27,90,53,73,119,78,112,82,94,93,40,85,88,68,79,1349600,2022-23
Lineups,-202699-1627777-,T. Harris - G. Niang,1610612755,PHI,63,40,23,0.635,422.0,112.0,110.5,113.6,112.6,-1.6,-2.1,0.624,1.71,18.3,0.246,0.697,0.477,0.145,0.555,0.597,99.0,100.14,83.45,894,0.498,8,10,141,87,28,82,95,94,46,67,49,102,96,102,87,75,72,93,86,1266195,2022-23
Lineups,-1627777-1630194-,G. Niang - P. Reed,1610612755,PHI,55,34,21,0.618,421.0,110.2,107.7,114.6,112.8,-4.4,-5.2,0.58,1.6,16.8,0.288,0.726,0.499,0.144,0.535,0.57,100.7,102.63,85.52,897,0.455,18,24,133,104,29,96,96,107,93,85,96,57,61,69,84,98,105,61,112,1262815,2022-23
Lineups,-1627777-1627863-,G. Niang - D. House Jr.,1610612755,PHI,42,28,14,0.667,407.0,113.4,112.8,111.2,110.1,2.2,2.7,0.652,1.61,18.8,0.234,0.666,0.468,0.157,0.582,0.623,101.1,101.79,84.83,858,0.517,38,38,108,59,30,70,72,68,24,82,38,112,120,113,101,32,34,73,63,1220145,2022-23
Lineups,-200782-1629003-,P. Tucker - S. Milton,1610612755,PHI,48,29,19,0.604,406.0,110.5,109.7,114.2,113.2,-3.6,-3.5,0.583,1.72,17.1,0.251,0.732,0.489,0.135,0.536,0.576,99.8,100.62,83.85,846,0.463,30,35,126,113,31,87,98,100,91,64,92,97,55,86,60,96,97,89,109,1218645,2022-23
Lineups,-1626149-1627777-,M. Harrell - G. Niang,1610612755,PHI,47,31,16,0.66,388.0,111.6,109.8,105.6,105.2,6.0,4.6,0.564,1.61,16.8,0.235,0.682,0.474,0.138,0.563,0.6,103.0,104.01,86.68,833,0.519,32,30,113,69,32,86,41,58,102,81,98,111,107,107,74,66,70,42,61,1162930,2022-23
Lineups,-1629003-1629680-,S. Milton - M. Thybulle,1610612755,PHI,43,30,13,0.698,338.0,114.8,112.8,103.1,103.4,11.7,9.4,0.579,2.15,17.6,0.279,0.676,0.477,0.112,0.548,0.587,103.3,104.06,86.72,733,0.553,35,33,97,47,33,69,35,32,94,18,82,68,109,103,17,82,83,41,31,1014985,2022-23
Lineups,-201935-1629003-,J. Harden - S. Milton,1610612755,PHI,42,30,12,0.714,329.0,118.6,118.6,112.8,112.2,5.8,6.5,0.612,1.99,18.5,0.262,0.706,0.486,0.128,0.573,0.617,101.1,101.37,84.47,698,0.515,38,33,92,44,34,32,91,47,58,35,45,81,88,91,38,45,48,81,69,985885,2022-23
Lineups,-1626149-1630178-,M. Harrell - T. Maxey,1610612755,PHI,31,18,13,0.581,328.0,113.8,111.7,115.7,115.8,-2.0,-4.1,0.558,1.92,16.8,0.287,0.708,0.488,0.12,0.549,0.581,100.0,100.83,84.03,692,0.472,55,57,97,117,35,73,110,102,105,44,97,58,85,89,27,79,91,86,105,985380,2022-23
Lineups,-1627777-1629680-,G. Niang - M. Thybulle,1610612755,PHI,41,28,13,0.683,322.0,113.4,111.3,100.7,101.6,12.7,9.7,0.592,1.89,17.4,0.266,0.673,0.473,0.125,0.547,0.59,103.0,103.52,86.27,697,0.556,40,38,97,55,36,75,30,30,83,46,87,75,112,108,33,83,78,48,28,965390,2022-23
Lineups,-1627863-1629001-,D. House Jr. - D. Melton,1610612755,PHI,41,26,15,0.634,316.0,115.3,113.6,108.3,108.7,7.0,5.0,0.601,1.65,17.9,0.218,0.675,0.464,0.144,0.578,0.622,100.0,100.54,83.79,653,0.526,40,42,110,88,37,63,59,56,73,77,71,123,110,118,85,39,39,90,53,947405,2022-23
Lineups,-203954-1627863-,J. Embiid - D. House Jr.,1610612755,PHI,34,21,13,0.618,303.0,117.2,114.9,109.6,109.9,7.6,5.1,0.652,1.81,19.9,0.17,0.686,0.454,0.146,0.609,0.651,99.2,100.03,83.36,623,0.534,50,50,97,105,38,59,69,55,23,54,17,133,103,123,88,15,17,94,44,907605,2022-23
Lineups,-1629680-1630178-,M. Thybulle - T. Maxey,1610612755,PHI,31,19,12,0.613,300.0,118.7,117.2,105.9,105.4,12.9,11.8,0.555,2.04,17.2,0.278,0.707,0.49,0.114,0.564,0.607,100.7,101.59,84.65,634,0.555,55,56,92,109,39,46,44,24,109,26,91,70,86,85,18,64,60,77,29,899420,2022-23
Lineups,-1630178-1630194-,T. Maxey - P. Reed,1610612755,PHI,43,27,16,0.628,297.0,114.6,112.9,114.0,113.1,0.6,-0.3,0.564,1.7,16.7,0.316,0.724,0.514,0.135,0.543,0.586,98.3,99.42,82.85,614,0.495,35,40,113,95,40,68,97,84,103,69,101,44,65,48,63,88,84,97,89,891525,2022-23
Lineups,-202699-1626149-,T. Harris - M. Harrell,1610612755,PHI,40,25,15,0.625,286.0,110.4,109.0,111.5,111.3,-1.2,-2.2,0.552,1.58,16.4,0.283,0.74,0.506,0.141,0.536,0.57,98.6,99.29,82.74,597,0.482,42,43,110,97,41,91,83,96,110,86,105,62,48,58,80,97,104,100,99,857855,2022-23
Lineups,-1629001-1630194-,D. Melton - P. Reed,1610612755,PHI,51,32,19,0.627,277.0,110.4,107.6,109.7,110.3,0.7,-2.7,0.6,1.71,17.0,0.322,0.714,0.51,0.14,0.519,0.549,97.9,98.81,82.34,565,0.476,26,28,126,96,42,97,74,97,74,66,94,40,73,52,77,109,114,104,101,830675,2022-23
Lineups,-202699-1630194-,T. Harris - P. Reed,1610612755,PHI,52,31,21,0.596,274.0,112.3,110.4,110.9,111.2,1.4,-0.8,0.605,1.78,17.9,0.32,0.709,0.509,0.141,0.536,0.571,97.6,98.34,81.95,559,0.493,23,30,133,116,43,83,82,87,70,57,64,42,82,53,81,94,103,106,92,820720,2022-23
Lineups,-1627863-1630194-,D. House Jr. - P. Reed,1610612755,PHI,43,29,14,0.674,269.0,113.7,111.0,112.4,111.9,1.3,-0.8,0.598,1.57,18.0,0.327,0.711,0.522,0.161,0.564,0.594,101.5,102.93,85.77,572,0.499,35,35,108,57,44,79,89,88,82,89,56,37,77,37,104,62,75,57,81,807235,2022-23
Lineups,-1626149-1629001-,M. Harrell - D. Melton,1610612755,PHI,36,23,13,0.639,262.0,110.6,110.3,112.0,112.1,-1.4,-1.9,0.541,1.5,16.0,0.29,0.748,0.518,0.144,0.533,0.573,102.0,102.04,85.03,554,0.481,45,44,97,83,45,84,90,93,114,95,111,55,42,43,86,99,100,69,100,786065,2022-23
Lineups,-1627777-1629667-,G. Niang - J. McDaniels,1610612755,PHI,21,13,8,0.619,252.0,114.1,110.7,117.8,118.4,-3.7,-7.6,0.541,1.64,16.0,0.26,0.697,0.476,0.13,0.547,0.59,99.2,100.4,83.67,531,0.452,67,67,77,102,46,81,123,112,113,80,110,85,95,104,45,84,80,91,113,755870,2022-23
Lineups,-1629003-1629667-,S. Milton - J. McDaniels,1610612755,PHI,21,14,7,0.667,250.0,123.2,121.6,111.4,111.4,11.8,10.1,0.592,2.22,19.1,0.284,0.746,0.516,0.119,0.594,0.635,102.2,102.92,85.77,538,0.549,67,65,69,59,47,17,86,27,84,15,30,61,44,47,25,22,24,58,36,749915,2022-23
Lineups,-1627788-1629003-,F. Korkmaz - S. Milton,1610612755,PHI,36,23,13,0.639,244.0,109.8,107.9,105.6,104.0,4.2,3.9,0.631,1.51,18.0,0.291,0.655,0.486,0.163,0.55,0.591,101.6,103.34,86.11,521,0.531,45,44,97,83,49,95,38,64,39,94,61,54,121,92,106,77,77,51,47,730895,2022-23
Lineups,-201935-1630194-,J. Harden - P. Reed,1610612755,PHI,38,23,15,0.605,244.0,114.1,113.3,116.9,117.5,-2.8,-4.2,0.606,1.84,17.7,0.34,0.75,0.537,0.137,0.538,0.573,95.7,95.88,79.9,489,0.468,43,44,110,112,48,65,120,103,68,52,79,26,35,31,67,93,99,127,107,732920,2022-23
Lineups,-203954-1629680-,J. Embiid - M. Thybulle,1610612755,PHI,35,22,13,0.629,239.0,113.5,112.2,89.9,89.4,23.6,22.8,0.611,1.82,17.9,0.24,0.717,0.492,0.132,0.548,0.604,103.0,103.85,86.54,515,0.639,49,49,97,92,50,72,8,14,61,53,63,109,70,79,48,80,62,44,14,716895,2022-23
Lineups,-1627863-1630178-,D. House Jr. - T. Maxey,1610612755,PHI,30,21,9,0.7,234.0,118.8,117.6,118.3,117.1,0.4,0.5,0.627,2.0,19.3,0.22,0.652,0.439,0.131,0.605,0.64,100.3,101.38,84.48,490,0.485,57,50,82,46,51,40,118,80,43,29,25,122,122,129,46,18,20,80,98,701695,2022-23
Lineups,-1626149-1629680-,M. Harrell - M. Thybulle,1610612755,PHI,37,27,10,0.73,224.0,120.1,116.0,109.3,110.4,10.8,5.6,0.564,2.0,17.4,0.294,0.649,0.475,0.119,0.581,0.615,102.7,103.91,86.59,481,0.522,44,40,84,42,52,52,77,50,101,29,89,53,123,105,22,35,52,43,59,672825,2022-23
Lineups,-201935-1626149-,J. Harden - M. Harrell,1610612755,PHI,36,23,13,0.639,219.0,113.2,109.9,105.5,104.5,7.7,5.4,0.525,1.71,15.7,0.194,0.699,0.452,0.119,0.555,0.593,99.9,101.77,84.81,463,0.517,45,44,97,83,54,85,39,52,120,65,114,131,92,125,24,73,76,74,64,655805,2022-23
Lineups,-1629667-1630194-,J. McDaniels - P. Reed,1610612755,PHI,24,16,8,0.667,219.0,122.6,120.4,114.6,115.7,8.1,4.7,0.542,1.86,17.4,0.332,0.754,0.54,0.13,0.583,0.621,99.1,99.46,82.88,455,0.516,63,62,77,59,53,21,109,57,112,48,88,36,33,28,43,30,40,96,68,655875,2022-23
Lineups,-200782-1627777-,P. Tucker - G. Niang,1610612755,PHI,47,29,18,0.617,217.0,108.1,106.3,112.5,110.2,-4.4,-3.9,0.633,1.67,17.5,0.19,0.725,0.452,0.138,0.543,0.583,100.4,102.27,85.23,464,0.457,32,35,123,107,55,102,73,101,37,72,84,132,63,126,69,87,87,67,110,651215,2022-23
Lineups,-1629667-1630178-,J. McDaniels - T. Maxey,1610612755,PHI,20,13,7,0.65,214.0,120.9,119.1,115.9,117.0,4.9,2.1,0.539,1.64,16.0,0.309,0.723,0.523,0.131,0.564,0.625,100.5,100.75,83.96,450,0.506,72,67,69,75,56,26,116,70,115,79,109,47,66,36,47,63,32,87,75,641730,2022-23
Lineups,-202699-1629680-,T. Harris - M. Thybulle,1610612755,PHI,34,21,13,0.618,208.0,111.6,108.3,100.7,98.4,10.9,9.9,0.61,2.0,17.9,0.243,0.71,0.469,0.121,0.531,0.574,100.1,102.75,85.63,445,0.551,50,50,97,105,57,93,19,29,65,29,68,104,78,112,30,101,98,60,34,623640,2022-23
Lineups,-201935-1627863-,J. Harden - D. House Jr.,1610612755,PHI,28,17,11,0.607,201.0,118.4,115.0,107.4,107.8,11.0,7.1,0.642,2.08,18.3,0.258,0.717,0.499,0.12,0.565,0.613,96.0,97.23,81.02,408,0.549,59,60,86,110,58,58,56,42,31,21,50,91,71,70,28,61,55,113,35,604270,2022-23
Lineups,-1627788-1627863-,F. Korkmaz - D. House Jr.,1610612755,PHI,26,18,8,0.692,195.0,107.3,106.2,111.4,109.5,-4.1,-3.3,0.631,1.31,18.2,0.324,0.709,0.517,0.192,0.56,0.589,102.3,103.78,86.48,421,0.499,62,57,77,48,59,103,63,99,38,112,54,38,80,45,122,69,81,45,80,585565,2022-23
Lineups,-1627788-1630194-,F. Korkmaz - P. Reed,1610612755,PHI,32,21,11,0.656,191.0,99.3,95.8,104.1,103.9,-4.9,-8.1,0.611,1.23,16.4,0.289,0.696,0.491,0.181,0.504,0.533,100.7,102.54,85.45,409,0.469,52,50,86,71,60,116,36,114,62,114,106,56,97,80,118,114,119,64,106,573695,2022-23
Lineups,-202699-1627863-,T. Harris - D. House Jr.,1610612755,PHI,36,23,13,0.639,188.0,109.1,107.0,108.4,107.3,0.6,-0.3,0.613,1.46,18.0,0.214,0.672,0.455,0.163,0.566,0.604,100.2,101.66,84.72,398,0.488,45,44,97,83,61,99,54,83,54,104,60,126,114,122,108,59,63,75,96,563735,2022-23
Lineups,-200782-1626149-,P. Tucker - M. Harrell,1610612755,PHI,27,15,12,0.556,178.0,110.6,109.4,122.9,123.4,-12.3,-14.0,0.507,1.65,14.8,0.262,0.769,0.496,0.119,0.525,0.564,97.1,97.42,81.18,362,0.417,61,63,92,121,62,89,127,119,121,76,119,80,22,74,23,105,106,112,120,532880,2022-23
Lineups,-1626149-1627863-,M. Harrell - D. House Jr.,1610612755,PHI,32,20,12,0.625,173.0,113.6,111.1,112.6,110.6,1.0,0.5,0.576,1.46,16.7,0.231,0.694,0.48,0.151,0.578,0.62,102.7,104.73,87.27,378,0.507,52,55,92,97,63,78,78,79,97,105,102,116,98,100,95,38,42,32,73,519060,2022-23
Lineups,-201935-1629680-,J. Harden - M. Thybulle,1610612755,PHI,29,18,11,0.621,167.0,110.7,105.6,103.6,104.0,7.0,1.7,0.617,1.52,16.8,0.232,0.704,0.464,0.146,0.548,0.59,99.5,101.65,84.7,355,0.499,58,57,86,101,64,105,37,75,51,92,100,115,89,116,90,81,79,76,83,502215,2022-23
Lineups,-1627777-1627788-,G. Niang - F. Korkmaz,1610612755,PHI,21,13,8,0.619,154.0,101.8,100.0,104.8,103.2,-3.0,-3.2,0.694,1.47,18.4,0.263,0.629,0.461,0.171,0.519,0.558,103.0,104.72,87.27,334,0.509,67,67,77,102,65,112,34,98,9,102,47,78,128,120,113,108,109,33,72,463410,2022-23
Lineups,-203954-1629667-,J. Embiid - J. McDaniels,1610612755,PHI,20,13,7,0.65,153.0,124.5,121.1,118.8,117.0,5.7,4.1,0.664,2.18,19.2,0.279,0.704,0.503,0.122,0.584,0.643,102.0,104.26,86.88,327,0.523,72,67,69,75,66,18,116,61,16,16,27,65,90,59,31,28,19,38,58,457850,2022-23
Lineups,-200782-1629680-,P. Tucker - M. Thybulle,1610612755,PHI,28,17,11,0.607,151.0,117.7,115.5,101.2,102.5,16.5,13.0,0.585,1.95,17.9,0.234,0.739,0.491,0.123,0.576,0.623,101.3,101.57,84.65,317,0.565,59,60,86,110,67,55,32,21,88,41,67,113,49,81,32,41,36,78,23,453655,2022-23
Lineups,-201935-1629667-,J. Harden - J. McDaniels,1610612755,PHI,18,12,6,0.667,149.0,125.8,124.9,125.2,125.6,0.6,-0.7,0.629,2.29,18.1,0.336,0.746,0.534,0.111,0.559,0.625,98.7,98.93,82.44,305,0.493,75,71,66,59,68,15,130,85,41,11,55,28,43,33,16,70,33,103,93,446145,2022-23
Lineups,-1629001-1629667-,D. Melton - J. McDaniels,1610612755,PHI,21,14,7,0.667,137.0,123.9,119.1,115.2,117.1,8.7,2.0,0.613,1.74,17.3,0.338,0.686,0.519,0.138,0.562,0.622,100.0,101.07,84.22,283,0.499,67,65,69,59,69,27,119,72,56,62,90,27,104,40,68,67,38,84,84,409620,2022-23
Lineups,-1629001-1629680-,D. Melton - M. Thybulle,1610612755,PHI,32,21,11,0.656,135.0,106.7,101.7,106.2,107.5,0.5,-5.8,0.582,1.39,15.7,0.298,0.672,0.463,0.154,0.51,0.553,105.5,107.31,89.42,299,0.467,52,50,86,71,70,111,55,111,92,108,113,51,113,119,96,112,111,21,108,405930,2022-23
Lineups,-200782-1627863-,P. Tucker - D. House Jr.,1610612755,PHI,24,12,12,0.5,129.0,108.0,107.0,116.3,115.0,-8.2,-8.0,0.495,1.15,14.0,0.261,0.684,0.468,0.159,0.543,0.584,98.1,99.17,82.64,258,0.418,63,71,92,125,71,100,106,113,125,118,125,84,106,114,103,86,85,101,119,386260,2022-23
Lineups,-1627863-1629667-,D. House Jr. - J. McDaniels,1610612755,PHI,13,9,4,0.692,112.0,121.4,118.9,116.1,116.3,5.3,2.6,0.624,2.52,20.9,0.321,0.768,0.537,0.119,0.593,0.617,103.9,104.9,87.42,243,0.525,82,79,63,48,72,30,111,69,45,8,9,41,25,32,26,24,47,30,55,334945,2022-23
Lineups,-1629680-1630194-,M. Thybulle - P. Reed,1610612755,PHI,22,12,10,0.545,103.0,94.3,89.2,111.0,107.1,-16.7,-17.8,0.6,1.5,14.8,0.285,0.709,0.454,0.135,0.433,0.465,99.8,104.5,87.08,223,0.368,66,71,84,122,73,122,52,120,74,95,118,60,81,124,59,125,128,35,122,309365,2022-23
Lineups,-200782-1630194-,P. Tucker - P. Reed,1610612755,PHI,21,10,11,0.476,103.0,116.6,117.1,107.6,106.5,9.0,10.5,0.587,1.54,17.7,0.392,0.739,0.557,0.166,0.57,0.597,99.1,99.4,82.83,211,0.527,67,78,86,137,74,48,49,26,86,90,78,16,50,24,109,51,73,98,50,308585,2022-23
Lineups,-1627863-1629680-,D. House Jr. - M. Thybulle,1610612755,PHI,24,15,9,0.625,93.0,113.0,107.5,111.1,109.3,1.9,-1.8,0.613,1.58,18.0,0.279,0.63,0.468,0.155,0.571,0.603,101.4,104.74,87.28,200,0.496,63,63,82,97,75,98,62,92,57,88,57,66,127,115,98,49,66,31,88,278405,2022-23
Lineups,-1626149-1627788-,M. Harrell - F. Korkmaz,1610612755,PHI,19,12,7,0.632,88.0,113.8,117.4,97.6,93.8,16.1,23.6,0.61,1.52,17.5,0.384,0.71,0.553,0.163,0.541,0.599,103.8,104.19,86.83,190,0.623,74,71,69,91,76,43,13,13,64,93,86,19,79,25,107,89,71,39,17,265355,2022-23
Lineups,-1627788-1629001-,F. Korkmaz - D. Melton,1610612755,PHI,14,8,6,0.571,83.0,97.8,97.8,95.2,93.9,2.6,3.8,0.603,1.46,16.6,0.278,0.788,0.508,0.156,0.488,0.506,103.8,104.56,87.13,179,0.488,81,83,66,118,78,115,14,65,71,103,103,69,20,55,99,120,123,34,97,247895,2022-23
Lineups,-202699-1627788-,T. Harris - F. Korkmaz,1610612755,PHI,17,9,8,0.529,83.0,105.0,102.8,103.6,101.1,1.4,1.7,0.657,1.42,17.9,0.279,0.729,0.503,0.174,0.527,0.564,102.0,104.37,86.98,178,0.474,76,79,77,124,77,108,29,74,21,106,66,66,57,60,116,102,107,37,104,249725,2022-23
Lineups,-1629003-1630531-,S. Milton - J. Springer,1610612755,PHI,15,12,3,0.8,81.0,114.3,110.9,105.8,106.9,8.5,4.0,0.577,2.05,16.9,0.318,0.738,0.521,0.114,0.51,0.562,102.6,103.65,86.37,175,0.527,79,71,59,34,79,80,50,63,96,25,95,43,53,38,20,113,108,46,52,243130,2022-23
Lineups,-1627788-1629680-,F. Korkmaz - M. Thybulle,1610612755,PHI,16,9,7,0.563,66.0,88.1,84.4,112.0,109.9,-23.9,-25.5,0.636,1.17,14.6,0.28,0.685,0.441,0.17,0.403,0.447,100.0,103.15,85.96,141,0.347,77,79,69,119,80,126,70,124,35,117,120,63,105,128,111,132,131,53,126,196845,2022-23
Lineups,-203954-1627788-,J. Embiid - F. Korkmaz,1610612755,PHI,11,6,5,0.545,55.0,119.0,115.4,93.6,90.2,25.4,25.3,0.642,1.7,20.0,0.26,0.758,0.543,0.163,0.611,0.638,103.5,107.13,89.27,123,0.648,85,85,64,122,81,56,9,12,31,68,14,86,31,26,105,13,22,24,13,164665,2022-23
Lineups,-1627788-1630531-,F. Korkmaz - J. Springer,1610612755,PHI,15,12,3,0.8,53.0,108.8,102.7,105.1,108.3,3.8,-5.6,0.659,1.8,17.9,0.286,0.632,0.472,0.135,0.517,0.571,97.3,98.57,82.15,111,0.534,79,71,59,34,82,109,57,109,20,55,68,59,126,109,62,110,102,105,43,159960,2022-23
Lineups,-1630194-1630531-,P. Reed - J. Springer,1610612755,PHI,12,11,1,0.917,51.0,116.9,107.9,118.4,116.8,-1.5,-8.9,0.617,2.23,18.5,0.264,0.755,0.5,0.114,0.541,0.579,102.2,107.04,89.2,114,0.474,83,77,32,32,83,94,115,116,53,14,44,77,32,63,19,90,93,25,103,152695,2022-23
Lineups,-203473-1627788-,D. Dedmon - F. Korkmaz,1610612755,PHI,5,4,1,0.8,48.0,114.9,118.0,105.0,105.8,9.9,12.2,0.674,1.93,20.7,0.295,0.673,0.495,0.15,0.588,0.623,104.3,102.61,85.5,100,0.562,91,90,32,34,85,37,46,22,13,43,11,52,111,75,94,27,35,62,25,143150,2022-23
Lineups,-1627863-1630531-,D. House Jr. - J. Springer,1610612755,PHI,9,8,1,0.889,48.0,114.3,113.2,115.8,117.8,-1.5,-4.5,0.532,1.79,16.8,0.36,0.769,0.539,0.132,0.527,0.571,106.8,106.37,88.65,106,0.494,88,83,32,33,84,66,122,105,118,56,99,22,22,29,49,103,101,26,90,144170,2022-23
Lineups,-203473-1629003-,D. Dedmon - S. Milton,1610612755,PHI,8,6,2,0.75,42.0,116.9,115.9,111.7,116.7,5.2,-0.8,0.568,1.4,17.6,0.324,0.634,0.493,0.17,0.593,0.644,103.9,102.03,85.03,88,0.52,89,85,52,39,86,53,112,86,99,107,80,39,125,77,112,23,18,71,60,125605,2022-23
Lineups,-202699-1629667-,T. Harris - J. McDaniels,1610612755,PHI,16,9,7,0.563,42.0,97.9,93.3,101.4,97.8,-3.5,-4.6,0.613,1.36,15.2,0.386,0.729,0.565,0.157,0.452,0.507,100.2,104.46,87.05,89,0.498,77,79,69,119,87,118,18,106,54,109,116,18,58,23,100,123,122,36,87,124750,2022-23
Lineups,-1629667-1630531-,J. McDaniels - J. Springer,1610612755,PHI,3,2,1,0.667,39.0,123.5,127.3,95.9,97.7,27.7,29.6,0.628,3.38,20.3,0.391,0.892,0.614,0.091,0.54,0.579,111.0,108.32,90.27,88,0.627,103,100,32,59,88,12,17,10,42,3,13,17,11,13,12,92,92,16,16,116320,2022-23
Lineups,-203473-1627863-,D. Dedmon - D. House Jr.,1610612755,PHI,5,5,0,1.0,34.0,94.7,95.8,108.2,109.5,-13.5,-13.7,0.778,1.5,20.8,0.273,0.677,0.469,0.197,0.526,0.541,104.6,103.42,86.18,71,0.437,91,88,1,1,90,117,64,118,3,95,10,71,108,111,123,104,117,50,114,100950,2022-23
Lineups,-1627788-1630644-,F. Korkmaz - M. McClung,1610612755,PHI,2,2,0,1.0,34.0,109.6,113.2,100.0,100.0,9.6,13.2,0.645,1.33,19.0,0.303,0.744,0.542,0.197,0.589,0.619,109.0,107.29,89.41,76,0.587,107,100,1,1,89,67,20,20,28,110,32,49,45,27,124,26,44,22,20,102000,2022-23
Lineups,-1627788-1629667-,F. Korkmaz - J. McDaniels,1610612755,PHI,5,2,3,0.4,31.0,117.5,117.4,96.6,97.1,20.9,20.2,0.679,1.58,20.0,0.269,0.75,0.519,0.174,0.593,0.654,108.4,108.12,90.1,69,0.61,91,100,59,138,92,42,16,15,12,86,14,73,35,40,115,24,16,18,18,92565,2022-23
Lineups,-1626149-1630194-,M. Harrell - P. Reed,1610612755,PHI,12,6,6,0.5,31.0,112.3,105.7,94.8,88.7,17.5,17.0,0.567,1.13,17.5,0.345,0.75,0.58,0.214,0.625,0.617,101.3,107.87,89.89,70,0.649,83,85,66,125,91,104,6,16,100,119,83,25,35,21,130,12,46,19,12,94110,2022-23
Lineups,-200782-1627788-,P. Tucker - F. Korkmaz,1610612755,PHI,10,5,5,0.5,31.0,85.4,85.7,104.5,104.5,-19.0,-18.8,0.409,1.0,10.7,0.333,0.75,0.529,0.143,0.431,0.449,101.6,101.44,84.53,63,0.338,86,88,64,125,93,124,40,122,129,120,130,30,35,34,82,126,130,79,127,91560,2022-23
Lineups,-203473-1627777-,D. Dedmon - G. Niang,1610612755,PHI,5,4,1,0.8,26.0,77.0,75.4,121.7,125.5,-44.6,-50.0,0.688,0.85,14.9,0.259,0.593,0.426,0.228,0.405,0.459,103.6,103.13,85.94,57,0.264,91,90,32,34,94,133,129,134,10,128,117,89,129,132,131,131,129,54,129,78190,2022-23
Lineups,-1626149-1629667-,M. Harrell - J. McDaniels,1610612755,PHI,5,3,2,0.6,26.0,109.1,105.2,111.7,110.3,-2.6,-5.2,0.636,2.33,17.9,0.231,0.783,0.49,0.103,0.489,0.555,104.7,107.28,89.4,58,0.493,91,94,52,114,95,106,75,108,35,10,62,117,21,84,13,119,110,23,91,77850,2022-23
Lineups,-203473-1630644-,D. Dedmon - M. McClung,1610612755,PHI,2,2,0,1.0,24.0,111.2,117.3,108.9,105.5,2.3,11.9,0.619,1.18,18.8,0.238,0.708,0.489,0.212,0.634,0.665,109.4,108.28,90.23,52,0.53,107,100,1,1,99,45,45,23,49,116,36,110,83,88,129,11,12,17,48,71150,2022-23
Lineups,-203473-1630178-,D. Dedmon - T. Maxey,1610612755,PHI,4,2,2,0.5,24.0,82.4,81.3,125.3,128.6,-42.9,-47.3,0.5,0.73,12.9,0.261,0.52,0.396,0.229,0.462,0.484,97.2,96.59,80.49,48,0.224,98,100,52,125,98,129,132,133,122,129,126,83,132,134,132,122,125,121,133,72305,2022-23
Lineups,-1627777-1630531-,G. Niang - J. Springer,1610612755,PHI,3,1,2,0.333,24.0,105.3,103.5,115.8,112.3,-10.5,-8.8,0.65,2.17,16.5,0.333,0.792,0.537,0.105,0.45,0.517,110.1,112.75,93.96,57,0.43,103,114,52,139,96,107,92,115,26,17,104,30,19,30,14,124,121,10,116,72795,2022-23
Lineups,-1626149-1630531-,M. Harrell - J. Springer,1610612755,PHI,5,4,1,0.8,24.0,102.7,101.9,95.7,92.3,7.0,9.6,0.5,1.25,14.1,0.36,0.833,0.592,0.154,0.466,0.524,100.8,103.02,85.85,52,0.542,91,90,32,34,97,110,11,31,122,113,124,22,13,20,96,121,120,55,38,72685,2022-23
Lineups,-1629003-1630644-,S. Milton - M. McClung,1610612755,PHI,1,1,0,1.0,22.0,129.3,135.4,90.3,89.4,39.0,46.1,0.6,3.75,22.4,0.211,0.75,0.512,0.083,0.663,0.673,108.0,105.96,88.3,48,0.731,122,114,1,1,100,8,7,4,74,2,4,127,35,51,11,7,11,27,6,64550,2022-23
Lineups,-200782-1629667-,P. Tucker - J. McDaniels,1610612755,PHI,10,3,7,0.3,21.0,99.9,90.2,100.8,95.9,-0.9,-5.7,0.733,2.75,16.2,0.214,0.76,0.472,0.078,0.388,0.489,107.7,116.17,96.81,51,0.518,86,94,69,141,102,120,15,110,6,6,108,124,28,109,10,134,124,8,62,61980,2022-23
Lineups,-202699-203473-,T. Harris - D. Dedmon,1610612755,PHI,4,2,2,0.5,21.0,83.5,82.1,121.4,128.2,-37.9,-46.2,0.462,0.86,11.8,0.273,0.48,0.383,0.179,0.414,0.441,91.8,90.07,75.06,39,0.235,98,100,52,125,101,127,131,131,126,126,127,71,137,135,117,130,132,140,131,62350,2022-23
Lineups,-1627788-1629663-,F. Korkmaz - L. King,1610612755,PHI,1,1,0,1.0,20.0,119.2,120.9,117.2,116.7,1.9,4.3,0.579,1.22,17.7,0.45,0.762,0.61,0.209,0.605,0.64,104.2,103.64,86.37,43,0.503,122,114,1,1,103,19,112,60,94,115,77,9,26,15,128,18,21,47,76,59050,2022-23
Lineups,-1627863-1630644-,D. House Jr. - M. McClung,1610612755,PHI,2,2,0,1.0,19.0,100.1,100.0,104.4,102.1,-4.3,-2.1,0.833,1.67,23.4,0.211,0.833,0.514,0.2,0.571,0.578,113.8,115.2,96.0,45,0.503,107,100,1,1,104,112,31,95,1,73,2,127,13,49,125,47,94,9,77,57500,2022-23
Lineups,-1626149-1630644-,M. Harrell - M. McClung,1610612755,PHI,1,1,0,1.0,18.0,114.4,126.3,64.4,66.7,50.0,59.6,0.556,1.67,18.2,0.421,0.76,0.614,0.158,0.569,0.601,107.7,100.62,83.85,38,0.96,122,114,1,1,105,14,3,1,106,73,51,12,28,14,102,52,68,88,2,52950,2022-23
Lineups,-203473-1629001-,D. Dedmon - D. Melton,1610612755,PHI,3,1,2,0.333,17.0,71.9,71.9,109.4,114.7,-37.6,-42.8,0.3,0.33,7.1,0.368,0.5,0.432,0.281,0.397,0.397,96.1,93.73,78.11,32,0.091,103,114,52,139,108,135,105,130,132,130,132,21,133,131,139,133,135,132,134,50700,2022-23
Lineups,-203473-1630531-,D. Dedmon - J. Springer,1610612755,PHI,4,3,1,0.75,17.0,108.8,111.4,91.7,102.9,17.1,8.5,0.714,2.5,20.4,0.313,0.579,0.457,0.114,0.517,0.576,106.6,99.36,82.8,35,0.629,98,94,32,39,109,74,33,36,8,9,12,45,130,121,20,110,96,99,15,50000,2022-23
Lineups,-1630194-1630644-,P. Reed - M. McClung,1610612755,PHI,2,2,0,1.0,17.0,109.9,112.5,77.4,76.9,32.5,35.6,0.684,2.6,21.7,0.35,0.818,0.595,0.125,0.541,0.549,110.3,109.28,91.07,40,0.73,107,100,1,1,106,71,4,5,11,7,7,24,16,19,34,91,113,15,7,52050,2022-23
Lineups,-1629003-1629663-,S. Milton - L. King,1610612755,PHI,1,1,0,1.0,17.0,133.0,133.3,143.3,133.3,-10.3,0.0,0.444,1.6,16.3,0.313,0.667,0.464,0.139,0.636,0.665,101.8,105.47,87.89,36,0.423,122,114,1,1,107,9,134,81,128,83,107,45,115,117,76,10,13,29,117,51200,2022-23
Lineups,-1629663-1630644-,L. King - M. McClung,1610612755,PHI,1,1,0,1.0,16.0,120.2,122.9,117.5,117.6,2.7,5.2,0.563,1.5,18.0,0.412,0.722,0.571,0.171,0.609,0.637,103.6,102.43,85.36,35,0.515,122,114,1,1,110,16,121,54,104,95,59,13,67,22,114,15,23,65,70,48500,2022-23
Lineups,-203473-1629663-,D. Dedmon - L. King,1610612755,PHI,1,1,0,1.0,15.0,131.7,143.3,115.5,115.6,16.3,27.7,0.533,2.0,18.6,0.429,0.75,0.6,0.133,0.638,0.68,106.4,102.03,85.03,30,0.579,122,114,1,1,111,4,108,11,116,29,40,10,35,16,55,9,9,70,21,43750,2022-23
Lineups,-203473-1629667-,D. Dedmon - J. McDaniels,1610612755,PHI,2,1,1,0.5,14.0,90.4,90.0,111.6,121.2,-21.2,-31.2,0.727,1.33,19.5,0.231,0.643,0.444,0.2,0.521,0.543,115.8,110.99,92.49,30,0.39,107,114,32,125,113,121,126,126,7,110,22,117,124,127,125,106,115,13,121,40870,2022-23
Lineups,-203473-1626149-,D. Dedmon - M. Harrell,1610612755,PHI,1,1,0,1.0,14.0,123.9,136.7,88.8,86.7,35.1,50.0,0.571,1.6,18.6,0.429,0.8,0.621,0.167,0.607,0.66,108.2,104.1,86.75,30,0.72,122,114,1,1,112,7,5,2,98,83,40,10,18,12,110,17,14,40,8,41500,2022-23
Lineups,-1629680-1630531-,M. Thybulle - J. Springer,1610612755,PHI,4,4,0,1.0,14.0,60.3,51.7,128.7,135.7,-68.4,-84.0,0.667,1.0,11.1,0.158,0.688,0.4,0.138,0.304,0.314,96.2,100.84,84.03,29,0.088,98,90,1,1,114,136,137,136,14,120,128,134,101,133,69,136,136,85,135,40700,2022-23
Lineups,-1627863-1629663-,D. House Jr. - L. King,1610612755,PHI,1,1,0,1.0,13.0,131.8,133.3,142.3,134.5,-10.6,-1.1,0.6,2.25,22.5,0.333,0.75,0.5,0.148,0.654,0.659,101.2,103.52,86.26,27,0.432,122,114,1,1,116,9,135,89,74,12,3,30,35,63,92,8,15,49,115,38950,2022-23
Lineups,-1629663-1630194-,L. King - P. Reed,1610612755,PHI,1,1,0,1.0,13.0,123.6,116.7,127.2,116.7,-3.6,0.0,0.533,2.0,18.2,0.375,0.727,0.519,0.133,0.569,0.577,102.7,110.34,91.95,30,0.456,122,114,1,1,115,49,112,81,116,29,51,20,60,40,55,54,95,14,111,39150,2022-23
Lineups,-1626149-1629663-,M. Harrell - L. King,1610612755,PHI,1,1,0,1.0,13.0,100.8,100.0,91.2,92.6,9.6,7.4,0.545,0.86,14.3,0.533,0.813,0.677,0.241,0.5,0.542,105.9,105.55,87.96,29,0.566,122,114,1,1,117,112,12,41,111,126,121,5,17,9,135,115,116,28,22,38200,2022-23
Lineups,-1629667-1630644-,J. McDaniels - M. McClung,1610612755,PHI,2,2,0,1.0,12.0,103.1,106.9,89.7,90.3,13.3,16.6,0.75,2.25,22.0,0.214,0.833,0.5,0.138,0.52,0.552,121.2,118.63,98.86,29,0.608,107,100,1,1,118,101,10,17,4,12,5,124,13,63,69,107,112,7,19,36415,2022-23
Lineups,-200782-203473-,P. Tucker - D. Dedmon,1610612755,PHI,2,1,1,0.5,12.0,72.7,72.7,132.9,134.8,-60.2,-62.1,0.286,0.33,7.1,0.333,0.417,0.375,0.273,0.421,0.421,90.4,89.75,74.79,22,0.037,107,114,32,125,119,134,136,135,133,130,132,30,138,136,138,129,134,141,136,36100,2022-23
Lineups,-1627788-1630178-,F. Korkmaz - T. Maxey,1610612755,PHI,6,3,3,0.5,11.0,106.8,93.1,67.3,61.5,39.5,31.6,0.75,1.5,15.4,0.308,0.667,0.48,0.138,0.5,0.534,106.6,119.6,99.67,29,0.758,90,94,59,125,121,119,2,7,4,95,115,48,115,99,69,115,118,6,4,33110,2022-23
Lineups,-201935-1627788-,J. Harden - F. Korkmaz,1610612755,PHI,4,3,1,0.75,11.0,92.4,77.4,126.6,110.3,-34.1,-32.9,0.5,2.0,10.5,0.2,0.846,0.5,0.065,0.429,0.481,110.5,129.4,107.83,31,0.25,98,94,32,39,120,132,75,127,122,29,131,130,12,63,9,127,126,5,130,33385,2022-23
Lineups,-1627863-1630240-,D. House Jr. - S. Lee,1610612755,PHI,2,1,1,0.5,10.0,130.2,119.0,105.9,105.3,24.3,13.8,0.556,1.0,17.9,0.4,1.0,0.727,0.238,0.714,0.772,90.3,94.89,79.08,21,0.667,107,114,32,125,123,28,42,18,106,120,71,14,1,5,133,5,5,129,10,30350,2022-23
Lineups,-1627788-1630240-,F. Korkmaz - S. Lee,1610612755,PHI,2,1,1,0.5,10.0,130.2,119.0,105.9,105.3,24.3,13.8,0.556,1.0,17.9,0.4,1.0,0.727,0.238,0.714,0.772,90.3,94.89,79.08,21,0.667,107,114,32,125,123,28,42,18,106,120,71,14,1,5,133,5,5,129,10,30350,2022-23
Lineups,-203954-1630194-,J. Embiid - P. Reed,1610612755,PHI,5,3,2,0.6,10.0,85.4,81.8,111.0,100.0,-25.6,-18.2,0.8,1.0,14.3,0.154,0.571,0.37,0.182,0.375,0.472,104.3,112.54,93.78,22,0.294,91,94,52,114,122,128,20,121,2,120,121,135,131,137,119,135,127,11,128,31350,2022-23
Lineups,-1629663-1629667-,L. King - J. McDaniels,1610612755,PHI,1,1,0,1.0,9.0,134.6,136.8,136.6,128.6,-2.1,8.3,0.455,5.0,18.5,0.3,0.667,0.438,0.053,0.6,0.61,105.0,107.46,89.55,19,0.474,122,114,1,1,125,6,132,38,127,1,43,50,115,130,8,20,57,20,102,26800,2022-23
Lineups,-1630194-1630240-,P. Reed - S. Lee,1610612755,PHI,2,1,1,0.5,8.0,146.6,131.3,100.9,100.0,45.8,31.3,0.625,1.67,21.7,0.5,1.0,0.714,0.188,0.75,0.788,90.2,96.0,80.0,16,0.774,107,114,32,125,126,11,20,8,44,73,6,6,1,7,121,4,4,125,3,22500,2022-23
Lineups,-1627863-1630577-,D. House Jr. - J. Champagnie,1610612755,PHI,2,2,0,1.0,7.0,135.7,127.3,159.0,150.0,-23.4,-22.7,0.6,1.5,17.6,0.6,0.667,0.625,0.182,0.55,0.618,77.9,82.8,69.0,11,0.422,107,100,1,1,127,12,139,123,74,95,80,4,115,11,119,78,45,142,118,20000,2022-23
Lineups,-1630194-1630577-,P. Reed - J. Champagnie,1610612755,PHI,2,2,0,1.0,6.0,168.3,155.6,155.0,160.0,13.2,-4.4,0.6,3.0,20.0,0.75,0.667,0.714,0.111,0.611,0.678,79.4,80.95,67.46,9,0.517,107,100,1,1,128,2,142,104,74,4,14,2,115,7,15,13,10,143,65,16900,2022-23
Lineups,-1627788-1630577-,F. Korkmaz - J. Champagnie,1610612755,PHI,2,2,0,1.0,5.0,150.2,140.0,160.9,150.0,-10.7,-10.0,0.6,1.5,21.4,0.5,1.0,0.667,0.2,0.786,0.841,86.0,92.31,76.92,10,0.492,107,100,1,1,129,5,139,117,74,95,8,6,1,10,125,3,3,137,95,15600,2022-23
Lineups,-1629680-1630240-,M. Thybulle - S. Lee,1610612755,PHI,1,0,1,0.0,4.0,100.0,87.5,57.1,57.1,42.9,30.4,0.667,1.0,18.2,0.333,1.0,0.6,0.25,0.583,0.583,91.2,97.74,81.45,8,1.0,122,142,32,142,131,123,1,9,14,120,51,30,1,16,136,29,86,110,1,11050,2022-23
Lineups,-1630240-1630577-,S. Lee - J. Champagnie,1610612755,PHI,1,1,0,1.0,4.0,191.3,175.0,145.3,142.9,45.9,32.1,0.6,3.0,25.0,1.0,1.0,1.0,0.125,0.917,0.956,89.3,94.32,78.6,8,0.714,122,114,1,1,130,1,138,6,74,4,1,1,1,1,34,2,2,131,9,11450,2022-23
Lineups,-1629001-1630531-,D. Melton - J. Springer,1610612755,PHI,2,1,1,0.5,3.0,100.0,85.7,103.1,114.3,-3.1,-28.6,0.333,0.0,11.1,0.25,0.4,0.333,0.0,0.429,0.429,96.5,98.15,81.79,7,0.364,107,114,32,125,132,124,103,125,130,132,128,98,139,138,1,127,133,108,123,10270,2022-23
Lineups,-1627777-1630644-,G. Niang - M. McClung,1610612755,PHI,1,1,0,1.0,3.0,0.0,0.0,120.0,100.0,-120.0,-100.0,0.0,0.0,0.0,0.0,0.5,0.25,0.667,0.0,0.0,101.9,112.43,93.69,6,-2.4,122,114,1,1,135,137,20,137,134,132,134,136,133,139,146,137,137,12,146,7685,2022-23
Lineups,-1627777-1630240-,G. Niang - S. Lee,1610612755,PHI,1,0,1,0.0,3.0,82.0,80.0,120.0,120.0,-38.0,-40.0,0.0,0.0,0.0,0.0,1.0,0.75,0.4,0.5,0.694,90.6,91.72,76.43,5,0.364,122,142,32,142,133,130,124,128,134,132,134,136,1,3,140,115,7,138,123,7850,2022-23
Lineups,-1626149-1630240-,M. Harrell - S. Lee,1610612755,PHI,1,0,1,0.0,3.0,82.0,80.0,120.0,120.0,-38.0,-40.0,0.0,0.0,0.0,0.0,1.0,0.75,0.4,0.5,0.694,90.6,91.72,76.43,5,0.364,122,142,32,142,133,130,124,128,134,132,134,136,1,3,140,115,7,138,123,7850,2022-23
Lineups,-1629003-1630577-,S. Milton - J. Champagnie,1610612755,PHI,2,2,0,1.0,3.0,0.0,0.0,166.7,125.0,-166.7,-125.0,0.0,0.0,0.0,0.5,0.5,0.5,0.25,0.0,0.0,57.6,76.8,64.0,4,-0.667,107,100,1,1,136,137,128,142,134,132,134,6,133,63,136,137,137,144,139,7500,2022-23
Lineups,-202699-1630531-,T. Harris - J. Springer,1610612755,PHI,3,2,1,0.667,2.0,150.0,120.0,177.3,166.7,-27.3,-46.7,0.333,0.0,14.3,0.333,1.0,0.5,0.0,0.6,0.6,118.2,134.92,112.44,5,0.226,103,100,32,59,137,22,143,132,130,132,121,30,1,63,1,20,69,3,132,5870,2022-23
Lineups,-1627863-1630701-,D. House Jr. - M. Foster Jr.,1610612755,PHI,1,1,0,1.0,1.0,0.0,0.0,200.0,100.0,-200.0,-100.0,0.0,0.0,0.0,0.0,0.0,0.0,0.5,0.0,0.0,69.7,92.9,77.42,2,-1.0,122,114,1,1,139,137,20,137,134,132,134,136,140,140,142,137,137,133,140,3100,2022-23
Lineups,-1629001-1630577-,D. Melton - J. Champagnie,1610612755,PHI,1,1,0,1.0,1.0,0.0,0.0,150.0,150.0,-150.0,-150.0,0.0,0.0,0.0,0.667,0.5,0.6,0.0,0.0,0.0,49.1,65.45,54.55,2,-0.4,122,114,1,1,138,137,139,143,134,132,134,3,133,16,1,137,137,146,138,4400,2022-23
Lineups,-1627788-1630701-,F. Korkmaz - M. Foster Jr.,1610612755,PHI,1,1,0,1.0,1.0,0.0,0.0,200.0,100.0,-200.0,-100.0,0.0,0.0,0.0,0.0,0.0,0.0,0.5,0.0,0.0,69.7,92.9,77.42,2,-1.0,122,114,1,1,139,137,20,137,134,132,134,136,140,140,142,137,137,133,140,3100,2022-23
Lineups,-1630577-1630701-,J. Champagnie - M. Foster Jr.,1610612755,PHI,1,1,0,1.0,1.0,0.0,0.0,200.0,100.0,-200.0,-100.0,0.0,0.0,0.0,0.0,0.0,0.0,0.5,0.0,0.0,69.7,92.9,77.42,2,-1.0,122,114,1,1,139,137,20,137,134,132,134,136,140,140,142,137,137,133,140,3100,2022-23
Lineups,-201935-1630531-,J. Harden - J. Springer,1610612755,PHI,1,1,0,1.0,1.0,300.0,150.0,106.4,100.0,193.6,50.0,0.0,0.0,0.0,0.0,1.0,1.0,0.0,1.5,1.5,95.8,133.03,110.85,2,0.75,122,114,1,1,143,3,20,2,134,132,134,136,1,1,1,1,1,4,5,2165,2022-23
Lineups,-1629003-1630701-,S. Milton - M. Foster Jr.,1610612755,PHI,1,1,0,1.0,1.0,0.0,0.0,200.0,100.0,-200.0,-100.0,0.0,0.0,0.0,0.0,0.0,0.0,0.5,0.0,0.0,69.7,92.9,77.42,2,-1.0,122,114,1,1,139,137,20,137,134,132,134,136,140,140,142,137,137,133,140,3100,2022-23
Lineups,-1627777-1630577-,G. Niang - J. Champagnie,1610612755,PHI,1,1,0,1.0,0.0,0.0,0.0,208.3,300.0,-208.3,-300.0,0.0,0.0,0.0,0.0,0.0,0.0,0.0,0.0,0.0,98.7,68.57,57.14,0,-0.333,122,114,1,1,144,137,146,146,134,132,134,136,140,140,1,137,137,145,137,1050,2022-23
Lineups,-203954-1630531-,J. Embiid - J. Springer,1610612755,PHI,1,0,1,0.0,0.0,0.0,0.0,227.3,200.0,-227.3,-200.0,0.0,0.0,0.0,0.0,0.0,0.0,0.0,0.0,0.0,288.0,327.27,272.73,0,-1.0,122,142,32,142,145,137,144,144,134,132,134,136,140,140,1,137,137,1,140,220,2022-23
Lineups,-1630178-1630531-,T. Maxey - J. Springer,1610612755,PHI,1,0,1,0.0,0.0,0.0,0.0,227.3,200.0,-227.3,-200.0,0.0,0.0,0.0,0.0,0.0,0.0,0.0,0.0,0.0,288.0,327.27,272.73,0,-1.0,122,142,32,142,145,137,144,144,134,132,134,136,140,140,1,137,137,1,140,220,2022-23
Lineups,-202699-1630178-,T. Harris - T. Maxey,1610612755,PHI,59,37,22,0.627,1727.0,117.3,119.1,112.0,112.3,5.3,6.8,0.596,2.31,18.5,0.284,0.717,0.5,0.112,0.547,0.591,100.1,99.27,82.72,3572,0.522,4,4,223,77,1,46,142,81,140,51,86,129,83,109,60,79,74,158,89,5182235,2023-24
Lineups,-1626162-1630178-,K. Oubre Jr. - T. Maxey,1610612755,PHI,57,36,21,0.632,1356.0,113.2,115.0,113.5,113.8,-0.3,1.2,0.584,2.26,18.0,0.268,0.705,0.481,0.11,0.535,0.573,100.7,99.76,83.13,2811,0.492,5,5,221,72,2,79,162,119,153,54,100,157,106,156,53,101,102,147,122,4068505,2023-24
Lineups,-202699-1626162-,T. Harris - K. Oubre Jr.,1610612755,PHI,56,34,22,0.607,1143.0,114.3,115.1,114.8,115.3,-0.5,-0.2,0.58,2.25,17.6,0.277,0.712,0.488,0.108,0.529,0.571,100.4,99.84,83.2,2374,0.488,6,6,223,92,3,77,174,134,159,55,115,141,91,138,46,111,104,144,128,3428965,2023-24
Lineups,-1630178-1630194-,T. Maxey - P. Reed,1610612755,PHI,70,43,27,0.614,1058.0,117.7,119.7,112.5,113.2,5.2,6.5,0.535,2.22,17.3,0.298,0.688,0.487,0.108,0.548,0.585,98.9,97.76,81.47,2145,0.505,1,1,227,87,4,43,155,82,180,61,128,107,138,140,48,78,77,178,107,3174355,2023-24
Lineups,-201587-1630178-,N. Batum - T. Maxey,1610612755,PHI,49,30,19,0.612,1042.0,119.3,120.8,110.5,111.0,8.8,9.8,0.637,2.51,19.7,0.287,0.705,0.497,0.111,0.556,0.599,100.3,99.43,82.86,2153,0.536,7,7,216,88,5,38,127,70,92,30,55,118,105,114,55,67,63,157,73,3126685,2023-24
Lineups,-203954-1630178-,J. Embiid - T. Maxey,1610612755,PHI,36,29,7,0.806,958.0,121.3,122.4,110.2,110.0,11.1,12.4,0.649,2.47,19.9,0.272,0.722,0.508,0.113,0.57,0.621,102.2,101.85,84.88,2036,0.563,18,8,127,30,6,31,117,53,78,36,48,150,77,76,66,54,50,94,59,2874285,2023-24
Lineups,-202699-203954-,T. Harris - J. Embiid,1610612755,PHI,36,29,7,0.806,947.0,120.9,121.8,108.7,108.9,12.1,12.9,0.655,2.41,20.0,0.262,0.728,0.508,0.116,0.566,0.619,102.7,102.24,85.2,2017,0.567,18,8,127,30,7,33,99,52,70,38,43,162,69,75,77,58,51,86,55,2841575,2023-24
Lineups,-201587-202699-,N. Batum - T. Harris,1610612755,PHI,48,29,19,0.604,892.0,118.5,119.3,111.1,111.8,7.4,7.5,0.655,2.41,19.6,0.294,0.697,0.499,0.116,0.55,0.597,100.3,99.65,83.04,1849,0.539,8,8,216,93,8,45,134,79,71,39,56,110,120,110,75,76,67,151,70,2676285,2023-24
Lineups,-202699-1629001-,T. Harris - D. Melton,1610612755,PHI,38,25,13,0.658,871.0,119.9,121.8,111.4,111.9,8.6,9.9,0.605,2.34,18.8,0.283,0.721,0.502,0.112,0.558,0.606,102.4,101.43,84.52,1842,0.54,15,15,193,62,9,34,135,69,124,48,70,131,79,90,64,64,58,104,68,2613010,2023-24
Lineups,-202699-1630194-,T. Harris - P. Reed,1610612755,PHI,67,39,28,0.582,835.0,115.0,116.1,111.3,111.4,3.7,4.7,0.53,2.1,16.8,0.308,0.708,0.499,0.112,0.532,0.565,98.2,97.65,81.37,1685,0.495,2,2,228,99,10,67,129,90,181,74,142,81,99,112,59,106,119,179,117,2504820,2023-24
Lineups,-1626162-1630194-,K. Oubre Jr. - P. Reed,1610612755,PHI,67,39,28,0.582,818.0,114.8,115.7,114.3,114.5,0.5,1.2,0.526,2.21,16.9,0.291,0.695,0.483,0.105,0.535,0.568,99.4,98.89,82.41,1669,0.478,2,2,228,99,11,73,170,118,183,62,137,116,125,153,41,100,111,164,137,2454975,2023-24
Lineups,-1629001-1630178-,D. Melton - T. Maxey,1610612755,PHI,36,24,12,0.667,773.0,122.9,124.8,112.4,112.8,10.5,12.0,0.617,2.46,19.5,0.292,0.714,0.505,0.111,0.575,0.622,102.3,101.35,84.46,1635,0.547,18,16,182,48,12,28,148,57,113,37,58,113,89,84,56,46,49,108,63,2320175,2023-24
Lineups,-201587-1626162-,N. Batum - K. Oubre Jr.,1610612755,PHI,42,24,18,0.571,669.0,113.6,113.8,113.1,113.6,0.4,0.1,0.643,2.23,19.4,0.278,0.667,0.474,0.122,0.541,0.579,99.4,99.06,82.55,1374,0.497,11,16,214,108,13,93,159,125,84,59,61,139,163,173,105,90,88,160,116,2006765,2023-24
Lineups,-203954-1629001-,J. Embiid - D. Melton,1610612755,PHI,25,20,5,0.8,644.0,123.7,125.1,109.3,109.8,14.4,15.3,0.654,2.53,20.1,0.284,0.742,0.522,0.112,0.572,0.627,103.3,102.5,85.42,1374,0.571,48,25,107,32,14,26,115,41,73,29,42,130,55,57,61,49,42,78,49,1931715,2023-24
Lineups,-201587-203954-,N. Batum - J. Embiid,1610612755,PHI,28,24,4,0.857,633.0,126.0,125.2,106.5,107.2,19.5,18.0,0.678,2.72,20.9,0.278,0.712,0.513,0.109,0.584,0.634,101.1,101.12,84.27,1332,0.597,37,16,96,25,15,25,82,36,46,22,33,140,92,64,50,41,36,116,36,1899590,2023-24
Lineups,-203954-1626162-,J. Embiid - K. Oubre Jr.,1610612755,PHI,31,26,5,0.839,608.0,114.9,115.9,112.3,112.5,2.6,3.4,0.645,2.36,19.2,0.257,0.711,0.486,0.113,0.537,0.584,103.0,102.49,85.41,1291,0.517,30,11,107,27,16,72,144,105,82,45,64,165,94,143,68,97,78,79,99,1823025,2023-24
Lineups,-201587-1630194-,N. Batum - P. Reed,1610612755,PHI,47,26,21,0.553,546.0,116.0,117.2,111.4,113.2,4.6,4.1,0.602,2.2,18.9,0.305,0.685,0.492,0.122,0.553,0.583,97.9,96.62,80.52,1090,0.5,9,11,221,110,17,58,154,98,127,63,67,90,144,125,104,70,82,196,113,1637105,2023-24
Lineups,-1627741-1630194-,B. Hield - P. Reed,1610612755,PHI,32,17,15,0.531,489.0,108.7,109.7,109.1,110.4,-0.3,-0.7,0.613,2.24,18.4,0.293,0.694,0.481,0.116,0.512,0.539,97.9,96.93,80.77,979,0.475,27,33,208,124,18,125,119,138,117,58,87,111,126,158,79,138,155,194,142,1465575,2023-24
Lineups,-201976-1630178-,P. Beverley - T. Maxey,1610612755,PHI,42,26,16,0.619,460.0,113.2,113.9,109.1,109.7,4.1,4.2,0.545,2.05,15.9,0.33,0.667,0.498,0.108,0.513,0.562,100.6,100.08,83.4,965,0.521,11,11,211,82,19,91,107,94,175,82,164,55,162,113,45,135,122,137,93,1379895,2023-24
Lineups,-1627741-1630178-,B. Hield - T. Maxey,1610612755,PHI,24,13,11,0.542,452.0,111.4,112.0,113.2,115.1,-1.8,-3.1,0.607,2.25,18.5,0.302,0.705,0.494,0.116,0.53,0.559,97.6,96.51,80.42,913,0.473,51,61,168,114,21,102,171,150,122,57,85,98,104,121,78,109,129,200,144,1356330,2023-24
Lineups,-200768-1626162-,K. Lowry - K. Oubre Jr.,1610612755,PHI,21,10,11,0.476,452.0,110.0,110.6,106.1,106.3,3.8,4.3,0.624,1.9,18.2,0.229,0.699,0.468,0.13,0.536,0.574,97.8,97.49,81.24,916,0.505,75,84,168,157,20,117,72,93,110,117,93,182,115,182,129,99,99,182,106,1357495,2023-24
Lineups,-1626162-1628964-,K. Oubre Jr. - M. Bamba,1610612755,PHI,37,15,22,0.405,434.0,105.4,106.5,112.9,112.5,-7.5,-6.0,0.627,2.02,17.4,0.269,0.698,0.473,0.119,0.501,0.534,97.4,97.13,80.94,879,0.45,17,44,223,179,22,156,147,170,106,89,121,154,116,177,89,153,173,190,168,1303120,2023-24
Lineups,-1626162-1627741-,K. Oubre Jr. - B. Hield,1610612755,PHI,30,16,14,0.533,433.0,107.6,107.1,112.7,113.0,-5.1,-5.9,0.566,1.92,16.8,0.303,0.697,0.489,0.121,0.512,0.54,99.6,99.71,83.09,899,0.448,33,36,200,121,23,150,152,169,164,114,143,97,117,133,100,139,153,149,171,1299045,2023-24
Lineups,-1628964-1630178-,M. Bamba - T. Maxey,1610612755,PHI,34,15,19,0.441,432.0,106.7,108.2,110.5,109.6,-3.7,-1.4,0.625,2.16,18.0,0.27,0.703,0.477,0.117,0.509,0.539,96.9,96.56,80.47,866,0.471,22,44,216,170,24,144,105,141,109,69,97,153,107,164,80,142,160,197,150,1295940,2023-24
Lineups,-201976-202699-,P. Beverley - T. Harris,1610612755,PHI,42,26,16,0.619,421.0,110.9,110.4,111.5,112.1,-0.7,-1.7,0.515,1.58,14.7,0.319,0.7,0.508,0.127,0.5,0.554,101.0,100.95,84.12,884,0.485,11,11,211,82,25,119,138,143,187,156,190,64,110,74,120,155,134,119,131,1261695,2023-24
Lineups,-202694-1630178-,M. Morris Sr. - T. Maxey,1610612755,PHI,33,21,12,0.636,410.0,114.0,116.0,112.9,113.6,1.1,2.5,0.547,2.19,16.3,0.321,0.679,0.491,0.103,0.519,0.564,100.9,99.72,83.1,854,0.493,24,21,182,69,26,68,158,109,171,65,158,62,149,128,37,124,121,148,121,1228930,2023-24
Lineups,-200768-1630178-,K. Lowry - T. Maxey,1610612755,PHI,18,8,10,0.444,407.0,110.9,112.1,106.8,106.6,4.1,5.5,0.642,2.12,18.6,0.243,0.696,0.471,0.121,0.532,0.572,97.5,97.04,80.87,826,0.521,92,100,160,167,27,101,76,86,87,71,79,177,123,178,97,105,103,192,92,1220515,2023-24
Lineups,-200768-202699-,K. Lowry - T. Harris,1610612755,PHI,18,7,11,0.389,395.0,108.2,108.5,111.4,112.3,-3.1,-3.7,0.622,1.97,17.5,0.253,0.734,0.485,0.122,0.513,0.553,97.0,96.52,80.44,796,0.472,92,112,168,182,28,141,141,151,111,102,118,166,61,147,102,136,137,199,147,1183785,2023-24
Lineups,-201976-1626162-,P. Beverley - K. Oubre Jr.,1610612755,PHI,33,19,14,0.576,394.0,105.4,105.6,108.7,109.7,-3.3,-4.1,0.54,1.77,15.3,0.304,0.679,0.489,0.119,0.483,0.528,102.2,101.58,84.65,833,0.471,24,27,200,106,29,162,111,153,177,138,177,92,150,135,84,186,181,96,148,1181530,2023-24
Lineups,-202699-1628964-,T. Harris - M. Bamba,1610612755,PHI,34,14,20,0.412,393.0,106.6,107.0,111.2,111.5,-4.6,-4.5,0.601,1.95,16.8,0.274,0.719,0.486,0.119,0.501,0.537,96.8,96.5,80.41,797,0.465,22,51,219,176,30,151,131,156,130,106,140,147,80,144,86,154,168,202,155,1178890,2023-24
Lineups,-201976-202694-,P. Beverley - M. Morris Sr.,1610612755,PHI,33,19,14,0.576,388.0,112.7,112.9,110.7,112.2,2.0,0.7,0.546,2.06,15.7,0.32,0.668,0.491,0.105,0.506,0.559,99.5,98.83,82.36,801,0.506,24,27,200,106,31,96,140,121,172,80,171,63,161,126,39,147,128,168,104,1164955,2023-24
Lineups,-202699-1627741-,T. Harris - B. Hield,1610612755,PHI,24,11,13,0.458,386.0,103.6,105.3,107.4,107.8,-3.8,-2.5,0.62,2.39,16.9,0.305,0.737,0.501,0.101,0.47,0.505,98.4,97.33,81.11,786,0.469,51,72,193,163,32,165,88,148,112,42,134,91,57,91,33,199,198,187,151,1158410,2023-24
Lineups,-201587-1629001-,N. Batum - D. Melton,1610612755,PHI,24,16,8,0.667,384.0,127.0,128.1,108.9,109.7,18.1,18.4,0.639,2.67,20.2,0.307,0.728,0.522,0.108,0.584,0.633,102.7,101.89,84.91,815,0.578,51,36,142,48,33,19,110,34,91,23,41,83,71,56,47,40,39,93,45,1151830,2023-24
Lineups,-201976-203954-,P. Beverley - J. Embiid,1610612755,PHI,31,23,8,0.742,373.0,109.3,109.0,100.1,101.1,9.1,7.9,0.586,1.92,16.1,0.285,0.706,0.499,0.114,0.49,0.55,102.7,102.31,85.26,787,0.547,30,19,142,40,34,134,52,77,149,113,162,126,103,111,71,177,144,82,62,1118955,2023-24
Lineups,-1626162-1630231-,K. Oubre Jr. - K. Martin,1610612755,PHI,38,18,20,0.474,357.0,113.8,112.6,111.8,110.7,2.0,1.9,0.591,1.98,17.8,0.292,0.654,0.467,0.125,0.542,0.575,101.9,102.92,85.77,762,0.485,15,32,219,160,35,97,120,113,144,99,109,112,180,183,110,88,95,72,130,1071015,2023-24
Lineups,-1626166-1630194-,C. Payne - P. Reed,1610612755,PHI,30,16,14,0.533,335.0,114.1,114.6,110.2,108.8,4.0,5.8,0.658,2.4,19.8,0.301,0.701,0.489,0.119,0.543,0.567,97.1,97.5,81.25,679,0.495,33,36,200,121,36,82,95,85,67,41,49,101,109,134,87,86,112,180,118,1005805,2023-24
Lineups,-201976-1630194-,P. Beverley - P. Reed,1610612755,PHI,39,21,18,0.538,328.0,115.3,115.9,115.8,116.5,-0.6,-0.6,0.484,1.63,14.8,0.351,0.671,0.506,0.126,0.52,0.566,98.0,97.44,81.2,666,0.478,14,21,214,117,37,70,180,136,203,153,187,32,159,82,116,123,116,183,138,983520,2023-24
Lineups,-201587-1627741-,N. Batum - B. Hield,1610612755,PHI,26,14,12,0.538,321.0,107.5,106.9,105.7,106.5,1.8,0.5,0.656,2.07,18.3,0.316,0.716,0.505,0.126,0.506,0.538,97.3,97.25,81.04,649,0.486,43,51,182,117,38,152,74,122,69,78,88,67,85,85,118,148,162,188,129,961735,2023-24
Lineups,-1626162-1626166-,K. Oubre Jr. - C. Payne,1610612755,PHI,27,13,14,0.481,318.0,108.8,107.7,110.7,109.7,-1.9,-1.9,0.561,1.83,16.0,0.3,0.686,0.479,0.121,0.502,0.539,100.5,101.44,84.53,672,0.458,39,61,200,155,39,146,109,145,167,130,163,104,143,160,95,152,157,103,161,954635,2023-24
Lineups,-1626166-1627741-,C. Payne - B. Hield,1610612755,PHI,30,16,14,0.533,315.0,106.8,106.8,105.3,104.1,1.6,2.7,0.654,2.05,18.1,0.325,0.718,0.505,0.127,0.5,0.531,99.8,100.38,83.65,662,0.484,33,36,200,121,40,153,63,108,72,83,96,57,82,83,121,155,177,130,134,946110,2023-24
Lineups,-200768-201587-,K. Lowry - N. Batum,1610612755,PHI,22,11,11,0.5,314.0,111.7,110.1,109.6,110.8,2.1,-0.7,0.658,1.94,19.1,0.252,0.681,0.47,0.136,0.549,0.583,97.2,97.39,81.16,642,0.505,64,72,168,127,41,122,121,137,68,108,65,167,147,180,144,77,81,185,109,941120,2023-24
Lineups,-202699-1626166-,T. Harris - C. Payne,1610612755,PHI,22,10,12,0.455,311.0,111.7,111.3,108.0,109.0,3.7,2.2,0.645,2.35,18.5,0.302,0.729,0.503,0.113,0.517,0.55,98.3,98.02,81.69,640,0.505,64,84,182,164,42,108,100,112,81,47,83,98,66,88,65,129,143,176,108,932835,2023-24
Lineups,-1630194-1630231-,P. Reed - K. Martin,1610612755,PHI,43,21,22,0.488,301.0,116.0,116.8,108.3,106.0,7.7,10.8,0.582,1.93,18.6,0.279,0.644,0.46,0.134,0.569,0.597,99.6,100.4,83.67,620,0.521,10,21,223,154,43,64,71,62,156,111,80,138,188,191,140,55,66,129,91,902130,2023-24
Lineups,-200768-1628964-,K. Lowry - M. Bamba,1610612755,PHI,20,8,12,0.4,298.0,104.6,106.5,108.4,107.7,-3.8,-1.1,0.642,2.04,17.9,0.235,0.709,0.459,0.12,0.5,0.538,97.0,96.5,80.42,598,0.468,81,100,182,180,44,155,85,140,89,85,104,178,98,192,94,155,164,201,153,894580,2023-24
Lineups,-1626162-1629001-,K. Oubre Jr. - D. Melton,1610612755,PHI,25,19,6,0.76,292.0,117.1,120.7,114.6,114.5,2.6,6.2,0.585,2.48,18.2,0.281,0.707,0.483,0.102,0.551,0.593,104.8,103.23,86.03,628,0.511,48,27,117,39,45,39,168,83,150,35,91,134,102,151,36,72,72,70,100,876715,2023-24
Lineups,-1630178-1630231-,T. Maxey - K. Martin,1610612755,PHI,28,14,14,0.5,290.0,110.3,110.2,111.8,111.7,-1.5,-1.5,0.604,1.88,18.3,0.285,0.675,0.478,0.135,0.54,0.573,99.7,99.85,83.21,608,0.484,37,51,200,127,46,121,133,142,126,123,89,128,155,162,142,92,101,143,133,870340,2023-24
Lineups,-202694-1626162-,M. Morris Sr. - K. Oubre Jr.,1610612755,PHI,24,15,9,0.625,275.0,108.5,109.0,112.6,111.6,-4.1,-2.5,0.537,1.91,15.5,0.33,0.693,0.501,0.113,0.494,0.535,100.5,100.64,83.87,575,0.458,51,44,150,78,47,132,132,149,179,116,173,54,130,92,67,170,172,125,160,824850,2023-24
Lineups,-202694-1630194-,M. Morris Sr. - P. Reed,1610612755,PHI,32,21,11,0.656,273.0,116.0,117.7,117.7,116.1,-1.6,1.6,0.477,1.85,14.8,0.347,0.718,0.511,0.111,0.518,0.561,99.1,99.03,82.52,560,0.467,27,21,168,63,48,54,179,116,207,126,189,35,81,70,54,126,124,162,154,817950,2023-24
Lineups,-1627863-1630178-,D. House Jr. - T. Maxey,1610612755,PHI,26,16,10,0.615,259.0,118.5,118.3,111.7,109.6,6.8,8.7,0.5,2.19,15.5,0.301,0.665,0.481,0.096,0.523,0.582,100.2,101.23,84.36,552,0.533,43,36,160,85,49,50,104,75,190,66,174,102,172,157,28,119,85,111,75,777410,2023-24
Lineups,-203496-1630178-,R. Covington - T. Maxey,1610612755,PHI,22,15,7,0.682,257.0,116.6,118.3,109.2,107.7,7.4,10.6,0.584,1.97,18.0,0.306,0.692,0.514,0.127,0.552,0.602,98.8,98.71,82.26,529,0.544,64,44,127,47,50,49,87,63,151,101,101,85,131,63,119,71,60,169,66,772435,2023-24
Lineups,-201587-1626166-,N. Batum - C. Payne,1610612755,PHI,22,12,10,0.545,236.0,106.3,105.6,111.2,111.3,-4.9,-5.8,0.691,2.06,19.0,0.294,0.694,0.476,0.132,0.508,0.537,98.6,98.92,82.43,486,0.455,64,68,160,111,51,163,128,166,40,79,66,109,128,166,133,145,167,163,163,707480,2023-24
Lineups,-1627741-1630231-,B. Hield - K. Martin,1610612755,PHI,24,13,11,0.542,235.0,111.5,110.7,111.9,112.9,-0.4,-2.2,0.601,1.69,18.1,0.286,0.662,0.473,0.148,0.557,0.583,99.9,99.8,83.17,486,0.468,51,61,168,114,52,116,150,146,129,148,95,120,174,176,166,65,83,145,152,704100,2023-24
Lineups,-1629001-1630194-,D. Melton - P. Reed,1610612755,PHI,29,17,12,0.586,232.0,114.3,116.8,113.6,112.9,0.7,4.0,0.519,1.96,16.5,0.276,0.694,0.467,0.115,0.543,0.577,101.6,100.79,83.99,487,0.485,36,33,182,97,53,62,151,100,185,104,150,142,127,184,72,87,90,122,132,697235,2023-24
Lineups,-201976-1627863-,P. Beverley - D. House Jr.,1610612755,PHI,24,13,11,0.542,225.0,107.9,105.9,102.3,101.7,5.6,4.2,0.469,1.47,13.4,0.275,0.688,0.488,0.119,0.485,0.547,101.4,102.62,85.52,477,0.526,51,61,168,114,54,160,55,96,208,167,204,145,137,139,90,183,149,75,84,674235,2023-24
Lineups,-202694-202699-,M. Morris Sr. - T. Harris,1610612755,PHI,26,15,11,0.577,218.0,115.7,115.5,120.0,120.3,-4.3,-4.8,0.453,1.71,14.0,0.34,0.713,0.511,0.111,0.524,0.567,100.6,100.53,83.78,458,0.447,43,44,168,104,55,74,190,158,211,146,199,43,90,68,57,117,113,127,173,653160,2023-24
Lineups,-201587-201976-,N. Batum - P. Beverley,1610612755,PHI,27,17,10,0.63,216.0,116.0,113.5,118.5,119.3,-2.4,-5.8,0.59,2.16,17.5,0.306,0.637,0.471,0.112,0.531,0.576,98.3,99.05,82.54,445,0.471,39,33,160,76,56,95,188,167,145,68,117,89,193,179,63,108,92,161,149,646950,2023-24
Lineups,-1627863-1630194-,D. House Jr. - P. Reed,1610612755,PHI,31,20,11,0.645,215.0,110.6,109.0,110.3,108.9,0.3,0.2,0.462,1.56,13.9,0.285,0.697,0.491,0.119,0.509,0.553,100.7,102.1,85.08,454,0.478,30,25,168,67,57,133,98,124,210,158,200,127,118,127,85,144,138,90,136,645980,2023-24
Lineups,-201976-1629001-,P. Beverley - D. Melton,1610612755,PHI,32,22,10,0.688,211.0,114.3,114.2,108.6,108.2,5.7,6.0,0.545,1.81,15.6,0.325,0.712,0.511,0.119,0.509,0.567,101.4,101.69,84.74,444,0.518,27,20,160,46,58,89,91,84,173,132,172,59,93,69,88,143,115,95,98,633685,2023-24
Lineups,-202699-1627863-,T. Harris - D. House Jr.,1610612755,PHI,24,15,9,0.625,203.0,112.1,111.0,107.5,106.4,4.6,4.6,0.468,1.42,14.0,0.288,0.726,0.507,0.13,0.513,0.57,102.3,103.4,86.17,438,0.504,51,44,150,78,59,111,73,92,209,170,198,117,75,78,130,133,106,68,110,609955,2023-24
Lineups,-203954-1627863-,J. Embiid - D. House Jr.,1610612755,PHI,19,12,7,0.632,200.0,110.8,110.3,110.3,109.9,0.5,0.4,0.575,1.8,15.4,0.281,0.688,0.474,0.115,0.477,0.56,101.9,102.25,85.21,426,0.508,84,68,127,72,60,120,116,123,160,134,176,135,140,174,73,190,126,84,103,598545,2023-24
Lineups,-200768-1627741-,K. Lowry - B. Hield,1610612755,PHI,21,10,11,0.476,197.0,101.7,100.5,111.6,110.8,-9.9,-10.3,0.68,1.92,17.9,0.276,0.716,0.487,0.13,0.473,0.512,96.0,96.9,80.75,399,0.432,75,84,168,157,61,179,122,183,45,112,106,143,84,141,131,196,195,195,183,592170,2023-24
Lineups,-203496-1629001-,R. Covington - D. Melton,1610612755,PHI,22,16,6,0.727,197.0,111.6,111.4,112.2,109.8,-0.6,1.7,0.646,1.73,17.7,0.308,0.7,0.5,0.144,0.503,0.565,100.0,101.14,84.29,411,0.489,64,36,117,42,63,105,112,115,80,142,111,82,111,93,160,151,118,115,126,590850,2023-24
Lineups,-202699-203496-,T. Harris - R. Covington,1610612755,PHI,22,14,8,0.636,197.0,119.8,119.4,107.9,104.5,11.8,14.9,0.629,1.9,19.4,0.283,0.687,0.5,0.143,0.574,0.623,99.7,101.45,84.55,413,0.558,64,51,142,69,62,44,65,44,103,118,59,132,142,93,155,47,48,101,60,591870,2023-24
Lineups,-1626166-1630231-,C. Payne - K. Martin,1610612755,PHI,22,11,11,0.5,186.0,112.0,109.5,109.8,107.3,2.2,2.2,0.639,2.02,18.0,0.311,0.667,0.482,0.126,0.528,0.556,99.1,101.41,84.51,388,0.472,64,72,168,127,64,128,83,111,90,88,99,75,163,154,117,112,132,106,145,556650,2023-24
Lineups,-1628964-1630231-,M. Bamba - K. Martin,1610612755,PHI,35,19,16,0.543,184.0,104.9,104.9,111.0,109.2,-6.1,-4.3,0.652,1.71,18.0,0.343,0.67,0.495,0.152,0.5,0.529,101.2,102.11,85.09,389,0.464,21,27,211,113,65,170,102,155,75,145,98,39,160,120,171,155,179,89,156,551400,2023-24
Lineups,-200768-1630194-,K. Lowry - P. Reed,1610612755,PHI,23,11,12,0.478,180.0,112.0,108.3,110.5,108.6,1.5,-0.4,0.651,1.86,18.8,0.281,0.73,0.51,0.141,0.542,0.571,95.0,97.43,81.19,362,0.491,58,72,182,156,66,143,93,135,76,125,72,137,64,71,152,89,105,184,123,540945,2023-24
Lineups,-203496-203954-,R. Covington - J. Embiid,1610612755,PHI,17,13,4,0.765,180.0,105.3,104.9,108.9,109.4,-3.6,-4.5,0.694,1.9,18.1,0.286,0.68,0.484,0.134,0.478,0.535,98.2,98.15,81.79,366,0.476,100,61,96,38,67,168,103,157,36,119,94,119,148,148,141,189,171,174,140,540655,2023-24
Lineups,-202694-203954-,M. Morris Sr. - J. Embiid,1610612755,PHI,22,19,3,0.864,179.0,110.6,111.5,108.9,109.7,1.8,1.8,0.652,2.2,17.5,0.281,0.711,0.503,0.11,0.505,0.575,101.1,100.36,83.63,374,0.532,64,27,85,24,68,104,106,114,74,64,116,136,95,89,52,150,96,131,77,535910,2023-24
Lineups,-1627741-1628964-,B. Hield - M. Bamba,1610612755,PHI,23,10,13,0.435,177.0,111.1,111.5,108.7,108.0,2.4,3.6,0.688,2.3,19.3,0.306,0.739,0.517,0.121,0.521,0.554,95.5,95.6,79.66,355,0.501,58,84,193,171,69,103,90,103,42,53,62,87,56,62,98,121,136,206,112,531730,2023-24
Lineups,-1626166-1630178-,C. Payne - T. Maxey,1610612755,PHI,19,11,8,0.579,173.0,113.3,111.4,119.1,116.6,-5.8,-5.2,0.627,2.09,18.5,0.311,0.707,0.494,0.125,0.538,0.57,99.5,101.45,84.54,369,0.452,84,72,142,101,70,107,181,162,105,75,84,74,100,122,109,94,107,102,167,518100,2023-24
Lineups,-1626162-1627863-,K. Oubre Jr. - D. House Jr.,1610612755,PHI,25,16,9,0.64,169.0,109.2,107.6,118.3,116.0,-9.1,-8.4,0.493,2.11,15.2,0.306,0.728,0.496,0.098,0.491,0.527,100.3,102.05,85.04,356,0.432,48,36,150,68,73,148,176,179,202,72,179,87,70,118,29,174,183,91,184,506580,2023-24
Lineups,-201976-203496-,P. Beverley - R. Covington,1610612755,PHI,21,13,8,0.619,169.0,103.6,101.5,107.6,106.9,-4.1,-5.4,0.582,1.45,15.1,0.341,0.684,0.507,0.145,0.475,0.519,96.2,97.49,81.24,338,0.449,75,61,142,82,71,177,78,165,155,168,180,41,145,79,162,194,187,181,169,508100,2023-24
Lineups,-203496-1630194-,R. Covington - P. Reed,1610612755,PHI,22,16,6,0.727,169.0,121.2,121.7,103.0,100.3,18.2,21.4,0.513,1.51,16.6,0.333,0.727,0.542,0.151,0.586,0.629,99.1,100.21,83.51,351,0.583,64,36,117,42,72,35,48,27,189,162,148,45,74,38,170,39,40,135,40,507230,2023-24
Lineups,-1630194-1630531-,P. Reed - J. Springer,1610612755,PHI,27,14,13,0.519,165.0,101.5,102.7,113.9,114.0,-12.4,-11.3,0.5,1.31,13.8,0.31,0.675,0.476,0.142,0.472,0.514,99.4,98.83,82.36,338,0.417,39,51,193,125,74,175,163,186,190,177,201,76,154,165,153,197,194,167,188,496105,2023-24
Lineups,-1630178-1630531-,T. Maxey - J. Springer,1610612755,PHI,19,8,11,0.421,165.0,106.6,105.9,126.3,126.9,-19.7,-21.0,0.538,2.06,15.0,0.301,0.683,0.465,0.1,0.471,0.516,98.4,98.47,82.06,340,0.392,84,100,168,174,75,159,202,202,178,81,182,103,146,187,32,198,190,170,198,495745,2023-24
Lineups,-202694-1627863-,M. Morris Sr. - D. House Jr.,1610612755,PHI,19,11,8,0.579,163.0,107.4,108.0,106.9,104.7,0.4,3.3,0.48,1.84,13.2,0.291,0.678,0.486,0.095,0.457,0.538,99.2,99.97,83.31,338,0.518,84,72,142,101,76,145,66,106,205,128,206,115,151,145,27,204,163,142,97,488310,2023-24
Lineups,-1627788-1630231-,F. Korkmaz - K. Martin,1610612755,PHI,26,15,11,0.577,161.0,123.7,124.4,114.1,110.9,9.6,13.4,0.581,1.98,18.6,0.321,0.647,0.478,0.132,0.599,0.629,105.0,106.18,88.48,357,0.543,43,44,168,104,77,29,124,50,157,100,81,61,185,163,132,34,41,46,67,484150,2023-24
Lineups,-201587-202694-,N. Batum - M. Morris Sr.,1610612755,PHI,23,14,9,0.609,154.0,110.6,110.8,121.5,119.3,-10.9,-8.5,0.602,2.22,17.6,0.306,0.688,0.479,0.111,0.51,0.551,98.7,99.51,82.92,323,0.444,58,51,150,90,78,113,187,180,128,60,112,86,139,161,58,141,141,155,174,462365,2023-24
Lineups,-201976-1628964-,P. Beverley - M. Bamba,1610612755,PHI,17,7,10,0.412,153.0,105.7,105.7,111.5,111.9,-5.7,-6.2,0.548,1.64,15.7,0.315,0.665,0.493,0.132,0.493,0.529,99.6,99.45,82.87,317,0.464,100,112,160,176,79,161,136,171,170,152,170,70,173,123,134,171,180,156,157,460460,2023-24
Lineups,-201587-1628964-,N. Batum - M. Bamba,1610612755,PHI,23,8,15,0.348,149.0,103.0,101.6,113.1,111.0,-10.1,-9.3,0.617,1.85,17.3,0.274,0.692,0.461,0.13,0.491,0.522,96.2,97.78,81.48,308,0.434,58,100,208,187,80,176,126,181,114,127,124,146,132,189,128,174,185,177,180,448430,2023-24
Lineups,-1630231-1630531-,K. Martin - J. Springer,1610612755,PHI,26,14,12,0.538,145.0,108.9,107.6,120.0,117.5,-11.1,-9.9,0.6,1.44,16.9,0.269,0.647,0.454,0.158,0.544,0.584,104.4,106.15,88.46,316,0.431,43,51,182,117,81,147,184,182,131,169,138,155,184,200,180,85,80,47,185,435460,2023-24
Lineups,-1630194-1641741-,P. Reed - R. Council IV,1610612755,PHI,27,14,13,0.519,144.0,112.1,114.3,104.5,100.0,7.6,14.3,0.584,2.03,17.0,0.335,0.745,0.522,0.12,0.516,0.551,100.4,101.57,84.64,301,0.533,39,51,193,125,82,85,40,46,152,87,133,44,53,58,92,130,140,97,74,430985,2023-24
Lineups,-1627788-1630531-,F. Korkmaz - J. Springer,1610612755,PHI,21,14,7,0.667,138.0,121.7,118.7,115.4,114.5,6.3,4.2,0.658,2.08,18.9,0.269,0.65,0.464,0.126,0.577,0.623,101.4,103.07,85.89,294,0.524,75,51,127,48,84,47,169,95,66,77,68,156,182,188,113,45,45,71,86,412860,2023-24
Lineups,-200768-1626166-,K. Lowry - C. Payne,1610612755,PHI,21,10,11,0.476,138.0,106.0,105.4,110.1,112.1,-4.1,-6.7,0.61,1.68,17.2,0.218,0.728,0.457,0.137,0.512,0.55,97.8,97.21,81.01,278,0.433,75,84,168,157,83,164,139,172,120,149,130,186,68,193,146,137,142,189,181,414035,2023-24
Lineups,-202699-1630231-,T. Harris - K. Martin,1610612755,PHI,23,8,15,0.348,137.0,110.2,109.7,111.7,109.7,-1.4,0.1,0.513,2.03,15.0,0.299,0.7,0.488,0.101,0.508,0.544,99.8,100.92,84.1,288,0.456,58,100,208,187,85,124,108,126,188,86,185,106,111,137,34,146,150,120,162,412375,2023-24
Lineups,-202699-1630531-,T. Harris - J. Springer,1610612755,PHI,18,9,9,0.5,136.0,112.0,110.8,115.7,116.1,-3.7,-5.3,0.522,1.74,15.5,0.309,0.691,0.489,0.122,0.524,0.562,98.0,98.42,82.01,279,0.463,92,92,150,127,86,114,177,164,184,141,175,79,133,136,103,116,123,171,158,408955,2023-24
Lineups,-1627863-1630531-,D. House Jr. - J. Springer,1610612755,PHI,17,11,6,0.647,130.0,108.1,108.5,109.7,107.6,-1.6,1.0,0.667,1.65,17.3,0.331,0.672,0.492,0.148,0.491,0.549,100.4,101.22,84.35,270,0.495,100,72,117,65,87,142,84,120,50,151,127,53,158,124,166,173,146,113,119,389795,2023-24
Lineups,-202694-1629001-,M. Morris Sr. - D. Melton,1610612755,PHI,18,9,9,0.5,129.0,121.9,121.0,122.9,123.2,-1.0,-2.2,0.482,1.72,15.0,0.315,0.672,0.484,0.118,0.555,0.607,101.0,101.31,84.42,272,0.477,92,92,150,127,88,37,195,147,204,143,184,71,157,150,82,68,55,110,139,386620,2023-24
Lineups,-202694-203496-,M. Morris Sr. - R. Covington,1610612755,PHI,17,11,6,0.647,129.0,110.8,110.7,108.1,107.2,2.8,3.6,0.545,1.72,15.9,0.26,0.744,0.504,0.123,0.529,0.574,97.7,98.16,81.8,261,0.498,100,72,117,65,89,115,81,104,176,143,166,164,54,87,106,110,100,173,114,385810,2023-24
Lineups,-1626162-1641741-,K. Oubre Jr. - R. Council IV,1610612755,PHI,18,6,12,0.333,128.0,119.5,119.9,109.6,107.9,10.0,12.0,0.587,3.08,18.7,0.341,0.746,0.537,0.087,0.56,0.581,103.7,104.27,86.89,276,0.557,92,120,182,189,90,41,89,58,148,12,75,42,52,40,20,63,87,57,61,382555,2023-24
Lineups,-1626166-1628964-,C. Payne - M. Bamba,1610612755,PHI,19,7,12,0.368,122.0,101.3,99.2,105.9,106.8,-4.6,-7.6,0.693,1.79,17.3,0.261,0.752,0.486,0.133,0.468,0.517,98.9,99.55,82.96,256,0.459,84,112,182,183,91,189,77,176,39,135,126,163,47,142,135,200,189,154,159,366680,2023-24
Lineups,-1630231-1641741-,K. Martin - R. Council IV,1610612755,PHI,22,8,14,0.364,119.0,117.4,115.4,107.9,104.8,9.5,10.6,0.642,1.94,18.7,0.317,0.659,0.49,0.135,0.564,0.599,105.2,107.71,89.76,266,0.568,64,100,200,184,92,75,67,64,88,107,76,66,176,131,143,60,65,41,53,358285,2023-24
Lineups,-1626166-1641741-,C. Payne - R. Council IV,1610612755,PHI,18,9,9,0.5,117.0,111.6,110.8,112.3,108.6,-0.7,2.2,0.629,1.97,17.4,0.318,0.784,0.533,0.124,0.523,0.56,99.1,101.1,84.25,249,0.494,92,92,150,127,93,112,92,110,104,103,122,65,38,42,108,120,127,117,120,351100,2023-24
Lineups,-1627741-1641741-,B. Hield - R. Council IV,1610612755,PHI,17,8,9,0.471,114.0,105.7,105.0,111.5,110.1,-5.8,-5.0,0.636,3.15,18.2,0.343,0.776,0.523,0.084,0.485,0.505,99.4,100.32,83.6,238,0.472,100,100,150,161,94,166,118,160,93,11,90,38,40,53,19,184,199,133,146,341615,2023-24
Lineups,-201976-1630231-,P. Beverley - K. Martin,1610612755,PHI,18,5,13,0.278,114.0,102.4,100.4,113.3,113.8,-10.9,-13.3,0.63,1.93,17.6,0.233,0.659,0.449,0.123,0.5,0.539,101.5,102.27,85.22,244,0.449,92,126,193,201,95,180,161,188,101,110,114,179,177,206,107,155,159,83,170,340755,2023-24
Lineups,-1627788-1627863-,F. Korkmaz - D. House Jr.,1610612755,PHI,20,13,7,0.65,111.0,104.5,104.9,112.7,109.8,-8.1,-4.9,0.635,1.54,16.4,0.25,0.689,0.449,0.143,0.49,0.55,104.8,106.0,88.34,245,0.454,81,61,127,64,96,169,113,159,96,160,154,169,136,205,155,176,145,48,164,332815,2023-24
Lineups,-1630178-1641741-,T. Maxey - R. Council IV,1610612755,PHI,13,6,7,0.462,110.0,111.4,110.0,116.4,115.2,-5.0,-5.2,0.558,2.65,16.9,0.306,0.764,0.53,0.087,0.517,0.555,99.6,100.8,84.0,230,0.475,111,120,127,162,97,123,172,161,169,26,136,84,41,47,20,127,133,121,143,329290,2023-24
Lineups,-201587-1630231-,N. Batum - K. Martin,1610612755,PHI,22,9,13,0.409,109.0,111.5,112.4,106.6,103.1,4.9,9.3,0.633,1.78,17.9,0.345,0.675,0.513,0.142,0.531,0.575,97.9,99.1,82.59,225,0.531,64,92,193,178,98,99,61,72,99,137,107,36,153,65,154,107,93,159,78,327655,2023-24
Lineups,-1626162-1630531-,K. Oubre Jr. - J. Springer,1610612755,PHI,20,10,10,0.5,107.0,111.2,112.4,129.4,127.9,-18.2,-15.5,0.57,2.13,16.7,0.252,0.709,0.452,0.106,0.524,0.564,99.6,99.63,83.03,217,0.392,81,84,160,127,99,100,205,193,163,70,144,168,97,203,42,118,120,152,196,322310,2023-24
Lineups,-1628964-1630531-,M. Bamba - J. Springer,1610612755,PHI,19,12,7,0.632,105.0,98.3,95.2,118.8,117.0,-20.4,-21.7,0.75,1.5,17.4,0.328,0.734,0.507,0.165,0.457,0.51,103.2,105.68,88.07,231,0.415,84,68,127,72,100,195,183,203,19,163,119,56,60,80,184,203,197,49,189,314075,2023-24
Lineups,-1627863-1630231-,D. House Jr. - K. Martin,1610612755,PHI,19,11,8,0.579,104.0,99.9,100.0,110.5,107.0,-10.5,-7.0,0.634,1.41,16.6,0.31,0.651,0.475,0.162,0.487,0.53,103.5,105.12,87.6,228,0.448,84,72,142,101,101,181,79,174,98,172,149,77,181,171,183,180,178,52,172,313020,2023-24
Lineups,-201976-1627788-,P. Beverley - F. Korkmaz,1610612755,PHI,18,11,7,0.611,103.0,95.7,96.8,111.7,113.0,-16.0,-16.2,0.643,1.13,15.1,0.267,0.636,0.453,0.18,0.439,0.515,104.5,103.35,86.12,222,0.405,92,72,127,89,102,192,153,196,85,186,181,158,194,202,192,207,191,69,191,310025,2023-24
Lineups,-201976-1630531-,P. Beverley - J. Springer,1610612755,PHI,21,9,12,0.429,103.0,110.5,109.0,106.7,104.9,3.9,4.1,0.688,2.3,17.7,0.312,0.632,0.475,0.108,0.461,0.54,99.9,101.47,84.56,212,0.528,75,92,182,172,103,135,68,99,41,52,110,73,196,168,49,201,154,100,81,309380,2023-24
Lineups,-1627788-1630194-,F. Korkmaz - P. Reed,1610612755,PHI,23,14,9,0.609,98.0,115.9,115.9,101.0,98.1,14.8,17.7,0.517,1.48,15.8,0.304,0.649,0.469,0.145,0.55,0.593,103.8,105.26,87.72,214,0.568,58,51,150,90,104,71,36,37,186,165,167,95,183,181,161,73,71,51,54,294125,2023-24
Lineups,-200768-203954-,K. Lowry - J. Embiid,1610612755,PHI,4,4,0,1.0,86.0,118.9,118.0,107.4,105.6,11.4,12.4,0.662,2.04,19.7,0.173,0.667,0.454,0.129,0.594,0.641,98.8,99.99,83.32,178,0.563,156,134,1,1,105,52,70,54,63,84,52,197,163,201,126,37,31,141,58,257070,2023-24
Lineups,-203954-1627788-,J. Embiid - F. Korkmaz,1610612755,PHI,15,11,4,0.733,85.0,106.2,105.0,108.5,108.7,-2.3,-3.7,0.593,1.3,14.8,0.222,0.628,0.429,0.149,0.489,0.569,102.0,102.51,85.42,181,0.476,106,72,96,41,106,167,94,152,141,179,188,184,198,209,168,178,108,77,140,256370,2023-24
Lineups,-202699-1627788-,T. Harris - F. Korkmaz,1610612755,PHI,13,9,4,0.692,85.0,121.1,122.3,104.5,100.6,16.6,21.8,0.5,1.48,16.5,0.304,0.674,0.497,0.151,0.598,0.634,99.2,100.6,83.83,179,0.58,111,92,96,45,107,32,49,26,190,166,152,96,156,116,169,35,37,126,42,256225,2023-24
Lineups,-203496-1626162-,R. Covington - K. Oubre Jr.,1610612755,PHI,13,11,2,0.846,84.0,113.7,114.5,98.1,96.0,15.6,18.5,0.479,1.55,14.5,0.314,0.736,0.531,0.127,0.526,0.575,98.1,98.85,82.38,173,0.575,111,72,64,26,108,84,29,33,206,159,191,72,58,44,122,114,94,166,46,253465,2023-24
Lineups,-1630194-1630288-,P. Reed - J. Dowtin Jr.,1610612755,PHI,11,7,4,0.636,83.0,116.8,117.1,101.8,98.2,15.0,18.8,0.636,1.96,19.7,0.349,0.693,0.523,0.147,0.563,0.584,96.4,98.04,81.7,170,0.569,121,112,96,69,109,59,37,32,93,105,54,33,129,55,164,61,79,175,51,249700,2023-24
Lineups,-1627863-1628964-,D. House Jr. - M. Bamba,1610612755,PHI,16,10,6,0.625,82.0,111.4,108.9,102.6,100.6,8.8,8.4,0.644,1.88,18.9,0.271,0.702,0.485,0.14,0.546,0.577,102.0,104.12,86.77,179,0.564,105,84,117,78,110,136,50,76,83,122,69,151,108,146,149,82,91,59,57,246170,2023-24
Lineups,-1628964-1629001-,M. Bamba - D. Melton,1610612755,PHI,12,5,7,0.417,80.0,111.8,114.6,111.3,111.5,0.5,3.1,0.588,2.35,17.3,0.37,0.646,0.497,0.108,0.513,0.539,96.0,94.77,78.97,158,0.488,118,126,127,175,111,83,130,107,146,46,125,22,186,115,43,134,158,209,127,239325,2023-24
Lineups,-202694-1628964-,M. Morris Sr. - M. Bamba,1610612755,PHI,13,4,9,0.308,80.0,110.2,108.8,100.1,98.8,10.1,10.0,0.439,1.53,13.6,0.31,0.626,0.481,0.119,0.514,0.537,97.0,98.26,81.88,159,0.539,111,134,150,196,112,138,39,68,212,161,203,78,199,159,90,132,169,172,69,238875,2023-24
Lineups,-1627788-1628964-,F. Korkmaz - M. Bamba,1610612755,PHI,19,12,7,0.632,79.0,122.4,120.0,118.9,116.1,3.5,3.9,0.727,2.0,20.8,0.395,0.729,0.545,0.156,0.565,0.609,105.7,108.05,90.05,180,0.533,84,68,127,72,114,40,178,101,24,90,34,19,67,32,175,59,53,34,76,235880,2023-24
Lineups,-1630231-1630288-,K. Martin - J. Dowtin Jr.,1610612755,PHI,9,4,5,0.444,79.0,108.9,109.6,107.8,104.5,1.1,5.1,0.682,2.25,19.7,0.321,0.643,0.482,0.128,0.517,0.541,93.5,94.62,78.85,156,0.52,134,134,107,167,113,127,64,88,44,55,53,60,189,155,123,128,151,211,94,237405,2023-24
Lineups,-200768-1630231-,K. Lowry - K. Martin,1610612755,PHI,13,7,6,0.538,77.0,102.3,99.3,114.6,115.3,-12.4,-15.9,0.6,1.57,15.9,0.265,0.565,0.417,0.137,0.474,0.515,95.9,97.0,80.83,153,0.394,111,112,117,117,115,188,173,195,131,157,165,161,209,211,147,195,192,193,194,230105,2023-24
Lineups,-203954-1630531-,J. Embiid - J. Springer,1610612755,PHI,12,7,5,0.583,75.0,119.6,115.4,102.7,101.3,16.9,14.1,0.593,1.84,16.5,0.3,0.697,0.507,0.122,0.537,0.606,98.3,100.76,83.97,156,0.579,118,112,107,98,116,76,53,49,141,129,151,105,118,81,101,98,57,123,44,225085,2023-24
Lineups,-1627741-1630288-,B. Hield - J. Dowtin Jr.,1610612755,PHI,10,6,4,0.6,72.0,106.9,104.6,95.1,94.1,11.9,10.5,0.726,2.5,20.5,0.291,0.654,0.475,0.118,0.514,0.531,99.6,101.22,84.35,152,0.569,128,120,96,94,117,171,25,66,26,31,36,114,179,169,83,131,176,112,52,216235,2023-24
Lineups,-1631173-1641741-,T. Smith - R. Council IV,1610612755,PHI,14,7,7,0.5,69.0,115.7,114.6,116.3,115.5,-0.5,-0.9,0.646,1.5,18.7,0.275,0.643,0.46,0.171,0.595,0.633,112.7,113.59,94.66,164,0.509,108,112,127,127,118,80,175,139,79,163,77,144,189,190,188,36,38,22,101,206005,2023-24
Lineups,-203954-1630231-,J. Embiid - K. Martin,1610612755,PHI,8,5,3,0.625,68.0,107.9,106.1,116.9,116.8,-9.0,-10.7,0.5,1.42,13.6,0.316,0.696,0.497,0.128,0.476,0.539,104.2,105.11,87.6,148,0.442,137,126,85,78,119,158,182,184,190,170,202,68,124,117,124,191,156,53,176,203435,2023-24
Lineups,-1627788-1630178-,F. Korkmaz - T. Maxey,1610612755,PHI,13,10,3,0.769,66.0,119.7,119.9,108.2,101.5,11.5,18.4,0.571,2.57,17.9,0.348,0.73,0.53,0.099,0.538,0.586,96.9,99.8,83.17,141,0.598,111,84,85,37,120,42,54,35,161,27,103,34,65,45,31,93,76,146,35,198390,2023-24
Lineups,-1630231-1631173-,K. Martin - T. Smith,1610612755,PHI,10,3,7,0.3,65.0,125.4,126.8,119.6,119.2,5.8,7.6,0.636,2.33,19.8,0.304,0.661,0.473,0.121,0.602,0.636,111.6,111.17,92.64,149,0.522,128,149,127,197,121,22,186,78,93,49,50,93,175,175,96,33,34,26,90,194305,2023-24
Lineups,-202694-1630531-,M. Morris Sr. - J. Springer,1610612755,PHI,14,6,8,0.429,64.0,93.5,94.3,115.4,113.4,-21.9,-19.1,0.5,1.18,11.5,0.416,0.69,0.533,0.139,0.387,0.442,92.4,92.86,77.38,122,0.335,108,120,142,172,122,196,156,197,190,183,210,12,135,42,148,213,213,217,205,193070,2023-24
Lineups,-203496-1627863-,R. Covington - D. House Jr.,1610612755,PHI,11,9,2,0.818,64.0,105.0,103.0,91.1,87.7,13.9,15.3,0.635,1.94,17.9,0.246,0.643,0.446,0.126,0.491,0.537,99.4,102.39,85.33,135,0.573,121,92,64,29,123,174,17,42,97,109,102,175,189,207,114,172,166,80,48,191970,2023-24
Lineups,-1626162-1627788-,K. Oubre Jr. - F. Korkmaz,1610612755,PHI,15,9,6,0.6,62.0,134.0,133.1,120.4,120.9,13.6,12.2,0.617,3.08,20.6,0.204,0.589,0.4,0.09,0.656,0.696,101.3,101.41,84.51,133,0.538,106,92,117,94,125,14,192,56,114,12,35,189,206,212,23,20,22,105,72,186015,2023-24
Lineups,-200782-1630178-,P. Tucker - T. Maxey,1610612755,PHI,3,2,1,0.667,62.0,119.6,117.7,97.1,96.9,22.4,20.7,0.686,1.75,20.2,0.163,0.754,0.508,0.154,0.621,0.671,99.9,100.74,83.95,130,0.615,163,152,24,48,124,53,33,28,43,139,39,201,46,73,173,27,26,124,27,186540,2023-24
Lineups,-1630288-1641741-,J. Dowtin Jr. - R. Council IV,1610612755,PHI,10,7,3,0.7,60.0,110.5,109.4,107.6,102.3,2.9,7.1,0.66,1.75,18.8,0.364,0.707,0.524,0.157,0.544,0.548,99.3,102.32,85.27,127,0.519,128,112,85,44,127,130,57,80,64,139,71,25,101,51,178,84,147,81,96,180135,2023-24
Lineups,-1626162-1630288-,K. Oubre Jr. - J. Dowtin Jr.,1610612755,PHI,7,2,5,0.286,60.0,114.3,118.5,108.1,108.8,6.1,9.7,0.667,2.77,19.6,0.362,0.657,0.507,0.105,0.534,0.554,101.8,99.62,83.02,124,0.524,139,152,107,198,128,48,96,71,50,18,57,30,178,77,38,102,135,153,87,179965,2023-24
Lineups,-200782-203954-,P. Tucker - J. Embiid,1610612755,PHI,3,2,1,0.667,60.0,118.6,116.8,97.6,97.6,21.0,19.2,0.694,1.79,20.4,0.17,0.758,0.513,0.152,0.615,0.663,99.4,100.19,83.49,125,0.607,163,152,24,48,126,63,35,31,37,136,38,198,42,66,172,29,28,136,29,180375,2023-24
Lineups,-200782-202699-,P. Tucker - T. Harris,1610612755,PHI,3,2,1,0.667,58.0,119.8,118.0,98.3,98.4,21.5,19.7,0.694,1.89,20.9,0.152,0.758,0.509,0.148,0.621,0.665,99.7,100.4,83.67,122,0.605,163,152,24,48,129,51,38,30,37,120,32,202,42,72,165,28,27,128,30,174975,2023-24
Lineups,-202699-1641741-,T. Harris - R. Council IV,1610612755,PHI,11,4,7,0.364,58.0,101.2,99.2,112.0,113.5,-10.8,-14.3,0.565,1.63,14.9,0.344,0.837,0.558,0.126,0.481,0.518,104.2,104.53,87.11,127,0.439,121,134,127,184,130,190,157,191,165,154,186,37,23,25,115,187,188,55,178,174260,2023-24
Lineups,-203954-1626166-,J. Embiid - C. Payne,1610612755,PHI,5,5,0,1.0,56.0,104.5,100.8,106.9,104.9,-2.4,-4.1,0.674,1.38,16.9,0.365,0.697,0.535,0.172,0.486,0.536,101.2,103.98,86.65,122,0.483,151,126,1,1,131,178,69,154,49,175,139,24,121,41,190,182,170,64,135,168950,2023-24
Lineups,-203496-1628964-,R. Covington - M. Bamba,1610612755,PHI,9,6,3,0.667,55.0,126.4,127.8,107.2,102.7,19.2,25.1,0.56,2.0,17.6,0.414,0.59,0.504,0.13,0.574,0.599,94.9,96.38,80.32,108,0.615,134,120,85,48,132,20,59,21,168,90,113,13,205,86,127,48,64,203,25,163605,2023-24
Lineups,-201587-203496-,N. Batum - R. Covington,1610612755,PHI,10,8,2,0.8,53.0,113.2,109.3,99.3,100.0,14.0,9.3,0.625,2.08,16.9,0.302,0.667,0.496,0.112,0.505,0.566,99.0,100.33,83.61,107,0.545,128,100,64,32,133,131,40,73,107,76,135,100,163,119,62,149,117,132,64,157880,2023-24
Lineups,-203496-1627788-,R. Covington - F. Korkmaz,1610612755,PHI,10,8,2,0.8,53.0,110.6,108.8,99.1,96.5,11.5,12.3,0.605,1.08,16.1,0.404,0.585,0.491,0.212,0.521,0.568,102.0,104.19,86.82,113,0.538,128,100,64,32,134,137,31,55,125,188,160,14,207,129,206,122,109,58,71,157560,2023-24
Lineups,-200782-1629001-,P. Tucker - D. Melton,1610612755,PHI,3,2,1,0.667,52.0,117.6,117.4,93.1,92.7,24.5,24.8,0.659,1.71,20.0,0.167,0.733,0.5,0.156,0.61,0.654,99.4,99.69,83.07,109,0.619,163,152,24,48,135,56,23,22,65,146,44,199,62,93,176,30,30,150,24,157450,2023-24
Lineups,-1628964-1641741-,M. Bamba - R. Council IV,1610612755,PHI,11,5,6,0.455,51.0,91.9,89.9,116.7,112.5,-24.8,-22.6,0.781,1.25,16.8,0.273,0.735,0.49,0.183,0.476,0.512,100.9,103.9,86.58,109,0.337,121,126,117,164,136,200,144,205,15,181,141,148,59,130,196,192,196,66,204,153150,2023-24
Lineups,-203954-1627741-,J. Embiid - B. Hield,1610612755,PHI,5,5,0,1.0,50.0,106.7,104.5,95.6,94.0,11.1,10.6,0.61,1.67,16.1,0.367,0.807,0.581,0.136,0.475,0.524,105.4,107.43,89.53,110,0.524,151,126,1,1,137,172,24,65,119,150,161,23,31,22,145,193,184,43,88,151460,2023-24
Lineups,-201587-1627863-,N. Batum - D. House Jr.,1610612755,PHI,11,4,7,0.364,50.0,120.1,117.0,104.7,102.8,15.3,14.2,0.545,2.4,17.0,0.229,0.691,0.476,0.094,0.547,0.606,100.0,102.25,85.21,106,0.602,121,134,127,184,138,60,60,47,173,40,132,183,134,167,26,81,56,85,31,150695,2023-24
Lineups,-1626166-1630288-,C. Payne - J. Dowtin Jr.,1610612755,PHI,7,4,3,0.571,47.0,116.8,115.1,104.9,103.3,12.0,11.8,0.7,1.87,21.5,0.214,0.733,0.483,0.161,0.608,0.625,93.2,94.67,78.89,93,0.525,139,134,85,108,139,78,62,59,33,124,30,187,62,152,182,31,44,210,85,140700,2023-24
Lineups,-1627863-1629001-,D. House Jr. - D. Melton,1610612755,PHI,13,8,5,0.615,46.0,112.2,106.3,108.8,100.9,3.4,5.4,0.6,1.91,14.1,0.309,0.892,0.543,0.099,0.455,0.561,106.4,113.46,94.55,111,0.53,111,100,107,85,140,157,51,87,131,115,196,80,18,33,30,205,125,23,79,138970,2023-24
Lineups,-202694-1630231-,M. Morris Sr. - K. Martin,1610612755,PHI,14,4,10,0.286,45.0,94.3,92.9,98.3,94.8,-4.0,-1.9,0.676,1.28,16.7,0.362,0.688,0.526,0.182,0.48,0.531,100.9,103.44,86.2,99,0.49,108,134,160,198,141,198,27,144,47,180,144,31,141,50,194,188,175,67,125,136425,2023-24
Lineups,-201587-1641741-,N. Batum - R. Council IV,1610612755,PHI,6,4,2,0.667,44.0,118.9,116.0,110.8,110.9,8.1,5.1,0.65,2.36,20.5,0.27,0.829,0.542,0.117,0.592,0.636,100.3,101.56,84.64,94,0.528,142,134,64,48,142,69,123,89,77,44,37,152,29,36,81,38,33,98,80,131860,2023-24
Lineups,-202694-1627788-,M. Morris Sr. - F. Korkmaz,1610612755,PHI,11,5,6,0.455,39.0,99.0,96.6,124.7,123.2,-25.7,-26.6,0.593,1.14,14.0,0.286,0.697,0.467,0.161,0.433,0.532,102.2,104.11,86.76,87,0.404,121,126,117,164,143,193,196,206,143,185,197,120,121,185,181,208,174,60,192,116880,2023-24
Lineups,-201587-1630531-,N. Batum - J. Springer,1610612755,PHI,9,4,5,0.444,38.0,122.0,116.5,114.2,112.3,7.7,4.1,0.613,2.11,17.4,0.297,0.788,0.529,0.114,0.554,0.602,97.0,100.0,83.33,79,0.506,134,134,107,167,144,66,143,97,118,73,119,108,37,48,70,69,61,138,104,115200,2023-24
Lineups,-203496-1630531-,R. Covington - J. Springer,1610612755,PHI,10,8,2,0.8,38.0,114.0,109.5,96.6,92.3,17.5,17.2,0.414,0.86,12.0,0.4,0.756,0.592,0.189,0.556,0.587,93.0,97.08,80.9,74,0.574,128,100,64,32,145,129,22,39,214,202,209,15,45,19,197,66,75,191,47,112730,2023-24
Lineups,-202699-1630288-,T. Harris - J. Dowtin Jr.,1610612755,PHI,5,2,3,0.4,37.0,127.3,126.7,100.1,96.0,27.3,30.7,0.6,4.2,19.3,0.325,0.721,0.53,0.067,0.547,0.582,94.1,96.34,80.29,75,0.609,151,152,85,180,146,23,29,15,131,9,63,58,78,46,15,80,84,204,28,112100,2023-24
Lineups,-1630194-1631173-,P. Reed - T. Smith,1610612755,PHI,11,6,5,0.545,36.0,94.8,95.5,105.9,102.3,-11.1,-6.8,0.581,1.06,15.3,0.244,0.676,0.43,0.191,0.486,0.527,114.5,115.93,96.61,89,0.442,121,120,107,111,147,194,56,173,158,189,178,176,152,208,198,181,182,16,177,109310,2023-24
Lineups,-1629001-1630531-,D. Melton - J. Springer,1610612755,PHI,8,4,4,0.5,35.0,135.4,128.8,120.3,120.0,15.0,8.8,0.5,2.0,16.2,0.333,0.758,0.556,0.11,0.647,0.677,99.6,102.16,85.13,73,0.527,137,134,96,127,148,18,189,74,190,90,159,45,42,26,51,23,25,88,82,104310,2023-24
Lineups,-1629001-1630231-,D. Melton - K. Martin,1610612755,PHI,4,1,3,0.25,32.0,106.4,108.7,108.8,108.8,-2.4,-0.1,0.704,2.38,20.2,0.194,0.75,0.456,0.116,0.525,0.556,102.4,101.33,84.44,69,0.498,156,166,85,202,149,139,97,133,32,43,40,193,48,194,76,115,131,109,115,97350,2023-24
Lineups,-1627788-1641741-,F. Korkmaz - R. Council IV,1610612755,PHI,7,2,5,0.286,32.0,139.8,139.7,124.1,124.7,15.7,15.1,0.676,2.78,23.1,0.179,0.594,0.4,0.115,0.741,0.747,116.2,116.0,96.67,78,0.571,139,152,107,198,150,9,198,43,48,17,18,196,204,212,74,13,15,15,50,96205,2023-24
Lineups,-1630531-1641741-,J. Springer - R. Council IV,1610612755,PHI,6,1,5,0.167,32.0,110.3,112.5,112.3,111.0,-2.0,1.5,0.63,1.31,17.3,0.281,0.611,0.456,0.181,0.583,0.619,109.3,108.86,90.72,72,0.502,142,166,107,204,151,98,125,117,102,178,123,133,203,194,193,42,52,32,111,95900,2023-24
Lineups,-203496-1630231-,R. Covington - K. Martin,1610612755,PHI,5,3,2,0.6,32.0,126.0,125.0,110.3,107.7,15.7,17.3,0.607,1.89,17.9,0.429,0.633,0.523,0.141,0.568,0.602,95.8,97.38,81.15,64,0.595,151,149,64,94,152,27,86,38,122,120,105,10,195,54,151,57,62,186,37,95380,2023-24
Lineups,-1627788-1631173-,F. Korkmaz - T. Smith,1610612755,PHI,6,2,4,0.333,31.0,141.2,141.3,121.9,124.3,19.3,17.0,0.667,2.67,23.1,0.192,0.613,0.421,0.12,0.75,0.756,118.3,117.11,97.59,75,0.582,142,152,96,189,153,5,197,40,50,24,19,194,202,210,93,11,13,10,41,91605,2023-24
Lineups,-200768-1641741-,K. Lowry - R. Council IV,1610612755,PHI,4,1,3,0.25,30.0,106.1,103.1,113.4,114.1,-7.3,-11.0,0.609,1.4,17.1,0.148,0.913,0.5,0.154,0.571,0.607,101.5,102.71,85.59,65,0.419,156,166,85,202,154,173,165,185,121,173,131,203,16,93,173,50,54,74,187,90430,2023-24
Lineups,-1628964-1630194-,M. Bamba - P. Reed,1610612755,PHI,12,8,4,0.667,30.0,119.0,113.8,95.7,91.0,23.3,22.8,0.741,1.82,21.5,0.286,0.645,0.475,0.169,0.606,0.636,101.8,106.71,88.93,65,0.667,118,100,96,48,156,92,21,24,22,131,31,120,187,172,187,32,32,45,19,89060,2023-24
Lineups,-201587-1630288-,N. Batum - J. Dowtin Jr.,1610612755,PHI,6,4,2,0.667,30.0,119.9,116.9,105.3,106.6,14.6,10.4,0.643,2.57,18.8,0.394,0.71,0.547,0.108,0.541,0.581,100.7,101.37,84.47,65,0.545,142,134,64,48,155,61,75,67,85,27,73,20,96,29,44,91,86,107,65,89495,2023-24
Lineups,-1627788-1629001-,F. Korkmaz - D. Melton,1610612755,PHI,6,5,1,0.833,28.0,93.5,89.4,85.7,85.7,7.8,3.7,0.438,0.54,8.2,0.342,0.727,0.521,0.197,0.382,0.483,108.1,110.51,92.09,66,0.452,142,126,24,28,157,201,15,102,213,205,215,40,72,59,200,214,208,28,166,84050,2023-24
Lineups,-1630531-1631173-,J. Springer - T. Smith,1610612755,PHI,4,0,4,0.0,24.0,135.5,136.8,112.0,114.0,23.5,22.8,0.615,2.0,19.8,0.364,0.643,0.52,0.14,0.693,0.715,113.6,112.05,93.38,57,0.615,156,205,96,205,158,10,164,23,116,90,51,25,189,60,150,17,19,24,26,73250,2023-24
Lineups,-1626162-1631173-,K. Oubre Jr. - T. Smith,1610612755,PHI,6,2,4,0.333,24.0,114.4,106.8,132.2,127.3,-17.8,-20.5,0.6,2.5,17.9,0.333,0.8,0.52,0.102,0.537,0.552,107.8,113.71,94.76,59,0.41,142,152,96,189,160,154,203,201,131,31,108,45,32,60,35,96,139,21,190,72185,2023-24
Lineups,-1628964-1630288-,M. Bamba - J. Dowtin Jr.,1610612755,PHI,6,3,3,0.5,24.0,79.7,76.5,112.9,109.8,-33.2,-33.3,0.563,1.13,13.4,0.286,0.63,0.455,0.157,0.419,0.415,97.6,101.02,84.18,51,0.254,142,149,85,127,159,210,114,207,166,186,205,120,197,196,177,209,214,118,212,72700,2023-24
Lineups,-1628964-1631173-,M. Bamba - T. Smith,1610612755,PHI,4,2,2,0.5,23.0,111.4,114.0,130.1,122.2,-18.7,-8.2,0.632,1.33,16.4,0.423,0.7,0.543,0.18,0.511,0.568,108.3,110.52,92.1,50,0.393,156,152,64,127,161,90,193,178,100,176,153,11,111,33,191,140,110,27,195,67750,2023-24
Lineups,-1627741-1629001-,B. Hield - D. Melton,1610612755,PHI,3,1,2,0.333,21.0,114.9,111.1,98.6,100.0,16.3,11.1,0.778,4.67,22.2,0.182,0.833,0.475,0.067,0.538,0.574,101.6,102.53,85.44,45,0.564,163,166,64,189,163,109,40,60,16,8,21,195,24,169,15,95,97,76,56,63200,2023-24
Lineups,-1626166-1629001-,C. Payne - D. Melton,1610612755,PHI,3,2,1,0.667,21.0,90.5,90.7,108.5,102.4,-17.9,-11.7,0.733,2.75,18.6,0.208,0.81,0.489,0.093,0.447,0.475,93.9,96.53,80.44,43,0.432,163,152,24,48,162,199,58,187,23,19,78,188,30,132,25,206,209,198,182,63400,2023-24
Lineups,-1630178-1630288-,T. Maxey - J. Dowtin Jr.,1610612755,PHI,2,2,0,1.0,21.0,97.4,93.2,109.9,107.1,-12.4,-14.0,0.625,2.0,16.7,0.304,0.714,0.5,0.114,0.487,0.499,95.5,98.89,82.41,44,0.438,173,152,1,1,164,197,80,189,107,90,144,93,86,93,69,179,206,165,179,62615,2023-24
Lineups,-201587-1627788-,N. Batum - F. Korkmaz,1610612755,PHI,6,4,2,0.667,20.0,124.2,122.7,88.7,88.4,35.5,34.4,0.588,1.25,17.2,0.267,0.667,0.513,0.182,0.629,0.702,103.1,103.94,86.62,44,0.776,142,134,64,48,165,30,18,9,146,181,129,159,163,67,194,25,20,65,6,60265,2023-24
Lineups,-200768-1629001-,K. Lowry - D. Melton,1610612755,PHI,3,1,2,0.333,19.0,115.6,117.5,124.3,112.8,-8.6,4.7,0.529,1.8,15.0,0.458,0.727,0.543,0.125,0.5,0.538,98.1,101.95,84.96,40,0.4,163,166,64,189,166,55,149,91,182,133,183,8,72,35,111,155,161,92,193,55790,2023-24
Lineups,-201980-1626162-,D. Green - K. Oubre Jr.,1610612755,PHI,2,1,1,0.5,18.0,110.8,114.6,118.0,120.5,-7.1,-5.9,0.722,2.17,21.7,0.333,0.722,0.528,0.146,0.571,0.596,107.0,104.07,86.72,41,0.509,173,166,24,127,167,80,191,168,27,67,28,45,76,49,163,50,69,63,102,55350,2023-24
Lineups,-200782-1626162-,P. Tucker - K. Oubre Jr.,1610612755,PHI,2,1,1,0.5,16.0,118.3,111.4,98.9,97.3,19.4,14.1,0.583,1.17,16.3,0.083,1.0,0.593,0.171,0.652,0.723,103.6,107.5,89.58,35,0.595,173,166,24,127,168,106,34,48,154,184,156,204,1,18,189,21,18,42,37,48225,2023-24
Lineups,-1627741-1631173-,B. Hield - T. Smith,1610612755,PHI,4,2,2,0.5,15.0,99.0,97.0,120.2,112.5,-21.2,-15.5,0.846,2.75,22.0,0.316,0.75,0.484,0.121,0.484,0.495,100.1,104.5,87.08,33,0.371,156,152,64,127,169,191,144,194,11,19,27,68,48,149,99,185,207,56,202,44785,2023-24
Lineups,-1626166-1631173-,C. Payne - T. Smith,1610612755,PHI,6,4,2,0.667,15.0,93.6,86.5,97.7,94.1,-4.1,-7.6,0.667,1.0,16.3,0.25,0.923,0.552,0.216,0.519,0.548,110.2,116.9,97.42,37,0.444,142,134,64,48,170,203,26,177,50,190,155,169,14,28,208,125,148,11,175,43730,2023-24
Lineups,-201980-203954-,D. Green - J. Embiid,1610612755,PHI,2,1,1,0.5,14.0,114.2,109.7,130.1,132.3,-15.8,-22.6,0.786,2.75,25.0,0.167,0.9,0.5,0.129,0.64,0.635,105.6,106.79,89.0,31,0.419,173,166,24,127,172,126,208,204,14,19,9,199,17,93,125,24,35,44,186,41800,2023-24
Lineups,-1630288-1631173-,J. Dowtin Jr. - T. Smith,1610612755,PHI,4,4,0,1.0,14.0,85.8,78.8,134.9,128.1,-49.1,-49.3,0.7,0.7,16.3,0.231,0.538,0.385,0.303,0.545,0.557,101.9,109.09,90.91,33,0.26,156,134,1,1,171,208,206,212,33,203,156,180,212,214,218,83,130,31,211,42900,2023-24
Lineups,-200768-1630288-,K. Lowry - J. Dowtin Jr.,1610612755,PHI,3,1,2,0.333,14.0,92.4,88.5,142.5,137.0,-50.1,-48.6,0.889,1.6,21.6,0.231,0.412,0.333,0.192,0.5,0.503,87.8,91.51,76.26,26,0.264,163,166,64,189,173,202,211,211,10,155,29,180,217,216,199,155,200,223,210,41700,2023-24
Lineups,-203954-1630288-,J. Embiid - J. Dowtin Jr.,1610612755,PHI,1,1,0,1.0,13.0,133.9,127.6,97.0,96.6,36.9,31.0,0.769,10.0,23.3,0.267,0.917,0.556,0.034,0.571,0.604,105.6,108.33,90.27,29,0.622,195,166,1,1,174,21,32,10,18,1,17,159,15,26,10,50,59,33,21,38550,2023-24
Lineups,-1627741-1628391-,B. Hield - D. Wilson,1610612755,PHI,1,0,1,0.0,12.0,121.1,113.6,124.1,128.6,-3.0,-14.9,0.667,6.0,20.0,0.2,0.7,0.45,0.045,0.526,0.578,88.5,89.74,74.78,22,0.453,195,205,24,205,178,94,207,192,50,2,44,190,111,204,11,113,89,226,165,34500,2023-24
Lineups,-1626166-1628391-,C. Payne - D. Wilson,1610612755,PHI,2,1,1,0.5,12.0,120.4,108.7,131.6,122.7,-11.2,-14.0,0.667,3.0,18.8,0.273,0.778,0.5,0.087,0.55,0.574,83.8,91.4,76.16,23,0.378,173,166,24,127,176,139,194,190,50,14,73,148,39,93,20,73,97,224,201,35450,2023-24
Lineups,-201980-1630178-,D. Green - T. Maxey,1610612755,PHI,2,1,1,0.5,12.0,120.7,133.3,111.0,113.6,9.7,19.7,0.727,2.67,22.2,0.364,0.615,0.5,0.125,0.568,0.627,99.4,93.26,77.71,24,0.67,173,166,24,127,175,13,160,29,24,24,21,25,200,93,111,56,43,214,18,35515,2023-24
Lineups,-1629001-1630288-,D. Melton - J. Dowtin Jr.,1610612755,PHI,1,1,0,1.0,12.0,148.1,140.0,108.2,112.0,39.9,28.0,0.833,0.0,26.3,0.25,0.889,0.524,0.0,0.625,0.657,100.6,101.55,84.63,25,0.598,195,166,1,1,176,6,137,17,12,212,6,169,19,52,1,26,29,99,34,35450,2023-24
Lineups,-1629647-1641741-,D. Bazley - R. Council IV,1610612755,PHI,3,0,3,0.0,10.0,128.6,121.1,137.6,126.3,-9.0,-5.3,0.778,2.33,25.0,0.333,0.857,0.615,0.158,0.7,0.724,86.6,93.22,77.68,19,0.49,163,205,85,205,180,36,201,163,16,49,9,45,20,15,179,16,17,215,124,29350,2023-24
Lineups,-201976-201980-,P. Beverley - D. Green,1610612755,PHI,2,1,1,0.5,10.0,109.6,117.4,92.9,95.2,16.6,22.2,0.7,1.4,19.4,0.6,0.667,0.636,0.217,0.55,0.596,109.9,104.78,87.32,23,0.687,173,166,24,127,179,57,28,25,33,173,59,3,163,12,209,73,70,54,17,30235,2023-24
Lineups,-1628391-1630231-,D. Wilson - K. Martin,1610612755,PHI,2,1,1,0.5,9.0,125.3,110.5,127.9,117.6,-2.6,-7.1,0.714,2.5,18.5,0.333,0.714,0.5,0.105,0.563,0.591,85.8,95.29,79.41,19,0.392,173,166,24,127,182,118,185,175,28,31,82,45,86,93,40,62,73,207,197,27200,2023-24
Lineups,-1628391-1641741-,D. Wilson - R. Council IV,1610612755,PHI,2,1,1,0.5,9.0,157.4,144.4,95.9,100.0,61.4,44.4,0.667,6.0,24.0,0.25,0.667,0.538,0.056,0.769,0.787,91.2,93.07,77.56,18,0.731,173,166,24,127,181,3,40,6,50,2,15,169,163,39,12,10,10,216,15,27850,2023-24
Lineups,-1631254-1641741-,K. Lofton Jr. - R. Council IV,1610612755,PHI,2,1,1,0.5,9.0,75.1,85.0,151.1,140.9,-76.0,-55.9,0.6,0.5,11.1,0.364,0.545,0.455,0.3,0.344,0.456,117.5,114.33,95.27,20,0.143,173,166,24,127,183,204,214,213,131,206,211,25,210,196,215,215,211,18,216,26450,2023-24
Lineups,-1630231-1631254-,K. Martin - K. Lofton Jr.,1610612755,PHI,2,1,1,0.5,9.0,75.1,85.0,151.1,140.9,-76.0,-55.9,0.6,0.5,11.1,0.364,0.545,0.455,0.3,0.344,0.456,117.5,114.33,95.27,20,0.143,173,166,24,127,183,204,214,213,131,206,211,25,210,196,215,215,211,18,216,26450,2023-24
Lineups,-1627741-1629647-,B. Hield - D. Bazley,1610612755,PHI,2,0,2,0.0,8.0,141.1,140.0,119.0,114.3,22.1,25.7,0.75,3.0,26.1,0.4,0.833,0.636,0.133,0.731,0.756,89.4,91.58,76.32,15,0.62,173,205,64,205,185,6,166,19,19,14,7,15,24,12,136,14,11,221,22,22800,2023-24
Lineups,-1626166-1629647-,C. Payne - D. Bazley,1610612755,PHI,2,0,2,0.0,8.0,141.1,140.0,119.0,114.3,22.1,25.7,0.75,3.0,26.1,0.4,0.833,0.636,0.133,0.731,0.756,89.4,91.58,76.32,15,0.62,173,205,64,205,185,6,166,19,19,14,7,15,24,12,136,14,11,221,22,22800,2023-24
Lineups,-201980-202699-,D. Green - T. Harris,1610612755,PHI,1,0,1,0.0,7.0,100.8,100.0,140.9,135.3,-40.2,-35.3,0.714,5.0,23.8,0.0,0.833,0.357,0.063,0.571,0.538,105.1,107.76,89.8,16,0.349,195,205,24,205,187,181,210,208,28,4,16,205,24,215,14,50,165,39,203,22050,2023-24
Lineups,-1627863-1641741-,D. House Jr. - R. Council IV,1610612755,PHI,3,1,2,0.333,7.0,53.3,60.0,74.1,80.0,-20.8,-20.0,0.5,0.5,9.1,0.455,0.615,0.542,0.267,0.286,0.302,121.2,109.9,91.58,15,0.318,163,166,64,189,190,216,11,200,190,206,213,9,200,36,214,218,218,30,207,19655,2023-24
Lineups,-1629001-1641741-,D. Melton - R. Council IV,1610612755,PHI,2,1,1,0.5,7.0,120.6,126.7,93.7,86.7,26.9,40.0,0.571,4.0,18.2,0.375,1.0,0.643,0.067,0.533,0.567,99.0,100.23,83.53,15,0.579,173,166,24,127,188,23,16,8,161,10,92,21,1,11,15,103,114,134,43,21550,2023-24
Lineups,-203954-1630194-,J. Embiid - P. Reed,1610612755,PHI,5,4,1,0.8,7.0,126.9,111.1,108.4,100.0,18.5,11.1,0.714,5.0,20.0,0.222,1.0,0.563,0.056,0.533,0.597,121.6,135.16,112.63,18,0.526,151,134,24,32,189,109,40,60,28,4,44,184,1,24,12,103,68,3,83,19710,2023-24
Lineups,-201980-1629001-,D. Green - D. Melton,1610612755,PHI,2,1,1,0.5,6.0,100.8,100.0,143.6,137.5,-42.8,-37.5,0.714,2.5,22.7,0.286,1.0,0.545,0.133,0.577,0.54,125.7,129.02,107.51,15,0.299,173,166,24,127,194,181,212,209,28,31,20,120,1,30,136,44,152,4,208,17300,2023-24
Lineups,-1628391-1630178-,D. Wilson - T. Maxey,1610612755,PHI,2,1,1,0.5,6.0,174.2,141.7,108.7,127.3,65.5,14.4,0.833,5.0,29.4,0.0,0.571,0.5,0.083,1.0,0.97,90.6,92.0,76.67,12,0.657,173,166,24,127,192,4,203,45,12,4,3,205,208,93,18,2,5,220,20,18000,2023-24
Lineups,-1628964-1629647-,M. Bamba - D. Bazley,1610612755,PHI,2,0,2,0.0,6.0,137.9,136.4,100.0,90.0,37.9,46.4,1.0,5.0,27.8,0.4,0.8,0.6,0.091,0.65,0.689,84.2,88.94,74.12,11,0.75,173,205,64,205,195,11,20,4,1,4,4,15,32,16,24,22,23,227,11,17000,2023-24
Lineups,-200782-1630194-,P. Tucker - P. Reed,1610612755,PHI,1,0,1,0.0,6.0,112.6,107.1,72.7,66.7,39.9,40.5,0.4,0.67,12.5,0.0,0.857,0.5,0.214,0.667,0.727,104.5,111.96,93.3,14,0.767,195,205,24,205,191,149,5,7,215,204,207,205,20,93,207,18,16,25,7,18650,2023-24
Lineups,-202699-1628391-,T. Harris - D. Wilson,1610612755,PHI,1,0,1,0.0,6.0,139.4,136.4,93.2,109.1,46.2,27.3,0.667,0.0,26.7,0.0,0.714,0.5,0.0,0.667,0.697,94.6,88.0,73.33,11,0.741,195,205,24,205,192,11,101,18,50,212,5,205,86,93,1,18,21,228,14,18000,2023-24
Lineups,-202699-1631173-,T. Harris - T. Smith,1610612755,PHI,1,0,1,0.0,6.0,91.7,73.3,161.5,150.0,-69.9,-76.7,0.2,0.5,5.6,0.286,0.5,0.333,0.133,0.458,0.458,106.3,123.33,102.78,15,0.203,195,205,24,205,196,212,216,216,218,206,218,120,213,216,136,202,210,8,214,16930,2023-24
Lineups,-201980-1630194-,D. Green - P. Reed,1610612755,PHI,2,1,1,0.5,5.0,102.8,130.0,72.1,75.0,30.7,55.0,0.5,1.0,12.5,0.667,0.5,0.571,0.2,0.4,0.514,111.4,95.65,79.7,10,1.5,173,166,24,127,200,17,10,3,190,190,207,2,213,23,201,210,193,205,2,13550,2023-24
Lineups,-1627788-1631254-,F. Korkmaz - K. Lofton Jr.,1610612755,PHI,1,0,1,0.0,5.0,116.1,130.8,152.6,150.0,-36.5,-19.2,0.6,1.0,15.8,0.5,0.667,0.583,0.231,0.5,0.623,130.7,124.22,103.51,13,0.386,195,205,24,205,198,15,216,198,131,190,168,4,163,20,210,155,46,6,199,15650,2023-24
Lineups,-200782-201976-,P. Tucker - P. Beverley,1610612755,PHI,1,0,1,0.0,5.0,88.3,76.9,47.0,46.2,41.3,30.8,0.333,0.25,7.1,0.0,0.857,0.545,0.308,0.583,0.683,105.8,114.25,95.21,13,1.3,195,205,24,205,197,209,2,14,216,211,216,205,20,30,219,42,24,20,3,16385,2023-24
Lineups,-1631173-1631254-,T. Smith - K. Lofton Jr.,1610612755,PHI,1,0,1,0.0,5.0,116.1,130.8,152.6,150.0,-36.5,-19.2,0.6,1.0,15.8,0.5,0.667,0.583,0.231,0.5,0.623,130.7,124.22,103.51,13,0.386,195,205,24,205,198,15,216,198,131,190,168,4,163,20,210,155,46,6,199,15650,2023-24
Lineups,-1627863-1631173-,D. House Jr. - T. Smith,1610612755,PHI,2,1,1,0.5,4.0,46.0,50.0,80.0,88.9,-34.0,-38.9,0.5,0.33,6.7,0.5,0.429,0.467,0.3,0.222,0.253,126.3,114.91,95.76,10,0.071,173,166,24,127,202,217,19,210,190,210,217,4,216,185,215,219,219,17,218,11905,2023-24
Lineups,-1630531-1631254-,J. Springer - K. Lofton Jr.,1610612755,PHI,1,1,0,1.0,4.0,0.0,0.0,147.9,125.0,-147.9,-125.0,0.0,0.0,0.0,0.2,0.4,0.3,0.429,0.0,0.0,98.4,100.0,83.33,7,-2.286,195,166,1,1,203,221,199,220,219,212,219,190,218,218,224,221,221,138,228,10800,2023-24
Lineups,-200768-1628391-,K. Lowry - D. Wilson,1610612755,PHI,1,0,1,0.0,4.0,50.0,50.0,139.6,137.5,-89.6,-87.5,0.5,0.0,9.1,0.25,1.0,0.455,0.0,0.2,0.2,90.0,90.71,75.59,8,0.0,195,205,24,205,201,217,212,217,190,212,213,169,1,196,1,220,220,225,220,12700,2023-24
Lineups,-1628964-1631254-,M. Bamba - K. Lofton Jr.,1610612755,PHI,1,1,0,1.0,4.0,0.0,0.0,147.9,125.0,-147.9,-125.0,0.0,0.0,0.0,0.2,0.4,0.3,0.429,0.0,0.0,98.4,100.0,83.33,7,-2.286,195,166,1,1,203,221,199,220,219,212,219,190,218,218,224,221,221,138,228,10800,2023-24
Lineups,-1629647-1630178-,D. Bazley - T. Maxey,1610612755,PHI,2,0,2,0.0,3.0,120.0,100.0,201.9,216.7,-81.9,-116.7,0.333,1.0,14.3,0.0,1.0,0.5,0.167,0.75,0.75,100.4,105.37,87.8,6,0.205,173,205,64,205,206,181,226,218,216,190,192,205,1,93,185,11,14,50,213,8200,2023-24
Lineups,-1627863-1630196-,D. House Jr. - F. Petrusev,1610612755,PHI,1,1,0,1.0,3.0,136.1,114.3,83.3,83.3,52.7,31.0,0.667,2.0,22.2,0.0,0.8,0.667,0.143,0.875,0.82,106.3,116.27,96.89,7,0.767,195,166,1,1,207,85,12,11,50,90,21,205,32,6,155,7,7,12,7,8050,2023-24
Lineups,-1627788-1630196-,F. Korkmaz - F. Petrusev,1610612755,PHI,1,1,0,1.0,3.0,136.1,114.3,83.3,83.3,52.7,31.0,0.667,2.0,22.2,0.0,0.8,0.667,0.143,0.875,0.82,106.3,116.27,96.89,7,0.767,195,166,1,1,207,85,12,11,50,90,21,205,32,6,155,7,7,12,7,8050,2023-24
Lineups,-1630196-1630531-,F. Petrusev - J. Springer,1610612755,PHI,1,1,0,1.0,3.0,136.1,114.3,83.3,83.3,52.7,31.0,0.667,2.0,22.2,0.0,0.8,0.667,0.143,0.875,0.82,106.3,116.27,96.89,7,0.767,195,166,1,1,207,85,12,11,50,90,21,205,32,6,155,7,7,12,7,8050,2023-24
Lineups,-202694-1641741-,M. Morris Sr. - R. Council IV,1610612755,PHI,1,0,1,0.0,3.0,66.7,80.0,64.5,66.7,2.2,13.3,0.5,1.0,14.3,0.333,0.833,0.667,0.2,0.4,0.4,113.3,102.19,85.16,5,0.75,195,205,24,205,210,206,5,51,190,190,192,45,24,6,201,210,215,87,11,7750,2023-24
Lineups,-1630178-1631173-,T. Maxey - T. Smith,1610612755,PHI,1,1,0,1.0,3.0,116.7,116.7,83.3,71.4,33.3,45.2,0.667,0.0,22.2,0.25,1.0,0.5,0.0,0.5,0.5,93.4,101.19,84.32,6,0.52,195,166,1,1,205,65,9,5,50,212,21,169,1,93,1,155,201,114,95,9250,2023-24
Lineups,-1628391-1630288-,D. Wilson - J. Dowtin Jr.,1610612755,PHI,1,1,0,1.0,2.0,100.0,66.7,133.3,133.3,-33.3,-66.7,1.0,0.0,25.0,0.0,0.0,0.0,0.0,0.5,0.5,79.1,94.95,79.12,3,0.286,195,166,1,1,218,213,209,215,1,212,9,205,220,221,1,155,201,208,209,4550,2023-24
Lineups,-1628391-1630194-,D. Wilson - P. Reed,1610612755,PHI,1,0,1,0.0,2.0,184.4,180.0,63.0,50.0,121.4,130.0,0.667,2.0,25.0,1.0,0.75,0.8,0.2,1.0,0.922,94.4,107.76,89.8,5,1.214,195,205,24,205,211,1,3,1,50,90,9,1,48,5,201,2,6,40,4,7350,2023-24
Lineups,-203954-1641741-,J. Embiid - R. Council IV,1610612755,PHI,1,1,0,1.0,2.0,80.0,80.0,63.0,50.0,17.0,30.0,0.5,1.0,14.3,0.333,1.0,0.667,0.2,0.4,0.4,130.1,146.67,122.22,5,0.778,195,166,1,1,215,206,3,16,190,190,192,45,1,6,201,210,215,1,5,5400,2023-24
Lineups,-1626162-1629647-,K. Oubre Jr. - D. Bazley,1610612755,PHI,2,0,2,0.0,2.0,66.7,40.0,200.0,160.0,-133.3,-120.0,1.0,1.0,16.7,0.0,1.0,0.5,0.2,0.5,0.5,76.9,109.92,91.6,5,0.148,173,205,64,205,212,219,223,219,1,190,144,205,1,93,201,155,201,29,215,6550,2023-24
Lineups,-1628964-1630196-,M. Bamba - F. Petrusev,1610612755,PHI,1,1,0,1.0,2.0,250.0,166.7,166.7,166.7,83.3,0.0,1.0,0.0,40.0,0.0,1.0,1.0,0.0,1.25,1.25,78.3,93.91,78.26,3,0.586,195,166,1,1,216,2,224,127,1,212,1,205,1,1,1,1,1,212,39,4600,2023-24
Lineups,-201587-1631173-,N. Batum - T. Smith,1610612755,PHI,2,2,0,1.0,2.0,50.0,33.3,180.0,180.0,-130.0,-146.7,1.0,1.0,14.3,0.0,0.5,0.25,0.167,0.333,0.333,102.0,124.72,103.94,6,0.069,173,152,1,1,213,220,225,222,1,190,192,205,213,220,185,217,217,5,219,6350,2023-24
Lineups,-200782-201980-,P. Tucker - D. Green,1610612755,PHI,1,0,1,0.0,2.0,138.9,100.0,100.0,100.0,38.9,0.0,1.0,1.0,20.0,0.0,1.0,1.0,0.25,1.0,1.064,88.5,102.86,85.71,4,0.714,195,205,24,205,214,181,40,127,1,190,44,205,1,1,212,2,2,73,16,5600,2023-24
Lineups,-200782-1627863-,P. Tucker - D. House Jr.,1610612755,PHI,1,1,0,1.0,2.0,100.0,100.0,104.2,100.0,-4.2,0.0,0.0,0.0,0.0,0.5,0.0,0.5,0.0,0.5,0.5,92.0,93.91,78.26,3,0.333,195,166,1,1,216,181,40,127,219,212,219,4,220,93,1,155,201,212,206,4600,2023-24
Lineups,-1629647-1630231-,D. Bazley - K. Martin,1610612755,PHI,1,0,1,0.0,1.0,100.0,66.7,100.0,66.7,0.0,0.0,1.0,1.0,25.0,0.0,1.0,1.0,0.333,1.0,1.0,69.4,104.1,86.75,3,0.6,195,205,24,205,219,213,5,127,1,190,9,205,1,1,220,2,3,61,32,4150,2023-24
Lineups,-1629647-1630194-,D. Bazley - P. Reed,1610612755,PHI,1,0,1,0.0,1.0,0.0,0.0,300.0,300.0,-300.0,-300.0,0.0,0.0,0.0,0.0,0.0,0.0,0.0,0.0,0.0,90.0,120.0,100.0,2,-0.118,195,205,24,205,225,221,229,229,219,212,219,205,220,221,1,221,221,9,221,2400,2023-24
Lineups,-1629647-1631173-,D. Bazley - T. Smith,1610612755,PHI,1,0,1,0.0,1.0,100.0,66.7,100.0,66.7,0.0,0.0,1.0,1.0,25.0,0.0,1.0,1.0,0.333,1.0,1.0,69.4,104.1,86.75,3,0.6,195,205,24,205,219,213,5,127,1,190,9,205,1,1,220,2,3,61,32,4150,2023-24
Lineups,-1627788-1630606-,F. Korkmaz - J. Smart,1610612755,PHI,1,1,0,1.0,1.0,0.0,0.0,300.0,150.0,-300.0,-150.0,0.0,0.0,0.0,0.0,0.0,0.0,1.0,0.0,0.0,72.0,108.0,90.0,1,-0.5,195,166,1,1,226,221,216,223,219,212,219,205,220,221,226,221,221,35,222,2000,2023-24
Lineups,-1630531-1630606-,J. Springer - J. Smart,1610612755,PHI,1,1,0,1.0,1.0,0.0,0.0,300.0,150.0,-300.0,-150.0,0.0,0.0,0.0,0.0,0.0,0.0,1.0,0.0,0.0,72.0,108.0,90.0,1,-0.5,195,166,1,1,226,221,216,223,219,212,219,205,220,221,226,221,221,35,222,2000,2023-24
Lineups,-1630231-1630606-,K. Martin - J. Smart,1610612755,PHI,1,1,0,1.0,1.0,0.0,0.0,300.0,150.0,-300.0,-150.0,0.0,0.0,0.0,0.0,0.0,0.0,1.0,0.0,0.0,72.0,108.0,90.0,1,-0.5,195,166,1,1,226,221,216,223,219,212,219,205,220,221,226,221,221,35,222,2000,2023-24
Lineups,-201976-1641741-,P. Beverley - R. Council IV,1610612755,PHI,1,0,1,0.0,1.0,0.0,0.0,250.0,250.0,-250.0,-250.0,0.0,0.0,0.0,0.0,0.0,0.0,0.333,0.0,0.0,92.3,92.31,76.92,3,-0.545,195,205,24,205,221,221,227,227,219,212,219,205,220,221,220,221,221,218,226,3900,2023-24
Lineups,-201976-1631173-,P. Beverley - T. Smith,1610612755,PHI,1,0,1,0.0,1.0,0.0,0.0,250.0,250.0,-250.0,-250.0,0.0,0.0,0.0,0.0,0.0,0.0,0.333,0.0,0.0,92.3,92.31,76.92,3,-0.545,195,205,24,205,221,221,227,227,219,212,219,205,220,221,220,221,221,218,226,3900,2023-24
Lineups,-1630194-1630196-,P. Reed - F. Petrusev,1610612755,PHI,1,1,0,1.0,1.0,77.3,75.0,0.0,0.0,77.3,75.0,0.0,0.0,0.0,0.0,0.75,0.6,0.25,0.5,0.521,143.6,146.09,121.74,4,6.0,195,166,1,1,223,211,1,2,219,212,219,205,48,16,212,155,186,2,1,3450,2023-24
Lineups,-1630194-1630606-,P. Reed - J. Smart,1610612755,PHI,1,1,0,1.0,1.0,0.0,0.0,300.0,150.0,-300.0,-150.0,0.0,0.0,0.0,0.0,0.0,0.0,1.0,0.0,0.0,72.0,108.0,90.0,1,-0.5,195,166,1,1,226,221,216,223,219,212,219,205,220,221,226,221,221,35,222,2000,2023-24
Lineups,-200782-1630531-,P. Tucker - J. Springer,1610612755,PHI,1,0,1,0.0,1.0,100.0,100.0,106.4,100.0,-6.4,0.0,1.0,0.0,33.3,0.0,0.0,0.0,0.0,0.5,0.5,84.7,87.27,72.73,2,0.75,195,205,24,205,224,181,40,127,1,212,2,205,220,221,1,155,201,229,11,3300,2023-24
Lineups,-1626162-1630178-,K. Oubre Jr. - T. Maxey,1610612755,PHI,48,19,29,0.396,1464.0,112.5,113.8,115.4,116.5,-2.9,-2.7,0.569,1.82,17.1,0.261,0.681,0.461,0.128,0.543,0.58,100.1,99.09,82.58,3021,0.472,4,3,267,43,1,59,164,90,156,101,97,176,144,184,127,77,79,180,100,4392905,2024-25
Lineups,-1627824-1630178-,G. Yabusele - T. Maxey,1610612755,PHI,48,20,28,0.417,1061.0,114.1,115.6,116.0,116.5,-1.9,-0.9,0.597,1.97,17.9,0.267,0.662,0.454,0.125,0.555,0.588,98.9,98.05,81.71,2171,0.477,4,2,265,31,2,47,163,76,124,81,67,166,189,201,109,56,59,208,91,3183170,2024-25
Lineups,-1626162-1627824-,K. Oubre Jr. - G. Yabusele,1610612755,PHI,54,21,33,0.389,1055.0,112.6,113.4,113.2,113.9,-0.6,-0.5,0.596,1.81,17.9,0.269,0.682,0.467,0.136,0.554,0.587,99.0,98.34,81.95,2161,0.482,1,1,269,49,3,66,135,71,125,106,66,160,143,165,161,57,61,198,86,3165000,2024-25
Lineups,-202331-1626162-,P. George - K. Oubre Jr.,1610612755,PHI,38,14,24,0.368,938.0,110.7,110.7,110.5,111.6,0.2,-0.9,0.576,1.76,17.1,0.247,0.702,0.466,0.131,0.535,0.573,100.9,100.31,83.59,1964,0.489,9,5,256,63,4,90,110,75,145,119,101,203,103,169,138,90,94,137,75,2814315,2024-25
Lineups,-202331-1630178-,P. George - T. Maxey,1610612755,PHI,34,14,20,0.412,893.0,113.5,113.7,114.1,115.5,-0.6,-1.8,0.571,1.69,16.8,0.251,0.688,0.462,0.134,0.546,0.591,100.6,99.89,83.24,1870,0.486,14,5,248,33,5,62,151,82,155,142,110,195,129,177,155,71,54,155,78,2680015,2024-25
Lineups,-1628997-1630178-,C. Martin - T. Maxey,1610612755,PHI,25,11,14,0.44,630.0,107.7,108.8,113.3,114.3,-5.7,-5.5,0.561,1.57,15.7,0.269,0.668,0.456,0.134,0.512,0.556,99.3,98.38,81.99,1290,0.457,32,14,209,26,6,118,141,116,167,160,160,162,161,195,154,141,128,197,127,1888870,2024-25
Lineups,-202331-1627824-,P. George - G. Yabusele,1610612755,PHI,39,15,24,0.385,622.0,112.5,112.1,111.1,112.8,1.3,-0.6,0.591,1.68,17.4,0.252,0.689,0.464,0.14,0.555,0.591,98.7,98.12,81.76,1279,0.488,8,4,256,54,7,79,125,74,131,143,89,194,127,174,172,55,53,206,77,1864635,2024-25
Lineups,-1627824-1642348-,G. Yabusele - J. Edwards,1610612755,PHI,33,10,23,0.303,582.0,112.7,113.4,121.2,121.4,-8.6,-8.0,0.654,2.18,19.6,0.279,0.664,0.457,0.127,0.553,0.577,98.5,98.14,81.79,1188,0.446,17,22,253,91,8,65,202,133,56,51,23,142,182,193,124,60,84,205,142,1746005,2024-25
Lineups,-201569-1630178-,E. Gordon - T. Maxey,1610612755,PHI,33,11,22,0.333,548.0,114.7,115.7,119.2,119.5,-4.5,-3.8,0.56,1.66,16.9,0.258,0.635,0.441,0.137,0.56,0.601,100.3,99.83,83.19,1143,0.463,17,14,251,65,9,46,184,105,168,147,109,182,230,228,165,48,40,158,118,1643660,2024-25
Lineups,-203083-1626162-,A. Drummond - K. Oubre Jr.,1610612755,PHI,36,11,25,0.306,540.0,102.5,101.9,119.6,120.7,-17.1,-18.7,0.508,1.32,14.7,0.289,0.688,0.473,0.15,0.497,0.527,100.4,100.29,83.58,1129,0.39,10,14,260,87,10,181,195,210,207,206,195,122,128,144,200,181,187,138,217,1620270,2024-25
Lineups,-1626162-1628997-,K. Oubre Jr. - C. Martin,1610612755,PHI,28,11,17,0.393,526.0,107.7,106.7,111.0,111.8,-3.3,-5.1,0.573,1.73,16.3,0.258,0.684,0.461,0.128,0.518,0.554,99.7,99.79,83.16,1089,0.466,25,14,236,44,11,134,112,112,150,129,133,183,137,186,126,125,130,160,109,1577190,2024-25
Lineups,-1627824-1641741-,G. Yabusele - R. Council IV,1610612755,PHI,52,13,39,0.25,499.0,114.5,113.6,118.2,116.5,-3.7,-2.9,0.625,2.43,17.9,0.26,0.694,0.467,0.101,0.534,0.577,98.1,99.14,82.62,1027,0.476,3,8,270,112,12,64,165,95,90,39,65,177,117,166,58,99,85,179,94,1496795,2024-25
Lineups,-1626162-1642348-,K. Oubre Jr. - J. Edwards,1610612755,PHI,26,8,18,0.308,496.0,114.4,114.8,126.2,125.9,-11.8,-11.1,0.599,2.14,18.6,0.278,0.639,0.444,0.121,0.557,0.586,99.9,99.85,83.21,1035,0.438,28,36,241,84,13,53,232,166,121,54,42,144,225,223,96,54,63,156,154,1489070,2024-25
Lineups,-1641737-1641741-,A. Bona - R. Council IV,1610612755,PHI,53,11,42,0.208,479.0,104.9,103.4,113.2,112.0,-8.3,-8.6,0.534,1.39,15.2,0.303,0.667,0.486,0.148,0.506,0.542,100.2,101.43,84.52,1017,0.458,2,14,271,135,14,166,114,138,190,194,178,103,162,107,198,153,162,109,125,1438215,2024-25
Lineups,-1627824-1628997-,G. Yabusele - C. Martin,1610612755,PHI,31,12,19,0.387,471.0,113.1,112.7,112.4,112.5,0.7,0.2,0.595,1.97,17.6,0.266,0.659,0.456,0.123,0.554,0.582,97.7,97.87,81.56,959,0.482,21,12,247,53,15,71,118,60,127,82,77,168,195,198,103,59,73,214,85,1412420,2024-25
Lineups,-201569-1626162-,E. Gordon - K. Oubre Jr.,1610612755,PHI,33,10,23,0.303,469.0,112.5,112.3,116.2,115.8,-3.8,-3.5,0.567,1.6,17.4,0.242,0.643,0.438,0.145,0.564,0.599,100.5,100.72,83.93,985,0.464,17,22,253,91,16,77,154,100,158,156,91,207,220,231,190,45,41,127,113,1406825,2024-25
Lineups,-1630178-1642348-,T. Maxey - J. Edwards,1610612755,PHI,24,9,15,0.375,464.0,118.9,119.4,123.6,123.1,-4.7,-3.7,0.641,2.58,20.1,0.266,0.659,0.454,0.11,0.574,0.603,99.8,99.82,83.19,967,0.475,34,25,220,57,17,28,220,102,69,30,15,169,196,202,68,35,38,159,96,1392770,2024-25
Lineups,-202331-1628997-,P. George - C. Martin,1610612755,PHI,21,9,12,0.429,449.0,103.7,102.8,107.2,107.7,-3.5,-4.9,0.605,1.52,16.5,0.235,0.708,0.459,0.145,0.506,0.548,99.2,99.36,82.8,933,0.467,47,25,198,27,18,172,69,110,111,168,127,214,97,190,189,154,143,174,108,1347880,2024-25
Lineups,-203083-1630178-,A. Drummond - T. Maxey,1610612755,PHI,30,10,20,0.333,436.0,104.7,104.4,118.7,119.6,-14.1,-15.2,0.48,1.27,14.0,0.289,0.695,0.474,0.147,0.508,0.538,100.4,100.13,83.44,910,0.401,22,22,248,65,19,158,187,195,230,213,214,123,113,138,194,148,171,145,204,1307945,2024-25
Lineups,-1627824-1629656-,G. Yabusele - Q. Grimes,1610612755,PHI,20,3,17,0.15,430.0,114.2,113.8,122.4,123.4,-8.2,-9.6,0.602,1.97,18.6,0.279,0.628,0.453,0.131,0.562,0.584,98.8,98.54,82.11,890,0.455,57,95,236,170,20,60,222,157,115,80,41,141,233,203,140,46,70,193,129,1289685,2024-25
Lineups,-1630178-1641741-,T. Maxey - R. Council IV,1610612755,PHI,40,13,27,0.325,427.0,113.5,113.2,117.1,115.8,-3.6,-2.6,0.606,2.48,17.1,0.256,0.661,0.452,0.094,0.515,0.565,97.3,97.91,81.59,871,0.475,6,8,262,82,21,69,153,88,110,37,100,186,191,207,46,133,110,211,95,1279500,2024-25
Lineups,-1629656-1642348-,Q. Grimes - J. Edwards,1610612755,PHI,21,3,18,0.143,412.0,108.7,109.2,127.6,129.1,-18.9,-19.9,0.639,1.8,18.4,0.299,0.592,0.442,0.144,0.534,0.565,100.3,99.45,82.88,856,0.411,47,95,241,172,22,110,242,217,73,110,46,107,253,227,184,98,112,169,195,1236520,2024-25
Lineups,-202331-203954-,P. George - J. Embiid,1610612755,PHI,18,7,11,0.389,411.0,102.6,102.1,106.4,108.0,-3.8,-5.9,0.641,1.57,17.0,0.205,0.727,0.464,0.144,0.49,0.549,101.8,101.32,84.43,871,0.485,65,45,183,49,23,180,72,119,70,164,107,236,62,171,182,187,141,113,79,1231535,2024-25
Lineups,-201569-1627824-,E. Gordon - G. Yabusele,1610612755,PHI,36,12,24,0.333,402.0,110.3,109.8,117.9,118.4,-7.6,-8.6,0.63,1.62,18.1,0.227,0.649,0.428,0.151,0.56,0.597,99.3,99.33,82.78,837,0.441,10,12,256,65,24,102,177,139,81,152,59,226,212,239,203,47,45,176,148,1206870,2024-25
Lineups,-1629656-1630215-,Q. Grimes - J. Butler,1610612755,PHI,21,3,18,0.143,400.0,108.5,110.0,119.1,119.2,-10.5,-9.3,0.595,1.73,17.8,0.245,0.645,0.45,0.14,0.545,0.577,103.0,102.27,85.22,851,0.459,47,95,241,172,25,101,181,153,126,127,70,206,216,212,171,74,83,91,122,1198980,2024-25
Lineups,-203954-1626162-,J. Embiid - K. Oubre Jr.,1610612755,PHI,17,7,10,0.412,396.0,106.3,106.7,108.1,108.4,-1.8,-1.7,0.651,1.78,18.3,0.23,0.721,0.47,0.14,0.51,0.561,101.0,100.62,83.85,830,0.501,74,45,168,33,26,133,76,81,58,113,49,221,72,159,170,144,118,131,58,1187880,2024-25
Lineups,-203954-1630178-,J. Embiid - T. Maxey,1610612755,PHI,16,8,8,0.5,389.0,107.8,107.9,110.1,111.2,-2.4,-3.2,0.66,1.7,18.2,0.236,0.718,0.473,0.145,0.515,0.571,101.4,100.8,84.0,818,0.5,80,36,145,11,27,124,103,97,53,138,56,212,79,143,191,132,98,124,59,1166475,2024-25
Lineups,-1626162-1641741-,K. Oubre Jr. - R. Council IV,1610612755,PHI,40,11,29,0.275,389.0,107.9,106.4,115.6,115.1,-7.7,-8.7,0.594,1.77,16.5,0.257,0.695,0.47,0.125,0.515,0.56,97.5,98.41,82.01,798,0.448,6,14,267,101,28,137,147,143,128,117,126,184,111,156,115,135,120,196,141,1166220,2024-25
Lineups,-1641741-1642348-,R. Council IV - J. Edwards,1610612755,PHI,36,8,28,0.222,380.0,110.3,109.3,121.6,119.6,-11.3,-10.2,0.607,1.96,17.7,0.277,0.69,0.474,0.124,0.534,0.567,100.1,101.43,84.53,804,0.442,10,36,265,130,29,107,186,161,108,83,73,147,122,141,108,100,104,108,147,1140700,2024-25
Lineups,-1641737-1642348-,A. Bona - J. Edwards,1610612755,PHI,35,9,26,0.257,362.0,107.6,106.9,122.0,120.5,-14.4,-13.5,0.597,1.61,17.3,0.313,0.656,0.477,0.149,0.529,0.56,100.0,101.01,84.17,765,0.43,13,25,261,111,30,131,194,187,123,154,95,96,201,131,199,105,121,117,167,1084905,2024-25
Lineups,-200768-1628997-,K. Lowry - C. Martin,1610612755,PHI,23,9,14,0.391,349.0,101.6,101.3,110.3,110.3,-8.6,-9.0,0.684,1.8,18.0,0.229,0.714,0.456,0.136,0.505,0.538,98.0,98.18,81.81,714,0.429,38,25,209,45,31,188,95,147,36,107,61,222,82,197,159,155,170,203,168,1045780,2024-25
Lineups,-200768-1626162-,K. Lowry - K. Oubre Jr.,1610612755,PHI,29,13,16,0.448,326.0,103.7,103.0,110.7,111.6,-7.0,-8.6,0.649,1.94,17.1,0.264,0.69,0.462,0.121,0.49,0.528,100.0,99.93,83.28,675,0.438,23,8,227,23,32,170,109,141,61,84,98,170,123,178,99,190,185,152,156,977700,2024-25
Lineups,-1626162-1629656-,K. Oubre Jr. - Q. Grimes,1610612755,PHI,13,2,11,0.154,319.0,108.9,109.5,120.7,122.8,-11.8,-13.3,0.587,1.92,17.0,0.305,0.608,0.448,0.124,0.507,0.547,101.4,100.25,83.54,671,0.437,101,111,183,168,33,104,215,184,137,89,104,100,249,217,106,149,145,140,157,956635,2024-25
Lineups,-1630288-1641741-,J. Dowtin Jr. - R. Council IV,1610612755,PHI,34,7,27,0.206,318.0,112.8,112.2,115.9,115.5,-3.0,-3.2,0.505,1.84,15.0,0.327,0.675,0.493,0.112,0.521,0.558,100.3,100.71,83.93,670,0.479,14,45,262,136,34,78,148,98,211,98,187,80,150,95,73,114,127,128,87,954395,2024-25
Lineups,-1626162-1642272-,K. Oubre Jr. - J. McCain,1610612755,PHI,23,7,16,0.304,318.0,106.6,105.9,112.0,111.4,-5.4,-5.5,0.576,1.51,16.5,0.274,0.737,0.499,0.148,0.518,0.559,100.0,100.64,83.87,664,0.462,38,45,227,88,35,145,106,115,146,169,124,149,51,84,195,124,126,130,120,953635,2024-25
Lineups,-1630215-1641737-,J. Butler - A. Bona,1610612755,PHI,20,2,18,0.1,311.0,106.0,105.9,109.6,108.4,-3.6,-2.5,0.639,1.56,18.2,0.284,0.704,0.498,0.161,0.539,0.567,104.3,105.02,87.52,682,0.492,57,111,241,191,36,146,75,87,72,165,50,131,99,87,220,85,105,51,71,933760,2024-25
Lineups,-1630215-1642348-,J. Butler - J. Edwards,1610612755,PHI,20,2,18,0.1,303.0,108.7,110.0,121.2,121.4,-12.5,-11.4,0.656,2.02,19.5,0.241,0.645,0.445,0.133,0.547,0.576,102.7,102.02,85.02,640,0.445,57,111,241,191,37,99,201,169,55,62,24,209,217,221,147,68,87,97,144,907580,2024-25
Lineups,-1630178-1630231-,T. Maxey - K. Martin,1610612755,PHI,20,9,11,0.45,301.0,117.1,115.4,107.6,107.7,9.5,7.7,0.541,1.85,16.3,0.305,0.712,0.498,0.12,0.551,0.588,98.0,98.7,82.25,624,0.522,57,25,183,22,38,50,70,35,184,97,138,102,89,86,93,63,56,189,42,902375,2024-25
Lineups,-1627824-1642272-,G. Yabusele - J. McCain,1610612755,PHI,21,7,14,0.333,298.0,112.6,112.4,113.7,114.0,-1.1,-1.6,0.598,1.78,17.5,0.296,0.663,0.476,0.136,0.545,0.581,96.7,96.66,80.55,603,0.478,47,45,209,65,39,76,138,80,122,115,80,111,185,133,160,73,74,231,89,894595,2024-25
Lineups,-202331-203083-,P. George - A. Drummond,1610612755,PHI,26,8,18,0.308,294.0,101.6,100.2,112.8,112.5,-11.1,-12.4,0.527,1.27,15.5,0.261,0.732,0.482,0.163,0.517,0.537,99.4,100.19,83.5,613,0.417,28,36,241,84,40,197,121,178,196,212,167,172,56,122,227,126,173,144,186,882440,2024-25
Lineups,-1630215-1641741-,J. Butler - R. Council IV,1610612755,PHI,26,3,23,0.115,286.0,106.7,107.2,112.6,109.9,-5.9,-2.7,0.619,1.82,17.8,0.258,0.711,0.491,0.134,0.525,0.563,104.7,105.74,88.12,629,0.498,28,95,253,186,41,130,90,93,94,102,71,180,90,101,151,110,116,43,65,856575,2024-25
Lineups,-200768-1630178-,K. Lowry - T. Maxey,1610612755,PHI,26,13,13,0.5,284.0,106.9,107.7,111.0,110.0,-4.0,-2.3,0.618,1.7,16.6,0.253,0.684,0.455,0.131,0.519,0.565,102.1,102.22,85.18,609,0.464,28,8,205,11,42,125,92,85,96,136,122,192,136,199,139,120,111,93,112,851605,2024-25
Lineups,-200768-1627824-,K. Lowry - G. Yabusele,1610612755,PHI,29,14,15,0.483,279.0,109.6,109.2,107.9,106.2,1.7,3.0,0.646,2.21,18.4,0.251,0.686,0.459,0.115,0.535,0.565,98.5,99.42,82.85,576,0.491,23,5,220,21,43,111,63,47,64,47,48,196,132,188,78,94,113,170,72,836410,2024-25
Lineups,-1629656-1641737-,Q. Grimes - A. Bona,1610612755,PHI,18,2,16,0.111,278.0,106.5,106.8,119.5,119.9,-13.0,-13.1,0.575,1.44,16.2,0.3,0.627,0.46,0.154,0.519,0.559,101.0,100.69,83.91,589,0.437,65,111,227,187,44,132,189,183,148,183,141,104,234,187,208,118,124,129,158,835225,2024-25
Lineups,-1627824-1630215-,G. Yabusele - J. Butler,1610612755,PHI,17,1,16,0.059,276.0,110.9,113.2,117.5,116.8,-6.6,-3.6,0.614,1.79,18.6,0.272,0.686,0.482,0.145,0.558,0.584,98.1,97.37,81.14,560,0.47,74,142,227,200,45,68,167,101,101,111,40,154,133,123,188,51,68,222,102,827440,2024-25
Lineups,-200768-202331-,K. Lowry - P. George,1610612755,PHI,22,11,11,0.5,276.0,99.2,97.9,103.0,102.6,-3.8,-4.7,0.673,1.49,17.4,0.228,0.729,0.473,0.157,0.498,0.538,98.5,99.26,82.72,573,0.463,46,14,183,11,46,215,49,109,41,174,85,223,60,145,211,177,169,178,117,826935,2024-25
Lineups,-1626162-1641737-,K. Oubre Jr. - A. Bona,1610612755,PHI,33,9,24,0.273,273.0,110.3,108.0,119.6,117.0,-9.3,-9.0,0.544,1.76,15.6,0.28,0.683,0.477,0.119,0.521,0.563,96.9,99.06,82.55,563,0.45,17,25,256,102,47,123,169,148,183,120,164,137,139,130,88,115,115,181,137,819150,2024-25
Lineups,-1626162-1630231-,K. Oubre Jr. - K. Martin,1610612755,PHI,23,9,14,0.391,266.0,113.0,111.1,109.4,108.2,3.6,2.9,0.537,1.76,16.2,0.299,0.723,0.502,0.126,0.538,0.572,99.2,100.6,83.84,557,0.497,38,25,209,45,48,87,73,48,188,121,142,106,71,71,116,86,96,132,66,798690,2024-25
Lineups,-1627824-1630288-,G. Yabusele - J. Dowtin Jr.,1610612755,PHI,28,7,21,0.25,259.0,107.3,105.5,114.8,116.6,-7.5,-11.1,0.581,1.69,16.1,0.291,0.69,0.48,0.13,0.512,0.545,96.4,96.47,80.4,523,0.431,25,45,250,112,49,149,166,165,141,140,148,121,124,126,134,142,154,236,166,776160,2024-25
Lineups,-1629022-1629656-,L. Walker IV - Q. Grimes,1610612755,PHI,17,3,14,0.176,258.0,104.6,104.4,120.6,120.7,-16.0,-16.2,0.62,1.5,17.1,0.314,0.638,0.473,0.159,0.509,0.545,100.8,100.82,84.01,542,0.416,74,95,209,160,50,157,196,202,93,171,99,95,226,146,214,146,153,123,188,774150,2024-25
Lineups,-1629022-1641737-,L. Walker IV - A. Bona,1610612755,PHI,16,2,14,0.125,255.0,104.9,104.8,113.9,113.8,-9.1,-9.0,0.612,1.37,17.3,0.295,0.68,0.494,0.174,0.529,0.564,105.7,105.77,88.14,563,0.466,80,111,209,179,51,154,134,146,103,198,93,113,146,93,242,106,114,42,110,763790,2024-25
Lineups,-203083-1628997-,A. Drummond - C. Martin,1610612755,PHI,21,7,14,0.333,254.0,100.3,98.9,113.8,113.5,-13.5,-14.7,0.53,1.26,13.7,0.318,0.727,0.5,0.147,0.461,0.507,97.6,98.43,82.03,523,0.403,47,45,209,65,52,212,131,190,192,217,220,89,67,72,193,212,209,195,202,760720,2024-25
Lineups,-1629656-1641741-,Q. Grimes - R. Council IV,1610612755,PHI,24,2,22,0.083,250.0,110.8,109.3,120.0,120.0,-9.2,-10.7,0.502,1.65,15.1,0.283,0.656,0.469,0.123,0.533,0.57,101.9,102.56,85.47,537,0.452,34,111,251,198,53,108,190,163,212,148,183,134,200,161,102,103,100,82,133,749780,2024-25
Lineups,-1630288-1641737-,J. Dowtin Jr. - A. Bona,1610612755,PHI,34,7,27,0.206,249.0,104.6,102.4,115.9,115.8,-11.3,-13.3,0.436,1.31,12.5,0.336,0.668,0.492,0.128,0.484,0.522,100.1,101.22,84.35,532,0.427,14,45,262,136,54,174,155,185,238,207,236,61,160,99,128,194,191,115,172,748290,2024-25
Lineups,-1630178-1642272-,T. Maxey - J. McCain,1610612755,PHI,16,6,10,0.375,248.0,107.5,108.6,109.2,109.2,-1.6,-0.6,0.552,1.59,15.9,0.306,0.708,0.497,0.137,0.516,0.554,98.4,97.89,81.57,511,0.482,80,60,168,57,55,119,83,72,176,159,150,99,96,89,163,130,131,213,84,745085,2024-25
Lineups,-1628997-1642272-,C. Martin - J. McCain,1610612755,PHI,16,6,10,0.375,245.0,106.4,106.1,112.0,110.5,-5.6,-4.4,0.582,1.55,16.4,0.282,0.664,0.469,0.144,0.512,0.55,96.3,97.12,80.93,494,0.467,80,60,168,57,56,142,97,108,139,166,131,136,183,163,185,143,140,226,107,733925,2024-25
Lineups,-1630288-1642348-,J. Dowtin Jr. - J. Edwards,1610612755,PHI,23,7,16,0.304,237.0,99.6,100.0,122.3,122.5,-22.7,-22.5,0.519,1.48,14.1,0.342,0.636,0.469,0.133,0.469,0.495,97.6,97.29,81.08,483,0.358,38,45,227,88,57,198,211,227,198,175,211,56,229,162,145,208,223,223,231,711925,2024-25
Lineups,-1630178-1641737-,T. Maxey - A. Bona,1610612755,PHI,25,8,17,0.32,237.0,113.3,112.8,115.7,115.5,-2.3,-2.7,0.558,2.0,16.5,0.285,0.676,0.484,0.112,0.526,0.571,98.3,98.56,82.14,491,0.494,32,36,236,83,58,70,150,92,169,63,128,129,149,116,74,109,97,191,69,711495,2024-25
Lineups,-1629022-1630215-,L. Walker IV - J. Butler,1610612755,PHI,17,2,15,0.118,232.0,106.1,106.0,111.1,112.0,-4.9,-6.0,0.67,1.6,19.1,0.27,0.692,0.489,0.165,0.542,0.574,106.2,105.84,88.2,514,0.49,74,111,220,185,59,143,115,120,43,157,31,158,120,104,231,79,90,41,74,694530,2024-25
Lineups,-201569-202331-,E. Gordon - P. George,1610612755,PHI,23,7,16,0.304,229.0,103.9,101.5,113.5,115.6,-9.6,-14.1,0.58,1.1,15.7,0.235,0.652,0.451,0.186,0.537,0.581,99.6,99.84,83.2,479,0.425,38,45,227,88,60,185,152,189,142,229,161,215,208,208,253,88,78,157,177,688000,2024-25
Lineups,-202331-1629656-,P. George - Q. Grimes,1610612755,PHI,10,1,9,0.1,227.0,106.2,105.6,112.8,113.9,-6.6,-8.3,0.571,1.71,16.4,0.284,0.685,0.474,0.13,0.504,0.543,101.6,101.33,84.44,483,0.462,122,142,156,191,61,148,136,135,152,132,132,132,134,140,135,158,159,112,119,680015,2024-25
Lineups,-1627824-1630231-,G. Yabusele - K. Martin,1610612755,PHI,21,8,13,0.381,219.0,112.5,111.5,114.8,114.2,-2.2,-2.7,0.674,2.04,18.8,0.27,0.695,0.471,0.128,0.546,0.588,96.8,97.5,81.25,445,0.476,47,36,205,55,62,86,139,91,40,61,33,159,112,150,129,72,58,219,92,657235,2024-25
Lineups,-203954-1628997-,J. Embiid - C. Martin,1610612755,PHI,10,5,5,0.5,219.0,101.4,99.6,103.3,105.7,-1.8,-6.1,0.634,1.33,16.2,0.209,0.674,0.447,0.16,0.49,0.556,100.3,100.04,83.37,457,0.499,122,74,110,11,63,209,60,121,78,204,139,235,153,219,217,186,129,148,63,657105,2024-25
Lineups,-1630231-1642272-,K. Martin - J. McCain,1610612755,PHI,18,6,12,0.333,215.0,113.3,113.3,111.2,111.0,2.1,2.3,0.564,1.82,16.5,0.329,0.679,0.494,0.126,0.535,0.574,98.2,98.32,81.93,444,0.503,65,60,198,65,64,67,99,52,165,102,123,78,147,92,119,93,91,199,55,645890,2024-25
Lineups,-1629656-1630178-,Q. Grimes - T. Maxey,1610612755,PHI,9,1,8,0.111,213.0,112.3,110.7,126.2,129.7,-14.0,-19.0,0.558,2.06,16.3,0.274,0.622,0.44,0.107,0.514,0.559,102.7,102.02,85.02,457,0.428,129,142,145,187,65,91,243,212,171,59,137,150,239,230,66,138,123,96,171,638675,2024-25
Lineups,-202331-1642348-,P. George - J. Edwards,1610612755,PHI,15,4,11,0.267,209.0,117.6,118.2,116.1,115.0,1.5,3.2,0.625,2.17,19.2,0.256,0.642,0.444,0.122,0.57,0.609,100.3,100.6,83.84,435,0.5,87,81,183,104,66,36,146,45,85,53,28,187,222,222,100,38,33,133,60,626230,2024-25
Lineups,-201569-203083-,E. Gordon - A. Drummond,1610612755,PHI,21,6,15,0.286,202.0,101.4,101.4,116.1,114.9,-14.7,-13.4,0.417,0.99,12.1,0.332,0.663,0.484,0.163,0.497,0.527,100.3,100.78,83.98,424,0.389,47,60,220,95,67,186,145,186,243,239,237,75,187,115,223,182,188,125,218,605855,2024-25
Lineups,-201569-1628997-,E. Gordon - C. Martin,1610612755,PHI,21,5,16,0.238,198.0,104.6,103.4,108.9,108.6,-4.3,-5.2,0.564,1.29,15.0,0.319,0.66,0.484,0.158,0.504,0.546,98.7,99.4,82.83,412,0.459,47,74,227,129,68,167,78,114,164,210,187,88,193,114,212,157,152,172,123,593255,2024-25
Lineups,-203954-1627824-,J. Embiid - G. Yabusele,1610612755,PHI,18,8,10,0.444,186.0,111.6,109.5,109.7,110.1,1.9,-0.6,0.711,1.64,20.0,0.256,0.725,0.5,0.17,0.56,0.607,99.5,100.21,83.51,389,0.528,65,36,168,24,69,106,94,73,26,149,16,188,69,72,239,50,34,143,36,556830,2024-25
Lineups,-202704-1627824-,R. Jackson - G. Yabusele,1610612755,PHI,27,11,16,0.407,185.0,105.7,104.1,114.4,113.2,-8.7,-9.1,0.589,1.83,16.4,0.25,0.682,0.451,0.121,0.515,0.552,98.8,100.03,83.36,388,0.44,27,14,227,36,70,162,127,149,135,100,129,197,141,209,97,134,135,150,151,556395,2024-25
Lineups,-1629022-1641741-,L. Walker IV - R. Council IV,1610612755,PHI,16,2,14,0.125,184.0,99.5,100.2,112.9,111.7,-13.4,-11.5,0.641,1.42,17.5,0.274,0.688,0.484,0.17,0.501,0.536,106.3,106.47,88.73,407,0.451,80,111,209,179,71,196,111,170,70,187,82,151,130,112,238,160,176,33,136,552490,2024-25
Lineups,-202331-1642272-,P. George - J. McCain,1610612755,PHI,12,5,7,0.417,172.0,103.3,101.7,103.7,105.4,-0.4,-3.8,0.602,1.57,16.3,0.227,0.719,0.47,0.137,0.5,0.546,98.9,98.86,82.38,358,0.483,104,74,137,31,72,184,57,104,115,161,135,224,74,158,162,161,150,185,82,514905,2024-25
Lineups,-203083-1629656-,A. Drummond - Q. Grimes,1610612755,PHI,12,2,10,0.167,167.0,104.1,102.3,128.1,131.3,-24.0,-28.9,0.511,1.73,14.6,0.333,0.562,0.443,0.117,0.472,0.506,98.4,98.05,81.71,342,0.37,104,111,168,161,73,176,248,238,205,130,198,63,260,224,86,203,211,209,228,502270,2024-25
Lineups,-200768-203083-,K. Lowry - A. Drummond,1610612755,PHI,20,8,12,0.4,167.0,92.4,92.9,109.6,109.4,-17.1,-16.5,0.664,1.21,15.8,0.321,0.689,0.492,0.183,0.457,0.488,98.0,97.82,81.51,339,0.366,57,36,198,37,74,230,85,203,50,222,158,84,125,100,252,217,229,215,230,500535,2024-25
Lineups,-203083-1627824-,A. Drummond - G. Yabusele,1610612755,PHI,24,9,15,0.375,166.0,103.7,102.4,119.9,120.0,-16.3,-17.6,0.5,1.43,14.4,0.366,0.671,0.506,0.142,0.484,0.507,95.4,95.94,79.95,332,0.397,34,25,220,57,76,175,191,206,213,185,204,35,158,65,176,193,208,241,208,496830,2024-25
Lineups,-203083-1642272-,A. Drummond - J. McCain,1610612755,PHI,19,5,14,0.263,166.0,106.5,107.5,117.0,116.9,-10.5,-9.4,0.533,1.4,15.4,0.329,0.73,0.517,0.151,0.515,0.55,101.5,101.02,84.18,345,0.421,64,74,209,109,75,127,168,155,191,190,174,77,58,52,204,136,139,116,181,498935,2024-25
Lineups,-1626162-1630288-,K. Oubre Jr. - J. Dowtin Jr.,1610612755,PHI,21,6,15,0.286,162.0,95.8,92.2,114.1,111.6,-18.2,-19.4,0.573,1.26,14.7,0.271,0.622,0.45,0.153,0.482,0.52,98.0,101.0,84.17,346,0.407,47,60,220,95,77,234,108,214,151,214,196,155,238,214,206,195,195,118,199,486875,2024-25
Lineups,-202704-1626162-,R. Jackson - K. Oubre Jr.,1610612755,PHI,23,9,14,0.391,162.0,109.1,105.4,121.1,120.2,-12.0,-14.8,0.566,1.66,16.1,0.297,0.672,0.467,0.133,0.509,0.549,96.1,98.11,81.75,332,0.413,38,25,209,45,78,150,192,192,162,146,146,109,156,167,146,145,142,207,193,486580,2024-25
Lineups,-202331-1630231-,P. George - K. Martin,1610612755,PHI,11,7,4,0.636,160.0,112.2,108.8,106.5,108.7,5.7,0.1,0.589,1.62,17.0,0.271,0.745,0.506,0.143,0.544,0.583,97.4,97.89,81.58,329,0.52,112,45,81,8,79,117,79,61,134,153,108,156,46,63,177,75,71,212,43,479545,2024-25
Lineups,-201569-1641741-,E. Gordon - R. Council IV,1610612755,PHI,21,8,13,0.381,159.0,110.8,109.0,112.4,114.7,-1.6,-5.7,0.65,2.11,17.6,0.248,0.595,0.421,0.113,0.516,0.566,100.3,100.13,83.44,335,0.488,47,36,205,55,80,115,144,118,59,56,79,202,252,243,76,129,108,146,76,476015,2024-25
Lineups,-1641741-1642272-,R. Council IV - J. McCain,1610612755,PHI,16,3,13,0.188,156.0,111.9,111.7,110.7,110.7,1.2,1.0,0.55,1.37,15.8,0.355,0.644,0.497,0.16,0.535,0.585,100.1,100.22,83.52,325,0.493,80,95,205,154,81,83,98,58,179,199,157,42,219,91,218,92,65,142,70,468390,2024-25
Lineups,-201569-1642348-,E. Gordon - J. Edwards,1610612755,PHI,15,4,11,0.267,155.0,123.0,125.1,125.0,122.4,-1.9,2.7,0.635,2.3,20.8,0.288,0.656,0.452,0.129,0.618,0.638,103.7,103.88,86.57,334,0.471,87,81,183,104,82,17,208,49,77,45,10,124,202,206,132,15,14,65,101,466460,2024-25
Lineups,-1641720-1641741-,J. Hood-Schifino - R. Council IV,1610612755,PHI,12,1,11,0.083,155.0,103.7,103.2,117.2,118.0,-13.5,-14.7,0.552,1.41,15.2,0.28,0.676,0.483,0.145,0.5,0.544,104.1,104.02,86.68,339,0.444,104,142,183,198,83,168,175,191,177,188,179,140,148,118,187,161,157,62,146,465845,2024-25
Lineups,-1630542-1641737-,M. Bagley - A. Bona,1610612755,PHI,10,1,9,0.1,155.0,94.2,94.1,113.5,113.3,-19.3,-19.2,0.603,1.2,15.8,0.28,0.624,0.446,0.18,0.471,0.501,104.7,104.8,87.33,338,0.396,122,142,156,191,84,226,128,213,113,224,156,139,237,220,250,205,217,53,210,464440,2024-25
Lineups,-1641741-1642024-,R. Council IV - A. Reese,1610612755,PHI,14,3,11,0.214,151.0,116.3,115.4,110.6,111.2,5.7,4.2,0.518,1.69,16.1,0.273,0.684,0.498,0.127,0.582,0.617,106.3,106.44,88.7,331,0.528,93,95,183,133,85,49,104,43,200,141,144,152,138,85,122,28,27,34,37,452540,2024-25
Lineups,-1629022-1642348-,L. Walker IV - J. Edwards,1610612755,PHI,12,2,10,0.167,150.0,99.8,99.7,123.1,122.2,-23.3,-22.5,0.75,1.61,19.7,0.268,0.652,0.45,0.171,0.5,0.538,101.2,101.63,84.69,315,0.38,104,111,168,161,86,208,207,226,13,155,21,164,209,211,240,161,167,103,225,449850,2024-25
Lineups,-1630215-1630542-,J. Butler - M. Bagley,1610612755,PHI,10,1,9,0.1,145.0,101.4,100.6,111.6,112.7,-10.2,-12.1,0.642,1.51,17.8,0.27,0.645,0.462,0.163,0.517,0.538,103.7,103.57,86.31,313,0.45,122,142,156,191,87,193,122,177,68,170,69,157,218,179,226,128,168,70,138,435875,2024-25
Lineups,-200768-202704-,K. Lowry - R. Jackson,1610612755,PHI,11,7,4,0.636,145.0,114.5,110.4,96.3,96.4,18.2,14.0,0.593,2.52,17.5,0.253,0.726,0.492,0.094,0.528,0.567,99.6,101.29,84.41,307,0.578,112,45,81,8,88,93,28,23,130,31,83,193,68,98,47,108,106,114,22,435045,2024-25
Lineups,-1627824-1629022-,G. Yabusele - L. Walker IV,1610612755,PHI,12,2,10,0.167,144.0,105.2,105.4,117.7,117.4,-12.4,-12.1,0.712,1.91,19.8,0.294,0.654,0.464,0.148,0.523,0.543,99.4,99.41,82.84,297,0.415,104,111,168,161,89,151,172,175,25,90,20,114,206,173,197,113,161,171,189,430940,2024-25
Lineups,-1629656-1630288-,Q. Grimes - J. Dowtin Jr.,1610612755,PHI,13,4,9,0.308,140.0,110.8,108.4,113.8,113.6,-3.0,-5.1,0.513,1.69,14.8,0.331,0.614,0.463,0.121,0.524,0.546,100.5,101.63,84.69,297,0.445,101,81,156,84,90,120,132,113,204,139,193,76,245,175,98,111,147,104,143,419390,2024-25
Lineups,-1629022-1630542-,L. Walker IV - M. Bagley,1610612755,PHI,8,1,7,0.125,139.0,99.1,101.0,111.2,112.8,-12.1,-11.7,0.607,1.45,16.3,0.327,0.647,0.484,0.159,0.48,0.511,104.6,102.83,85.7,296,0.439,138,142,137,179,91,190,124,173,107,179,136,79,214,111,215,196,201,78,152,415890,2024-25
Lineups,-201569-1630231-,E. Gordon - K. Martin,1610612755,PHI,15,5,10,0.333,137.0,103.8,104.2,109.4,111.0,-5.6,-6.8,0.528,1.1,14.4,0.336,0.654,0.486,0.179,0.506,0.546,100.3,99.36,82.8,285,0.423,87,74,168,65,93,161,100,124,194,230,206,62,207,109,246,152,151,173,178,410870,2024-25
Lineups,-1627824-1641737-,G. Yabusele - A. Bona,1610612755,PHI,20,4,16,0.2,137.0,116.1,120.2,115.0,113.3,1.1,6.9,0.521,1.8,16.6,0.341,0.692,0.517,0.129,0.573,0.595,95.7,94.7,78.91,272,0.513,57,81,227,138,92,26,129,36,197,108,121,57,121,51,131,36,50,250,49,412100,2024-25
Lineups,-202704-1641741-,R. Jackson - R. Council IV,1610612755,PHI,24,9,15,0.375,136.0,106.0,101.4,117.7,117.3,-11.7,-15.9,0.63,1.79,17.3,0.294,0.667,0.471,0.134,0.517,0.546,96.6,98.99,82.49,284,0.426,34,25,220,57,94,187,171,201,81,112,92,114,163,152,153,127,148,183,175,408765,2024-25
Lineups,-203083-1630231-,A. Drummond - K. Martin,1610612755,PHI,16,6,10,0.375,130.0,111.4,110.3,107.2,108.5,4.1,1.8,0.368,0.98,11.2,0.417,0.746,0.576,0.158,0.514,0.545,100.3,100.25,83.54,272,0.474,80,60,168,57,95,97,77,54,250,240,243,18,44,21,213,137,156,139,97,390690,2024-25
Lineups,-203083-1642348-,A. Drummond - J. Edwards,1610612755,PHI,12,3,9,0.25,126.0,105.5,102.3,130.3,131.4,-24.9,-29.1,0.615,2.13,17.6,0.287,0.658,0.458,0.115,0.498,0.527,97.6,98.66,82.21,261,0.38,104,95,156,112,96,177,249,240,98,55,78,125,197,191,80,176,186,190,223,378765,2024-25
Lineups,-200768-1642272-,K. Lowry - J. McCain,1610612755,PHI,14,4,10,0.286,125.0,103.5,101.9,114.5,114.0,-10.9,-12.1,0.632,1.76,17.0,0.254,0.697,0.462,0.131,0.507,0.536,98.5,99.51,82.92,260,0.422,93,81,168,95,97,182,137,176,80,118,103,191,109,176,137,151,174,168,180,374080,2024-25
Lineups,-203954-1642272-,J. Embiid - J. McCain,1610612755,PHI,6,1,5,0.167,117.0,102.3,101.2,98.8,99.6,3.5,1.6,0.709,1.74,18.7,0.188,0.718,0.461,0.143,0.49,0.55,99.4,99.59,83.0,245,0.539,156,142,110,161,98,189,34,55,27,126,38,244,78,185,177,188,138,164,28,351345,2024-25
Lineups,-1630542-1641741-,M. Bagley - R. Council IV,1610612755,PHI,8,1,7,0.125,117.0,105.5,104.4,111.6,111.5,-6.1,-7.1,0.582,1.63,16.3,0.299,0.661,0.475,0.139,0.502,0.536,103.2,103.84,86.54,252,0.47,138,142,137,179,99,159,107,127,140,151,134,108,190,135,167,159,175,66,103,350145,2024-25
Lineups,-202331-1641741-,P. George - R. Council IV,1610612755,PHI,23,6,17,0.261,117.0,109.4,106.3,121.4,121.3,-12.0,-15.0,0.663,1.78,17.4,0.284,0.66,0.452,0.133,0.513,0.566,96.3,97.79,81.49,240,0.441,38,60,236,110,100,138,200,194,51,114,90,130,194,204,148,140,107,216,149,349735,2024-25
Lineups,-1629643-1642348-,C. Okeke - J. Edwards,1610612755,PHI,7,1,6,0.143,116.0,111.7,112.7,119.8,120.4,-8.1,-7.8,0.619,1.67,17.6,0.344,0.663,0.489,0.152,0.535,0.561,99.6,98.86,82.38,237,0.416,149,142,122,172,102,72,193,131,95,144,74,53,184,102,205,95,119,186,187,347415,2024-25
Lineups,-1629656-1630542-,Q. Grimes - M. Bagley,1610612755,PHI,7,1,6,0.143,116.0,101.7,100.4,119.5,122.0,-17.8,-21.6,0.495,1.26,14.1,0.291,0.575,0.429,0.15,0.498,0.523,104.3,103.89,86.57,253,0.394,149,142,122,172,101,195,205,223,224,215,210,120,257,238,202,178,189,64,212,348600,2024-25
Lineups,-1630231-1641741-,K. Martin - R. Council IV,1610612755,PHI,15,4,11,0.267,115.0,119.5,118.1,108.1,109.7,11.4,8.4,0.484,1.59,14.1,0.371,0.667,0.515,0.122,0.542,0.592,98.9,98.73,82.28,237,0.534,87,81,183,104,104,37,89,33,228,158,212,34,163,54,101,78,52,187,31,344930,2024-25
Lineups,-202704-1641737-,R. Jackson - A. Bona,1610612755,PHI,18,7,11,0.389,115.0,114.1,110.3,111.3,109.1,2.9,1.2,0.5,1.89,15.5,0.297,0.716,0.504,0.112,0.547,0.571,97.7,100.37,83.64,242,0.499,65,45,183,49,103,96,82,57,213,94,165,110,81,69,72,69,99,135,64,346475,2024-25
Lineups,-1629656-1641720-,Q. Grimes - J. Hood-Schifino,1610612755,PHI,9,1,8,0.111,114.0,101.5,100.4,124.7,123.1,-23.2,-22.7,0.552,1.17,14.4,0.268,0.704,0.468,0.163,0.505,0.547,104.0,105.27,87.72,251,0.38,129,142,145,187,105,194,218,228,178,225,205,165,100,164,229,156,144,47,224,340625,2024-25
Lineups,-201569-1641737-,E. Gordon - A. Bona,1610612755,PHI,18,6,12,0.333,113.0,121.9,119.4,110.8,110.0,11.2,9.4,0.566,2.0,18.0,0.346,0.701,0.531,0.127,0.575,0.607,100.0,101.37,84.47,237,0.535,65,60,198,65,107,29,93,30,160,63,62,52,105,44,120,33,35,111,29,338100,2024-25
Lineups,-200768-203954-,K. Lowry - J. Embiid,1610612755,PHI,12,6,6,0.5,113.0,88.1,85.3,103.2,105.5,-15.1,-20.2,0.681,1.23,15.9,0.144,0.703,0.424,0.163,0.442,0.497,101.4,101.98,84.98,245,0.426,104,60,122,11,106,243,58,219,37,221,154,254,102,241,228,229,221,99,173,338905,2024-25
Lineups,-203083-1641741-,A. Drummond - R. Council IV,1610612755,PHI,20,3,17,0.15,109.0,106.9,107.2,108.4,106.9,-1.4,0.3,0.554,1.82,16.2,0.35,0.694,0.505,0.127,0.498,0.523,99.1,99.61,83.01,221,0.454,57,95,236,170,108,129,66,59,174,102,140,46,116,67,121,179,190,163,131,326710,2024-25
Lineups,-1628997-1641741-,C. Martin - R. Council IV,1610612755,PHI,17,5,12,0.294,109.0,102.2,100.9,134.3,133.5,-32.2,-32.6,0.538,1.75,14.6,0.259,0.533,0.389,0.111,0.471,0.516,96.3,97.19,80.99,217,0.331,74,74,198,94,109,191,252,242,186,122,197,179,264,258,70,206,199,225,238,326690,2024-25
Lineups,-1630215-1630288-,J. Butler - J. Dowtin Jr.,1610612755,PHI,13,2,11,0.154,109.0,108.5,109.1,114.5,115.5,-6.0,-6.4,0.607,2.0,16.7,0.315,0.727,0.509,0.117,0.5,0.543,103.0,102.3,85.25,231,0.469,101,111,183,168,110,113,149,122,109,63,116,93,62,59,85,161,160,90,104,325850,2024-25
Lineups,-1628997-1630231-,C. Martin - K. Martin,1610612755,PHI,18,6,12,0.333,108.0,112.9,110.7,115.0,112.1,-2.1,-1.4,0.506,1.47,14.6,0.32,0.713,0.508,0.133,0.535,0.583,97.5,99.77,83.14,225,0.464,65,60,198,65,111,92,116,78,210,176,201,85,87,60,148,91,72,161,114,323310,2024-25
Lineups,-1630215-1642024-,J. Butler - A. Reese,1610612755,PHI,14,3,11,0.214,107.0,121.6,123.8,108.2,105.9,13.3,18.0,0.566,1.94,18.1,0.305,0.746,0.538,0.13,0.6,0.634,106.8,106.98,89.15,239,0.588,93,95,183,133,112,20,61,19,160,85,58,101,45,40,133,18,17,28,19,321040,2024-25
Lineups,-1629022-1641720-,L. Walker IV - J. Hood-Schifino,1610612755,PHI,8,0,8,0.0,106.0,101.6,102.3,121.2,120.8,-19.6,-18.6,0.644,1.93,18.2,0.276,0.7,0.482,0.132,0.495,0.52,99.0,98.87,82.39,220,0.42,138,201,145,201,113,178,197,208,66,86,50,148,106,121,141,183,194,184,182,317500,2024-25
Lineups,-202704-1630178-,R. Jackson - T. Maxey,1610612755,PHI,23,9,14,0.391,105.0,107.2,103.5,111.7,111.9,-4.5,-8.4,0.553,2.47,15.3,0.256,0.667,0.45,0.083,0.498,0.534,100.7,102.41,85.34,229,0.458,38,25,209,45,114,165,113,136,175,38,176,185,163,213,34,180,177,86,126,314970,2024-25
Lineups,-202331-1641737-,P. George - A. Bona,1610612755,PHI,15,4,11,0.267,103.0,111.5,108.8,104.0,107.3,7.5,1.6,0.576,1.4,16.5,0.357,0.667,0.513,0.163,0.547,0.588,98.7,98.31,81.93,215,0.534,87,81,183,104,115,116,67,56,144,191,125,38,163,55,224,66,57,200,30,308325,2024-25
Lineups,-200768-1641741-,K. Lowry - R. Council IV,1610612755,PHI,18,7,11,0.389,101.0,109.4,106.7,105.0,104.2,4.4,2.4,0.643,2.35,18.4,0.28,0.728,0.5,0.11,0.524,0.547,98.3,99.91,83.26,210,0.505,65,45,183,49,116,135,54,51,67,42,47,138,61,72,67,112,146,154,53,304110,2024-25
Lineups,-202704-1642348-,R. Jackson - J. Edwards,1610612755,PHI,14,5,9,0.357,101.0,113.9,112.0,111.2,109.4,2.7,2.6,0.611,2.2,18.7,0.233,0.683,0.456,0.116,0.574,0.597,100.2,101.82,84.85,216,0.508,93,74,156,64,117,80,86,50,104,48,35,219,140,196,81,34,44,101,51,302650,2024-25
Lineups,-1630542-1641720-,M. Bagley - J. Hood-Schifino,1610612755,PHI,6,0,6,0.0,100.0,104.4,102.8,127.5,128.0,-23.2,-25.2,0.506,1.72,14.5,0.317,0.667,0.469,0.116,0.475,0.51,101.4,101.98,84.98,216,0.381,156,201,122,201,118,173,238,232,209,131,202,90,163,160,81,199,202,98,222,301465,2024-25
Lineups,-200768-201569-,K. Lowry - E. Gordon,1610612755,PHI,18,6,12,0.333,99.0,109.1,108.0,116.1,112.1,-7.0,-4.1,0.63,1.46,17.3,0.344,0.689,0.511,0.165,0.54,0.585,99.5,101.79,84.82,212,0.454,65,60,198,65,119,122,117,107,81,178,94,54,126,57,230,81,67,102,132,295680,2024-25
Lineups,-200768-1641737-,K. Lowry - A. Bona,1610612755,PHI,12,4,8,0.333,97.0,117.1,114.6,108.8,108.3,8.3,6.3,0.568,2.38,17.7,0.277,0.786,0.528,0.102,0.552,0.577,100.1,101.47,84.56,205,0.518,104,81,145,65,120,54,74,38,157,41,72,146,29,46,60,62,86,105,45,290915,2024-25
Lineups,-1626162-1630215-,K. Oubre Jr. - J. Butler,1610612755,PHI,9,1,8,0.111,97.0,95.0,96.2,117.0,119.6,-22.0,-23.5,0.625,1.41,16.1,0.255,0.716,0.473,0.154,0.46,0.509,103.9,102.17,85.14,208,0.397,129,142,145,187,121,219,188,229,85,189,147,190,80,147,207,213,205,94,209,290340,2024-25
Lineups,-1627824-1629643-,G. Yabusele - C. Okeke,1610612755,PHI,5,1,4,0.2,94.0,120.6,118.7,122.2,125.4,-1.6,-6.7,0.633,2.0,18.7,0.337,0.662,0.485,0.134,0.565,0.597,96.4,95.9,79.91,187,0.437,165,142,81,138,122,31,230,123,79,63,37,60,188,110,152,43,48,242,161,282300,2024-25
Lineups,-1630288-1642024-,J. Dowtin Jr. - A. Reese,1610612755,PHI,10,3,7,0.3,93.0,127.7,126.3,106.6,105.4,21.1,20.8,0.451,2.28,15.5,0.269,0.709,0.5,0.091,0.629,0.645,102.1,103.28,86.07,198,0.569,122,95,137,93,123,15,56,18,237,46,166,163,93,72,40,11,10,73,23,279550,2024-25
Lineups,-201569-202704-,E. Gordon - R. Jackson,1610612755,PHI,14,4,10,0.286,92.0,115.3,110.4,114.2,112.5,1.1,-2.1,0.628,1.81,18.1,0.337,0.727,0.518,0.141,0.566,0.59,97.0,99.93,83.27,192,0.474,93,81,168,95,124,94,119,84,84,105,60,59,62,50,175,42,55,153,98,276680,2024-25
Lineups,-202704-1642272-,R. Jackson - J. McCain,1610612755,PHI,11,1,10,0.091,92.0,117.5,120.1,120.1,116.2,-2.5,3.9,0.617,2.17,18.8,0.36,0.671,0.503,0.125,0.56,0.597,96.2,96.72,80.6,184,0.501,112,142,168,196,125,27,160,44,97,52,32,37,157,70,110,49,46,229,57,274685,2024-25
Lineups,-203954-1629656-,J. Embiid - Q. Grimes,1610612755,PHI,5,0,5,0.0,91.0,99.4,99.0,113.3,114.2,-14.0,-15.2,0.706,1.71,17.5,0.292,0.742,0.497,0.144,0.45,0.505,104.0,103.84,86.53,195,0.434,165,201,110,201,128,211,140,196,28,132,81,118,47,88,183,221,213,67,165,271815,2024-25
Lineups,-1641720-1641737-,J. Hood-Schifino - A. Bona,1610612755,PHI,9,0,9,0.0,91.0,91.4,89.8,119.0,116.4,-27.7,-26.6,0.514,1.0,14.3,0.263,0.67,0.476,0.188,0.458,0.495,101.1,103.04,85.87,197,0.381,129,201,156,201,127,235,161,236,202,232,207,171,159,132,255,216,225,75,221,273915,2024-25
Lineups,-1629052-1630215-,O. Brissett - J. Butler,1610612755,PHI,6,1,5,0.167,91.0,111.8,113.7,123.5,123.0,-11.7,-9.4,0.486,1.71,14.5,0.234,0.579,0.407,0.111,0.549,0.587,100.7,100.07,83.39,190,0.439,156,142,110,161,126,63,217,154,227,132,203,216,256,251,69,64,62,147,153,274135,2024-25
Lineups,-201569-1642272-,E. Gordon - J. McCain,1610612755,PHI,14,4,10,0.286,90.0,107.6,105.8,106.1,109.1,1.5,-3.3,0.527,1.5,15.1,0.351,0.634,0.492,0.138,0.515,0.553,101.4,100.76,83.96,189,0.49,93,81,168,95,129,147,81,99,195,171,184,45,231,97,166,131,134,126,73,268685,2024-25
Lineups,-201569-1630288-,E. Gordon - J. Dowtin Jr.,1610612755,PHI,11,3,8,0.273,89.0,107.1,105.2,105.4,106.3,1.7,-1.1,0.603,1.42,18.1,0.25,0.696,0.483,0.172,0.585,0.602,102.8,103.24,86.03,192,0.465,112,95,145,102,130,153,64,77,114,186,57,197,110,117,241,27,39,74,111,266405,2024-25
Lineups,-1641720-1642348-,J. Hood-Schifino - J. Edwards,1610612755,PHI,8,0,8,0.0,88.0,94.7,93.6,133.6,132.8,-38.9,-39.2,0.5,0.89,12.7,0.323,0.581,0.443,0.193,0.472,0.501,100.5,101.39,84.49,187,0.287,138,201,145,201,131,229,251,253,213,243,233,83,255,224,258,204,216,110,255,264885,2024-25
Lineups,-202704-1628997-,R. Jackson - C. Martin,1610612755,PHI,17,7,10,0.412,87.0,123.1,116.3,109.1,107.3,14.0,9.0,0.547,3.42,16.7,0.295,0.651,0.471,0.067,0.547,0.588,94.8,98.31,81.93,178,0.531,74,45,168,33,132,45,68,31,180,15,115,112,210,151,28,67,60,201,33,260725,2024-25
Lineups,-203954-1642348-,J. Embiid - J. Edwards,1610612755,PHI,5,2,3,0.4,86.0,111.0,109.2,120.2,119.1,-9.2,-9.9,0.68,2.32,20.1,0.22,0.663,0.443,0.12,0.54,0.574,101.6,102.9,85.75,184,0.461,165,111,60,37,133,109,180,159,38,44,14,228,186,226,90,82,93,76,121,256790,2024-25
Lineups,-1630288-1641720-,J. Dowtin Jr. - J. Hood-Schifino,1610612755,PHI,5,1,4,0.2,85.0,116.8,118.4,134.9,133.9,-18.1,-15.5,0.425,1.36,13.9,0.34,0.658,0.479,0.14,0.565,0.581,100.7,100.42,83.68,179,0.398,165,142,81,138,135,32,254,198,242,200,216,58,199,127,169,43,77,134,207,255250,2024-25
Lineups,-202331-1630288-,P. George - J. Dowtin Jr.,1610612755,PHI,15,4,11,0.267,85.0,103.7,100.0,106.9,108.7,-3.2,-8.7,0.697,2.09,19.2,0.209,0.694,0.45,0.125,0.534,0.551,97.2,98.18,81.81,176,0.468,87,81,183,104,134,198,80,142,31,57,26,234,115,210,110,97,137,204,106,255950,2024-25
Lineups,-1629022-1630288-,L. Walker IV - J. Dowtin Jr.,1610612755,PHI,9,3,6,0.333,84.0,118.2,116.6,123.6,123.9,-5.4,-7.3,0.579,1.57,16.7,0.44,0.714,0.565,0.155,0.54,0.575,103.0,103.56,86.3,181,0.464,129,95,122,65,136,43,224,128,143,161,117,15,82,27,209,84,89,71,115,250975,2024-25
Lineups,-1629643-1630215-,C. Okeke - J. Butler,1610612755,PHI,5,0,5,0.0,81.0,127.3,130.1,115.9,116.0,11.4,14.0,0.564,3.14,19.2,0.278,0.713,0.497,0.086,0.6,0.625,97.2,96.13,80.11,163,0.524,165,201,110,201,137,10,157,24,163,20,27,143,88,90,38,19,23,239,40,243425,2024-25
Lineups,-1629643-1629656-,C. Okeke - Q. Grimes,1610612755,PHI,6,1,5,0.167,79.0,120.3,121.1,126.4,128.0,-6.1,-7.0,0.6,1.73,19.1,0.324,0.694,0.507,0.157,0.625,0.636,101.8,100.83,84.03,166,0.455,156,142,110,161,139,25,239,126,117,128,29,82,114,61,210,12,16,122,128,235640,2024-25
Lineups,-1629656-1642024-,Q. Grimes - A. Reese,1610612755,PHI,9,2,7,0.222,79.0,114.5,114.2,126.3,125.3,-11.8,-11.1,0.451,1.52,14.0,0.259,0.711,0.478,0.119,0.568,0.604,106.9,107.48,89.56,176,0.437,129,111,137,130,138,58,229,164,236,167,215,178,91,129,89,39,37,25,160,237150,2024-25
Lineups,-1629052-1629656-,O. Brissett - Q. Grimes,1610612755,PHI,5,1,4,0.2,78.0,116.0,119.2,125.7,124.8,-9.6,-5.7,0.529,1.71,16.4,0.213,0.613,0.419,0.126,0.597,0.632,103.5,102.41,85.34,167,0.478,165,142,81,138,140,30,227,117,193,132,130,231,246,244,117,22,20,87,88,233425,2024-25
Lineups,-1641720-1642024-,J. Hood-Schifino - A. Reese,1610612755,PHI,6,1,5,0.167,77.0,114.8,113.8,123.3,123.5,-8.5,-9.7,0.507,1.75,15.8,0.238,0.724,0.474,0.12,0.58,0.599,103.7,104.07,86.72,167,0.44,156,142,110,161,142,61,223,158,208,122,155,211,70,139,92,29,42,60,150,230390,2024-25
Lineups,-202704-1630231-,R. Jackson - K. Martin,1610612755,PHI,11,2,9,0.182,77.0,120.2,123.1,105.8,101.9,14.4,21.2,0.662,1.8,19.9,0.357,0.727,0.551,0.16,0.593,0.637,97.6,98.28,81.9,156,0.595,112,111,156,155,141,22,46,17,52,108,19,38,62,34,219,23,15,202,17,231495,2024-25
Lineups,-203083-1630288-,A. Drummond - J. Dowtin Jr.,1610612755,PHI,11,2,9,0.182,76.0,109.7,106.6,100.3,98.2,9.4,8.4,0.574,1.44,17.0,0.316,0.674,0.506,0.163,0.536,0.569,102.5,105.01,87.51,166,0.532,112,111,156,155,143,136,32,32,149,180,105,91,151,64,222,89,101,52,32,228315,2024-25
Lineups,-1630215-1641720-,J. Butler - J. Hood-Schifino,1610612755,PHI,11,1,10,0.091,76.0,113.0,110.8,118.7,118.3,-5.7,-7.5,0.615,1.9,18.0,0.213,0.627,0.43,0.126,0.567,0.61,103.9,105.13,87.6,167,0.469,112,142,168,196,144,89,176,129,98,92,62,231,235,237,117,40,32,49,105,226700,2024-25
Lineups,-202331-202704-,P. George - R. Jackson,1610612755,PHI,14,6,8,0.429,74.0,94.4,89.7,99.1,101.3,-4.8,-11.6,0.51,1.44,13.3,0.2,0.734,0.465,0.116,0.438,0.492,100.5,101.87,84.89,155,0.407,93,60,145,27,145,237,44,171,206,180,227,237,52,170,83,230,226,100,198,221940,2024-25
Lineups,-1627824-1641720-,G. Yabusele - J. Hood-Schifino,1610612755,PHI,8,1,7,0.125,73.0,137.4,135.4,122.7,122.6,14.7,12.8,0.611,3.14,20.2,0.38,0.709,0.524,0.095,0.623,0.647,95.0,95.72,79.76,147,0.523,138,142,137,179,146,6,213,25,104,20,13,28,92,48,48,13,9,243,41,220400,2024-25
Lineups,-1626162-1629022-,K. Oubre Jr. - L. Walker IV,1610612755,PHI,8,2,6,0.25,73.0,99.3,100.6,133.5,133.8,-34.2,-33.1,0.685,1.32,16.7,0.378,0.672,0.507,0.179,0.466,0.519,103.2,102.32,85.27,156,0.321,138,111,122,112,147,192,253,243,34,205,114,29,155,61,248,211,196,89,241,218130,2024-25
Lineups,-1628997-1641737-,C. Martin - A. Bona,1610612755,PHI,8,2,6,0.25,72.0,100.2,99.3,117.6,116.0,-17.4,-16.7,0.481,1.44,13.5,0.269,0.658,0.461,0.123,0.473,0.508,95.4,96.57,80.47,146,0.401,138,111,122,112,149,210,156,204,229,180,222,161,198,183,105,202,207,234,203,216220,2024-25
Lineups,-1629643-1641741-,C. Okeke - R. Council IV,1610612755,PHI,7,1,6,0.143,72.0,106.7,109.2,124.0,122.2,-17.3,-13.0,0.702,2.0,18.4,0.286,0.667,0.449,0.131,0.507,0.544,103.8,103.37,86.14,153,0.39,149,142,122,172,148,112,206,181,30,63,45,126,163,215,136,150,158,72,216,216625,2024-25
Lineups,-200768-1642348-,K. Lowry - J. Edwards,1610612755,PHI,10,4,6,0.4,71.0,115.6,111.5,106.9,106.5,8.8,4.9,0.645,2.0,18.7,0.234,0.734,0.487,0.127,0.567,0.594,102.3,104.34,86.95,157,0.527,122,81,122,37,150,85,65,41,65,63,36,218,52,106,125,40,51,56,38,213910,2024-25
Lineups,-200768-1630231-,K. Lowry - K. Martin,1610612755,PHI,14,6,8,0.429,71.0,96.6,94.1,111.1,112.8,-14.5,-18.7,0.615,1.1,15.3,0.352,0.708,0.531,0.191,0.492,0.533,103.7,104.23,86.86,152,0.392,93,60,145,27,151,227,126,211,98,228,175,44,94,43,257,185,178,58,215,212755,2024-25
Lineups,-1629052-1642348-,O. Brissett - J. Edwards,1610612755,PHI,5,1,4,0.2,70.0,110.5,111.8,134.3,132.7,-23.8,-20.8,0.519,2.8,14.6,0.25,0.563,0.397,0.069,0.508,0.545,100.2,100.25,83.54,144,0.38,165,142,81,138,152,82,250,221,199,27,199,197,259,256,29,147,155,141,226,209000,2024-25
Lineups,-1641737-1642024-,A. Bona - A. Reese,1610612755,PHI,8,2,6,0.25,68.0,116.8,116.6,90.9,90.8,25.9,25.7,0.515,1.7,16.7,0.261,0.682,0.494,0.132,0.593,0.617,107.2,107.37,89.48,151,0.622,138,111,122,112,154,44,16,13,201,136,113,173,141,93,144,24,28,26,14,203850,2024-25
Lineups,-1629052-1641720-,O. Brissett - J. Hood-Schifino,1610612755,PHI,5,1,4,0.2,68.0,114.2,111.1,121.5,118.7,-7.3,-7.6,0.426,1.24,13.2,0.247,0.667,0.431,0.137,0.587,0.599,103.5,106.2,88.5,153,0.404,165,142,81,138,153,88,178,130,241,219,229,204,163,235,164,26,43,37,201,205425,2024-25
Lineups,-1629643-1641720-,C. Okeke - J. Hood-Schifino,1610612755,PHI,5,1,4,0.2,67.0,104.5,103.5,141.4,139.4,-36.9,-35.9,0.545,1.25,15.3,0.32,0.655,0.462,0.169,0.528,0.542,100.9,102.08,85.07,142,0.309,165,142,81,138,155,164,263,246,181,218,177,86,204,179,237,107,163,95,246,200315,2024-25
Lineups,-203954-1641741-,J. Embiid - R. Council IV,1610612755,PHI,10,4,6,0.4,64.0,110.4,106.3,134.3,130.8,-23.9,-24.5,0.652,1.88,17.4,0.241,0.661,0.447,0.125,0.52,0.575,93.2,96.3,80.25,128,0.387,122,81,122,37,156,138,246,231,57,96,84,208,192,218,110,116,88,237,219,192890,2024-25
Lineups,-1629052-1641741-,O. Brissett - R. Council IV,1610612755,PHI,5,1,4,0.2,62.0,115.6,116.9,129.5,128.1,-14.0,-11.2,0.491,1.5,15.1,0.286,0.557,0.427,0.132,0.577,0.623,104.5,104.43,87.02,136,0.463,165,142,81,138,157,42,240,168,225,171,186,126,262,240,143,30,25,55,116,186850,2024-25
Lineups,-202704-203954-,R. Jackson - J. Embiid,1610612755,PHI,9,6,3,0.667,62.0,107.4,100.0,97.8,100.0,9.6,0.0,0.605,2.0,15.5,0.194,0.692,0.449,0.099,0.475,0.546,96.8,99.27,82.73,131,0.529,129,60,60,6,158,198,35,62,112,63,168,241,118,216,54,198,149,177,35,186395,2024-25
Lineups,-1629643-1630288-,C. Okeke - J. Dowtin Jr.,1610612755,PHI,4,1,3,0.25,61.0,108.2,107.3,122.2,126.0,-14.0,-18.7,0.479,1.05,13.4,0.377,0.62,0.479,0.179,0.518,0.541,98.5,97.4,81.17,123,0.34,189,142,60,112,159,128,234,209,231,231,225,30,240,128,245,122,165,221,236,181850,2024-25
Lineups,-1641737-1642272-,A. Bona - J. McCain,1610612755,PHI,11,2,9,0.182,59.0,112.4,111.6,106.1,103.2,6.3,8.4,0.314,0.94,10.3,0.333,0.632,0.482,0.14,0.519,0.562,98.3,100.03,83.35,121,0.504,112,111,156,155,161,84,53,34,257,241,252,63,232,119,173,119,117,151,54,177075,2024-25
Lineups,-202704-203083-,R. Jackson - A. Drummond,1610612755,PHI,11,2,9,0.182,59.0,124.3,118.2,132.0,129.9,-7.8,-11.7,0.673,2.06,19.1,0.474,0.698,0.57,0.14,0.557,0.595,93.5,96.72,80.6,121,0.451,112,111,156,155,160,35,245,172,42,60,30,11,108,25,173,53,49,230,134,177175,2024-25
Lineups,-1630178-1630288-,T. Maxey - J. Dowtin Jr.,1610612755,PHI,9,4,5,0.444,57.0,125.2,118.4,133.0,134.2,-7.8,-15.8,0.66,3.3,21.0,0.196,0.6,0.414,0.088,0.635,0.644,92.4,94.6,78.83,114,0.448,129,81,110,24,162,33,255,200,54,17,9,240,250,247,39,10,12,251,139,171250,2024-25
Lineups,-203954-1630231-,J. Embiid - K. Martin,1610612755,PHI,5,3,2,0.6,54.0,126.2,124.1,96.9,96.3,29.4,27.8,0.706,3.27,22.4,0.245,0.804,0.505,0.098,0.6,0.631,95.8,96.91,80.76,112,0.649,165,95,35,10,163,19,27,12,28,18,6,205,25,66,53,19,21,228,11,163450,2024-25
Lineups,-1630658-1641720-,C. Castleton - J. Hood-Schifino,1610612755,PHI,4,0,4,0.0,53.0,111.4,110.1,134.8,129.9,-23.4,-19.8,0.622,2.8,17.1,0.415,0.667,0.522,0.092,0.477,0.506,95.4,97.75,81.46,109,0.417,189,201,81,201,164,98,244,216,91,27,102,19,163,49,44,197,212,217,185,159105,2024-25
Lineups,-1630288-1642272-,J. Dowtin Jr. - J. McCain,1610612755,PHI,7,1,6,0.143,53.0,111.7,108.4,102.4,101.7,9.3,6.7,0.5,1.16,13.9,0.315,0.684,0.505,0.16,0.5,0.578,105.6,107.53,89.61,119,0.526,149,142,122,172,165,121,45,37,213,226,217,92,135,68,216,161,80,24,39,158020,2024-25
Lineups,-1642024-1642348-,A. Reese - J. Edwards,1610612755,PHI,8,0,8,0.0,52.0,99.9,105.3,115.6,114.5,-15.7,-9.2,0.545,2.18,15.0,0.343,0.642,0.475,0.097,0.459,0.495,108.5,106.24,88.53,113,0.406,138,201,145,201,166,152,143,151,181,50,187,55,223,136,52,215,222,35,200,155880,2024-25
Lineups,-1629643-1642024-,C. Okeke - A. Reese,1610612755,PHI,4,1,3,0.25,51.0,113.8,118.3,128.2,126.4,-14.4,-8.0,0.5,2.4,16.0,0.283,0.704,0.482,0.092,0.558,0.574,103.8,102.54,85.45,109,0.429,189,142,60,112,167,34,235,134,213,40,149,133,100,119,44,52,92,84,169,153775,2024-25
Lineups,-1629022-1630658-,L. Walker IV - C. Castleton,1610612755,PHI,5,1,4,0.2,51.0,106.7,110.0,128.8,127.5,-22.1,-17.5,0.513,1.33,13.4,0.468,0.75,0.585,0.15,0.454,0.495,96.3,95.34,79.45,100,0.399,165,142,81,138,168,99,236,205,203,201,223,12,38,15,201,219,224,245,206,152550,2024-25
Lineups,-1629052-1642024-,O. Brissett - A. Reese,1610612755,PHI,5,1,4,0.2,49.0,113.0,112.0,126.8,121.0,-13.8,-8.9,0.429,1.38,13.3,0.188,0.667,0.419,0.12,0.576,0.605,101.2,104.06,86.72,108,0.435,165,142,81,138,170,80,198,145,239,195,226,245,163,244,94,31,36,61,164,147375,2024-25
Lineups,-1631250-1642348-,P. Nance - J. Edwards,1610612755,PHI,4,1,3,0.25,49.0,94.8,97.9,123.2,121.9,-28.4,-23.9,0.647,1.83,15.7,0.35,0.705,0.5,0.124,0.444,0.479,95.3,94.18,78.48,97,0.345,189,142,60,112,169,214,204,230,62,99,159,46,98,72,107,225,235,255,234,147550,2024-25
Lineups,-1630658-1641741-,C. Castleton - R. Council IV,1610612755,PHI,5,1,4,0.2,48.0,120.5,121.9,102.1,99.0,18.3,22.9,0.575,1.92,15.4,0.396,0.672,0.544,0.114,0.54,0.597,101.9,102.87,85.73,105,0.674,165,142,81,138,171,24,33,15,147,87,170,24,154,38,77,83,47,77,9,144880,2024-25
Lineups,-1628997-1630288-,C. Martin - J. Dowtin Jr.,1610612755,PHI,9,2,7,0.222,48.0,91.2,85.6,111.7,111.0,-20.4,-25.4,0.467,0.93,10.7,0.255,0.558,0.408,0.144,0.414,0.486,98.7,102.26,85.21,104,0.366,129,111,137,130,172,242,101,233,234,242,248,189,261,250,186,239,233,92,229,143640,2024-25
Lineups,-1630288-1630542-,J. Dowtin Jr. - M. Bagley,1610612755,PHI,4,1,3,0.25,48.0,109.2,110.4,114.9,114.3,-5.7,-3.9,0.535,1.92,15.4,0.35,0.65,0.47,0.113,0.495,0.531,106.5,106.19,88.49,106,0.459,189,142,60,112,173,95,142,106,189,87,170,46,211,157,75,184,181,38,124,143060,2024-25
Lineups,-203083-1630215-,A. Drummond - J. Butler,1610612755,PHI,7,1,6,0.143,47.0,89.3,89.3,134.5,136.5,-45.1,-47.2,0.636,1.91,15.4,0.214,0.667,0.423,0.107,0.409,0.465,106.0,105.22,87.68,103,0.311,149,142,122,172,175,238,258,259,74,90,169,229,163,242,65,242,239,48,245,141650,2024-25
Lineups,-203083-1629022-,A. Drummond - L. Walker IV,1610612755,PHI,8,1,7,0.125,47.0,102.2,97.9,139.7,142.1,-37.5,-44.2,0.594,1.9,13.9,0.448,0.641,0.526,0.106,0.409,0.465,94.3,95.51,79.6,94,0.295,138,142,137,179,174,216,264,257,129,93,219,14,224,47,62,242,239,244,252,142470,2024-25
Lineups,-1630288-1630658-,J. Dowtin Jr. - C. Castleton,1610612755,PHI,2,1,1,0.5,47.0,122.4,124.5,114.5,112.7,7.9,11.8,0.488,1.4,13.9,0.509,0.729,0.612,0.147,0.543,0.584,104.3,104.21,86.84,102,0.568,219,142,6,11,176,18,123,27,226,191,218,6,59,9,192,76,69,59,24,140950,2024-25
Lineups,-1630231-1641737-,K. Martin - A. Bona,1610612755,PHI,11,2,9,0.182,45.0,108.4,106.3,106.6,103.1,1.8,3.2,0.306,1.0,8.9,0.333,0.702,0.516,0.115,0.47,0.531,99.7,102.4,85.33,96,0.5,112,111,156,155,178,138,51,46,261,232,257,63,104,53,78,207,182,88,60,135705,2024-25
Lineups,-1629022-1642024-,L. Walker IV - A. Reese,1610612755,PHI,7,2,5,0.286,45.0,115.7,115.0,97.3,98.0,18.5,17.0,0.558,1.26,17.4,0.326,0.719,0.55,0.19,0.601,0.623,106.8,106.7,88.91,100,0.59,149,111,110,95,177,51,31,21,170,215,86,81,74,35,256,17,26,31,18,136310,2024-25
Lineups,-1630542-1642348-,M. Bagley - J. Edwards,1610612755,PHI,6,0,6,0.0,45.0,87.9,85.1,121.9,122.6,-34.0,-37.5,0.567,0.77,13.4,0.348,0.582,0.475,0.234,0.453,0.488,98.2,99.53,82.95,94,0.349,156,201,122,201,181,246,212,248,159,245,224,51,254,134,264,220,230,166,233,135270,2024-25
Lineups,-1629052-1629643-,O. Brissett - C. Okeke,1610612755,PHI,5,1,4,0.2,45.0,119.5,114.9,121.8,117.5,-2.3,-2.6,0.4,1.78,13.2,0.234,0.727,0.473,0.096,0.571,0.585,97.7,101.44,84.54,94,0.438,165,142,81,138,179,52,173,89,245,116,228,216,62,148,51,37,66,106,155,135565,2024-25
Lineups,-1631250-1641741-,P. Nance - R. Council IV,1610612755,PHI,7,3,4,0.429,45.0,104.3,102.3,118.7,116.1,-14.4,-13.8,0.586,1.89,14.0,0.32,0.674,0.484,0.102,0.454,0.51,91.1,92.95,77.46,88,0.412,149,95,81,27,180,178,158,188,138,94,213,86,151,113,59,218,204,257,194,135550,2024-25
Lineups,-1630288-1631250-,J. Dowtin Jr. - P. Nance,1610612755,PHI,6,2,4,0.333,44.0,99.2,100.0,110.3,109.2,-11.1,-9.2,0.613,1.46,15.0,0.392,0.733,0.552,0.148,0.474,0.502,95.0,95.07,79.22,88,0.451,156,111,81,65,182,198,84,150,102,177,191,25,54,32,196,200,215,247,135,132540,2024-25
Lineups,-1629052-1630288-,O. Brissett - J. Dowtin Jr.,1610612755,PHI,3,1,2,0.333,43.0,117.0,114.4,138.9,134.5,-21.9,-20.0,0.308,1.33,10.3,0.294,0.72,0.434,0.1,0.547,0.554,96.4,99.04,82.53,90,0.326,209,142,35,65,183,56,256,218,258,201,253,114,73,232,55,69,132,182,240,128675,2024-25
Lineups,-202331-1630215-,P. George - J. Butler,1610612755,PHI,5,0,5,0.0,43.0,92.7,92.3,94.4,94.4,-1.7,-2.1,0.636,1.75,17.6,0.156,0.791,0.466,0.132,0.474,0.508,100.7,100.92,84.1,91,0.515,165,201,110,201,184,232,24,83,74,122,74,253,28,168,142,201,206,120,46,128420,2024-25
Lineups,-201569-203954-,E. Gordon - J. Embiid,1610612755,PHI,8,2,6,0.25,42.0,93.0,87.4,98.9,102.2,-5.9,-14.9,0.677,1.24,16.8,0.214,0.655,0.464,0.179,0.486,0.53,105.3,106.9,89.08,95,0.502,138,111,122,112,186,241,47,193,39,220,112,229,204,172,246,192,183,29,56,124605,2024-25
Lineups,-200768-1629656-,K. Lowry - Q. Grimes,1610612755,PHI,4,0,4,0.0,42.0,113.9,109.8,120.0,122.5,-6.2,-12.7,0.59,2.09,18.0,0.31,0.667,0.5,0.12,0.538,0.569,101.7,102.56,85.46,92,0.511,189,201,81,201,185,103,209,179,133,57,64,97,163,72,90,87,102,83,50,127070,2024-25
Lineups,-1627824-1629052-,G. Yabusele - O. Brissett,1610612755,PHI,5,1,4,0.2,39.0,117.6,114.6,125.1,122.5,-7.4,-7.9,0.563,3.0,15.9,0.283,0.741,0.452,0.073,0.52,0.56,97.1,99.35,82.79,82,0.417,165,142,81,138,187,54,210,132,166,22,151,135,48,205,30,117,122,175,184,117400,2024-25
Lineups,-1630542-1630658-,M. Bagley - C. Castleton,1610612755,PHI,4,1,3,0.25,37.0,126.0,126.6,122.1,116.5,3.9,10.1,0.541,3.33,16.1,0.5,0.655,0.557,0.076,0.518,0.541,100.4,102.51,85.42,79,0.514,189,142,60,112,188,14,162,28,185,16,143,7,203,31,31,123,164,85,47,110975,2024-25
Lineups,-1629656-1630658-,Q. Grimes - C. Castleton,1610612755,PHI,4,1,3,0.25,37.0,119.1,112.5,116.5,112.5,2.6,0.0,0.621,1.38,15.9,0.405,0.9,0.627,0.163,0.548,0.612,99.9,104.66,87.21,80,0.495,189,142,60,112,189,73,119,62,92,195,151,21,15,8,221,65,30,54,67,110075,2024-25
Lineups,-1630215-1630658-,J. Butler - C. Castleton,1610612755,PHI,5,1,4,0.2,36.0,99.8,98.7,113.1,109.9,-13.3,-11.1,0.72,1.64,16.8,0.238,0.816,0.513,0.139,0.446,0.519,104.4,106.49,88.74,79,0.436,165,142,81,138,190,213,91,167,22,149,111,210,23,56,168,224,198,32,162,108180,2024-25
Lineups,-201569-1631250-,E. Gordon - P. Nance,1610612755,PHI,5,2,3,0.4,32.0,137.0,133.8,105.2,103.1,31.7,30.7,0.697,2.88,24.5,0.25,0.813,0.571,0.123,0.714,0.731,94.5,96.6,80.5,65,0.629,165,111,60,37,191,7,52,11,31,26,4,197,24,23,104,5,4,233,13,96150,2024-25
Lineups,-1630178-1631250-,T. Maxey - P. Nance,1610612755,PHI,4,2,2,0.5,32.0,142.6,141.3,118.5,118.8,24.2,22.5,0.75,8.0,26.1,0.185,0.719,0.475,0.048,0.69,0.713,96.3,96.61,80.51,63,0.564,189,111,35,11,192,4,179,16,13,3,1,247,76,137,18,6,7,232,25,94650,2024-25
Lineups,-1626162-1631250-,K. Oubre Jr. - P. Nance,1610612755,PHI,5,2,3,0.4,30.0,109.7,109.5,133.2,131.1,-23.6,-21.6,0.609,1.75,16.1,0.357,0.615,0.481,0.127,0.529,0.586,97.7,98.54,82.12,63,0.396,165,111,60,37,194,105,247,224,106,122,145,38,241,124,123,104,64,192,211,90600,2024-25
Lineups,-202331-1629022-,P. George - L. Walker IV,1610612755,PHI,5,1,4,0.2,30.0,101.3,100.0,106.5,109.5,-5.2,-9.5,0.684,1.3,15.1,0.382,0.786,0.565,0.167,0.45,0.506,99.3,98.51,82.09,60,0.42,165,142,81,138,195,198,87,156,35,208,184,27,29,28,232,222,210,194,183,89900,2024-25
Lineups,-202704-1630288-,R. Jackson - J. Dowtin Jr.,1610612755,PHI,6,3,3,0.5,30.0,80.8,78.0,114.9,122.8,-34.1,-44.8,0.375,0.75,8.8,0.097,0.649,0.397,0.136,0.404,0.451,93.6,92.06,76.72,59,0.223,156,95,60,11,193,257,214,258,248,246,259,258,213,257,157,246,246,258,258,90725,2024-25
Lineups,-1627824-1630542-,G. Yabusele - M. Bagley,1610612755,PHI,4,0,4,0.0,29.0,90.1,89.8,122.4,127.6,-32.3,-37.8,0.5,1.38,13.6,0.314,0.567,0.431,0.136,0.444,0.45,98.0,96.05,80.05,59,0.294,189,201,81,201,196,236,237,250,213,197,221,94,258,235,157,225,248,240,254,87700,2024-25
Lineups,-203954-1630288-,J. Embiid - J. Dowtin Jr.,1610612755,PHI,5,1,4,0.2,28.0,86.8,82.8,128.3,121.1,-41.5,-38.3,0.647,1.57,14.9,0.161,0.692,0.404,0.121,0.394,0.459,92.4,97.47,81.22,58,0.304,165,142,81,138,197,253,199,251,62,161,192,251,118,252,95,251,241,220,247,84950,2024-25
Lineups,-1629022-1630178-,L. Walker IV - T. Maxey,1610612755,PHI,4,0,4,0.0,28.0,87.0,83.3,121.0,119.4,-34.0,-36.0,0.588,1.43,12.8,0.235,0.741,0.459,0.117,0.37,0.435,101.0,103.9,86.58,60,0.313,189,201,81,201,198,251,182,247,136,184,231,213,48,189,84,255,255,63,244,84545,2024-25
Lineups,-203954-1630215-,J. Embiid - J. Butler,1610612755,PHI,3,0,3,0.0,27.0,83.2,83.9,93.5,94.4,-10.4,-10.5,0.722,1.3,16.7,0.273,0.719,0.492,0.179,0.418,0.447,98.9,97.96,81.63,56,0.484,209,201,60,201,199,250,25,162,21,208,117,152,76,96,244,237,251,210,80,80850,2024-25
Lineups,-1630762-1642348-,P. Wheeler - J. Edwards,1610612755,PHI,4,0,4,0.0,26.0,115.8,117.0,114.3,111.3,1.6,5.7,0.696,8.0,20.8,0.258,0.731,0.474,0.038,0.5,0.539,96.3,97.04,80.86,53,0.506,189,201,81,201,200,41,105,40,33,3,11,181,57,142,15,161,166,227,52,78650,2024-25
Lineups,-1630658-1641737-,C. Castleton - A. Bona,1610612755,PHI,3,1,2,0.333,25.0,106.3,101.8,104.8,105.6,1.5,-3.7,0.471,0.67,10.4,0.483,0.857,0.667,0.218,0.442,0.532,101.9,103.74,86.45,55,0.5,209,142,35,65,201,183,59,103,232,248,251,10,20,4,260,228,180,69,60,75650,2024-25
Lineups,-1631250-1641737-,P. Nance - A. Bona,1610612755,PHI,6,2,4,0.333,25.0,71.8,72.0,122.2,123.4,-50.4,-51.4,0.308,0.44,6.2,0.355,0.708,0.509,0.18,0.341,0.382,94.8,94.17,78.48,50,0.034,156,111,81,65,202,261,221,262,258,255,264,43,94,58,249,259,263,256,265,74160,2024-25
Lineups,-200768-1629022-,K. Lowry - L. Walker IV,1610612755,PHI,2,0,2,0.0,24.0,101.6,97.9,123.1,123.9,-21.5,-26.0,0.65,2.6,19.4,0.292,0.643,0.481,0.106,0.488,0.486,93.4,94.82,79.01,47,0.437,219,201,35,201,203,216,225,235,60,29,25,119,221,125,62,191,232,249,159,70620,2024-25
Lineups,-1630542-1630762-,M. Bagley - P. Wheeler,1610612755,PHI,4,0,4,0.0,23.0,95.0,87.8,92.4,90.2,2.5,-2.4,0.467,7.0,11.1,0.212,0.769,0.458,0.02,0.359,0.419,100.2,105.43,87.86,49,0.476,189,201,81,201,204,240,15,86,234,5,244,233,34,192,11,257,258,44,93,68290,2024-25
Lineups,-1630762-1641741-,P. Wheeler - R. Council IV,1610612755,PHI,5,0,5,0.0,23.0,138.5,128.3,87.1,83.0,51.4,45.3,0.571,12.0,18.8,0.286,0.778,0.563,0.022,0.575,0.633,92.7,98.7,82.25,46,0.749,165,201,110,201,205,13,10,7,152,1,34,126,31,29,12,32,18,188,7,67840,2024-25
Lineups,-1627824-1642024-,G. Yabusele - A. Reese,1610612755,PHI,4,1,3,0.25,22.0,123.6,115.6,117.7,117.0,5.9,-1.5,0.3,2.0,11.3,0.105,0.68,0.432,0.067,0.618,0.633,99.0,102.62,85.52,45,0.477,189,142,60,112,208,48,169,79,262,63,242,257,145,234,24,14,19,81,90,64550,2024-25
Lineups,-1630215-1630762-,J. Butler - P. Wheeler,1610612755,PHI,4,0,4,0.0,22.0,122.3,117.0,108.1,102.3,14.3,14.7,0.762,0.0,21.9,0.333,0.875,0.574,0.0,0.49,0.519,94.7,99.51,82.93,47,0.601,189,201,81,201,207,40,48,22,12,259,7,63,18,22,1,189,197,167,16,65840,2024-25
Lineups,-1630542-1642024-,M. Bagley - A. Reese,1610612755,PHI,2,0,2,0.0,22.0,109.3,104.3,100.0,100.0,9.3,4.3,0.368,1.4,12.1,0.19,0.75,0.489,0.106,0.513,0.559,104.4,106.71,88.92,47,0.53,219,201,35,201,206,160,35,42,250,191,238,242,38,103,62,139,125,30,34,66800,2024-25
Lineups,-1631223-1641741-,D. Roddy - R. Council IV,1610612755,PHI,2,0,2,0.0,21.0,120.6,122.7,87.9,86.0,32.7,36.7,0.591,3.25,19.7,0.36,0.826,0.583,0.091,0.554,0.565,101.3,101.44,84.53,44,0.632,219,201,35,201,209,23,12,10,132,19,22,36,22,16,40,58,109,107,12,61750,2024-25
Lineups,-201569-1629656-,E. Gordon - Q. Grimes,1610612755,PHI,2,0,2,0.0,19.0,104.4,100.0,151.7,157.1,-47.3,-57.1,0.471,1.14,15.4,0.059,0.636,0.385,0.163,0.591,0.611,105.6,105.91,88.26,43,0.318,219,201,35,201,210,198,269,265,232,227,172,259,227,259,224,25,31,40,242,57785,2024-25
Lineups,-1627824-1630658-,G. Yabusele - C. Castleton,1610612755,PHI,2,0,2,0.0,19.0,105.4,107.7,127.3,119.5,-21.9,-11.8,0.733,2.2,18.6,0.391,1.0,0.576,0.128,0.459,0.502,98.8,100.96,84.14,39,0.373,219,201,35,201,211,126,185,174,17,48,39,26,1,20,130,214,214,119,227,57050,2024-25
Lineups,-200768-1641720-,K. Lowry - J. Hood-Schifino,1610612755,PHI,1,0,1,0.0,17.0,96.6,96.9,113.0,109.7,-16.4,-12.8,0.667,2.0,17.0,0.35,0.737,0.538,0.125,0.419,0.455,89.5,90.72,75.6,32,0.426,242,201,6,201,213,218,88,180,44,63,106,46,50,39,110,236,244,260,174,50000,2024-25
Lineups,-1631311-1641737-,L. Quinones - A. Bona,1610612755,PHI,4,1,3,0.25,17.0,95.5,95.1,103.6,100.0,-8.1,-4.9,0.333,0.56,9.8,0.278,0.75,0.5,0.22,0.469,0.529,116.5,118.82,99.02,41,0.444,189,142,60,112,212,221,35,111,254,252,255,145,38,72,262,209,184,10,145,50900,2024-25
Lineups,-1629052-1641737-,O. Brissett - A. Bona,1610612755,PHI,1,0,1,0.0,17.0,87.7,85.3,108.3,106.1,-20.6,-20.8,0.333,0.67,8.9,0.35,0.615,0.455,0.176,0.417,0.438,94.9,97.26,81.05,34,0.303,242,201,6,201,214,244,62,220,254,248,258,46,241,200,243,238,253,224,249,49600,2024-25
Lineups,-1630658-1642348-,C. Castleton - J. Edwards,1610612755,PHI,2,0,2,0.0,16.0,98.8,106.3,135.9,135.3,-37.1,-29.0,0.818,1.29,20.0,0.267,1.0,0.56,0.219,0.5,0.578,103.1,99.73,83.11,32,0.331,219,201,35,201,218,138,257,239,9,211,16,167,1,30,261,161,81,162,237,47650,2024-25
Lineups,-1630231-1630288-,K. Martin - J. Dowtin Jr.,1610612755,PHI,4,0,4,0.0,16.0,101.7,94.6,128.3,122.9,-26.5,-28.3,0.286,0.8,8.2,0.421,0.714,0.545,0.135,0.438,0.481,100.2,106.23,88.52,37,0.343,189,201,81,201,215,223,216,237,263,244,261,17,82,36,156,231,234,36,235,48800,2024-25
Lineups,-1629022-1630762-,L. Walker IV - P. Wheeler,1610612755,PHI,3,0,3,0.0,16.0,99.4,103.1,121.0,116.1,-21.6,-13.0,0.727,4.0,17.4,0.261,0.714,0.432,0.063,0.412,0.456,94.3,94.4,78.67,32,0.399,209,201,60,201,217,169,159,182,18,8,86,173,82,233,23,241,243,253,205,48050,2024-25
Lineups,-1630762-1641720-,P. Wheeler - J. Hood-Schifino,1610612755,PHI,3,0,3,0.0,16.0,101.1,94.1,97.1,97.1,4.1,-2.9,0.364,2.0,9.8,0.158,0.611,0.378,0.059,0.433,0.49,96.8,100.33,83.61,34,0.474,209,201,60,201,215,225,29,96,252,63,256,252,247,261,22,232,228,136,99,48800,2024-25
Lineups,-1630600-1641720-,I. Mobley - J. Hood-Schifino,1610612755,PHI,1,0,1,0.0,15.0,95.6,94.3,103.9,102.9,-8.3,-8.6,0.6,3.0,12.8,0.261,0.778,0.488,0.057,0.394,0.452,108.5,109.8,91.5,35,0.415,242,201,6,201,219,224,50,140,117,22,232,173,31,105,21,250,245,22,191,45900,2024-25
Lineups,-200768-1630215-,K. Lowry - J. Butler,1610612755,PHI,2,0,2,0.0,15.0,95.2,93.8,113.8,119.4,-18.6,-25.6,0.727,1.33,17.4,0.375,0.667,0.529,0.188,0.444,0.491,104.4,102.74,85.62,32,0.482,219,201,35,201,221,228,182,234,18,201,86,31,163,45,254,225,227,79,83,44150,2024-25
Lineups,-1630542-1630600-,M. Bagley - I. Mobley,1610612755,PHI,1,0,1,0.0,15.0,107.4,102.9,122.3,124.2,-14.9,-21.4,0.636,2.33,14.6,0.3,0.688,0.472,0.086,0.468,0.521,107.7,109.29,91.07,35,0.384,242,201,6,201,220,171,226,222,74,43,199,104,130,149,36,210,192,23,220,44800,2024-25
Lineups,-1630600-1641741-,I. Mobley - R. Council IV,1610612755,PHI,1,0,1,0.0,14.0,89.8,88.6,98.4,97.1,-8.6,-8.5,0.667,2.0,13.0,0.227,0.765,0.462,0.086,0.371,0.449,112.7,114.34,95.28,35,0.415,242,201,6,201,222,239,29,137,44,63,230,224,37,179,36,254,250,15,190,43450,2024-25
Lineups,-200768-1630542-,K. Lowry - M. Bagley,1610612755,PHI,2,0,2,0.0,14.0,76.2,73.3,126.3,125.8,-50.1,-52.5,0.6,1.2,15.4,0.188,0.615,0.379,0.167,0.404,0.409,105.1,107.25,89.38,30,0.232,219,201,35,201,226,260,231,263,117,223,172,245,241,260,232,247,260,27,257,40950,2024-25
Lineups,-1631311-1641741-,L. Quinones - R. Council IV,1610612755,PHI,4,1,3,0.25,14.0,106.0,105.9,92.7,88.9,13.3,17.0,0.357,0.63,11.4,0.357,0.733,0.552,0.235,0.519,0.581,118.0,120.57,100.48,34,0.585,189,142,60,112,224,144,14,20,253,251,241,38,54,33,265,121,75,8,21,41800,2024-25
Lineups,-1629022-1631223-,L. Walker IV - D. Roddy,1610612755,PHI,2,0,2,0.0,14.0,129.7,123.3,115.6,113.3,14.1,10.0,0.538,3.5,15.9,0.412,0.769,0.567,0.067,0.534,0.569,101.5,105.11,87.59,30,0.519,219,201,35,201,225,21,129,29,186,14,153,20,34,26,24,96,103,50,44,41100,2024-25
Lineups,-1630762-1642024-,P. Wheeler - A. Reese,1610612755,PHI,2,0,2,0.0,14.0,118.7,117.2,93.8,93.8,25.0,23.5,0.308,4.0,10.5,0.294,0.611,0.457,0.034,0.5,0.537,103.2,103.83,86.52,29,0.587,219,201,35,201,223,39,23,14,258,8,249,114,247,194,13,161,172,68,20,42300,2024-25
Lineups,-1627824-1631223-,G. Yabusele - D. Roddy,1610612755,PHI,1,0,1,0.0,13.0,100.5,104.0,88.0,91.7,12.5,12.3,0.727,4.0,20.5,0.333,0.647,0.486,0.08,0.446,0.45,94.6,91.1,75.92,25,0.564,242,201,6,201,227,163,17,26,18,8,12,63,215,108,33,223,249,259,26,38725,2024-25
Lineups,-1630762-1641737-,P. Wheeler - A. Bona,1610612755,PHI,5,0,5,0.0,13.0,85.7,82.1,101.0,92.3,-15.3,-10.2,0.8,4.0,11.1,0.19,0.769,0.412,0.036,0.26,0.385,94.5,100.88,84.07,28,0.393,165,201,110,201,228,254,20,160,11,8,244,242,34,249,14,265,262,121,214,38540,2024-25
Lineups,-1627824-1630762-,G. Yabusele - P. Wheeler,1610612755,PHI,2,0,2,0.0,12.0,124.4,126.1,90.5,81.8,33.8,44.3,0.818,9.0,25.0,0.308,0.909,0.583,0.043,0.542,0.573,83.7,87.21,72.68,23,0.664,219,201,35,201,229,16,9,8,9,2,2,98,14,16,16,80,95,266,10,37150,2024-25
Lineups,-200768-1630658-,K. Lowry - C. Castleton,1610612755,PHI,1,0,1,0.0,12.0,103.8,104.8,123.0,113.6,-19.3,-8.9,0.625,2.5,15.2,0.467,0.615,0.536,0.095,0.391,0.437,83.7,86.66,72.22,21,0.41,242,201,6,201,231,155,133,144,85,32,180,13,241,41,48,252,254,267,197,35725,2024-25
Lineups,-1630178-1630215-,T. Maxey - J. Butler,1610612755,PHI,4,0,4,0.0,12.0,84.6,85.2,132.0,125.9,-47.4,-40.7,0.75,2.0,17.1,0.133,0.714,0.414,0.111,0.413,0.456,103.4,105.42,87.85,27,0.327,189,201,81,201,230,245,233,254,13,63,96,255,82,248,71,240,242,45,239,36880,2024-25
Lineups,-1631311-1642272-,L. Quinones - J. McCain,1610612755,PHI,4,1,3,0.25,11.0,90.8,92.6,124.2,110.3,-33.4,-17.8,0.222,0.29,6.1,0.333,0.7,0.5,0.259,0.429,0.51,115.9,121.81,101.51,27,0.302,189,142,60,112,233,231,96,207,265,258,265,63,106,72,266,234,203,7,250,33100,2024-25
Lineups,-1630178-1631223-,T. Maxey - D. Roddy,1610612755,PHI,3,0,3,0.0,11.0,97.0,95.5,143.4,152.4,-46.3,-56.9,0.714,2.5,15.2,0.4,0.333,0.37,0.091,0.405,0.444,92.4,90.39,75.33,22,0.271,209,201,60,201,232,220,268,264,23,32,180,22,268,263,40,245,252,261,256,34250,2024-25
Lineups,-1628997-1642348-,C. Martin - J. Edwards,1610612755,PHI,3,2,1,0.667,10.0,75.5,73.9,105.4,95.7,-29.9,-21.7,1.0,5.0,15.6,0.222,0.667,0.4,0.043,0.286,0.347,103.8,110.0,91.66,23,0.303,209,111,6,6,236,259,26,225,1,6,162,227,163,253,16,264,266,21,248,30110,2024-25
Lineups,-1630288-1631223-,J. Dowtin Jr. - D. Roddy,1610612755,PHI,2,0,2,0.0,10.0,98.5,100.0,109.4,100.0,-10.9,0.0,0.556,1.67,15.2,0.438,0.889,0.6,0.143,0.396,0.415,100.6,104.28,86.9,21,0.425,219,201,35,201,238,198,35,62,172,144,180,16,16,10,177,249,259,57,176,29000,2024-25
Lineups,-200768-1642024-,K. Lowry - A. Reese,1610612755,PHI,1,0,1,0.0,10.0,115.6,114.3,141.5,143.5,-25.9,-29.2,0.6,3.0,20.0,0.333,0.625,0.471,0.095,0.553,0.578,102.9,102.69,85.58,21,0.436,242,201,6,201,235,57,266,241,117,22,16,63,236,153,48,61,82,80,163,30850,2024-25
Lineups,-1629022-1630600-,L. Walker IV - I. Mobley,1610612755,PHI,1,0,1,0.0,10.0,110.9,109.1,124.1,128.6,-13.2,-19.5,0.714,0.0,15.6,0.333,0.636,0.462,0.0,0.432,0.487,101.0,100.03,83.36,22,0.393,242,201,6,201,234,113,241,215,23,259,162,63,227,179,1,233,231,149,213,30950,2024-25
Lineups,-1629656-1631223-,Q. Grimes - D. Roddy,1610612755,PHI,3,0,3,0.0,10.0,129.5,130.0,128.0,136.8,1.5,-6.8,0.556,2.5,17.9,0.375,0.556,0.471,0.1,0.656,0.681,97.8,94.39,78.66,20,0.495,209,201,60,201,237,11,259,125,172,32,68,31,263,153,55,8,8,254,68,29750,2024-25
Lineups,-1630658-1642024-,C. Castleton - A. Reese,1610612755,PHI,2,1,1,0.5,9.0,112.7,104.5,113.2,104.5,-0.4,0.0,0.429,0.75,10.7,0.333,0.8,0.579,0.182,0.607,0.625,105.5,114.04,95.03,22,0.514,219,142,6,11,240,156,55,62,239,246,247,63,26,19,251,16,24,17,48,27780,2024-25
Lineups,-1631311-1642348-,L. Quinones - J. Edwards,1610612755,PHI,2,1,1,0.5,9.0,80.6,78.3,85.2,87.5,-4.6,-9.2,0.375,0.43,11.1,0.125,0.778,0.471,0.304,0.533,0.551,125.5,125.57,104.64,23,0.429,219,142,6,11,241,256,13,152,248,256,244,256,31,153,267,101,136,6,170,26950,2024-25
Lineups,-202704-1631250-,R. Jackson - P. Nance,1610612755,PHI,3,1,2,0.333,9.0,98.3,94.7,140.1,138.9,-41.9,-44.2,0.5,0.43,12.5,0.4,0.6,0.533,0.368,0.682,0.731,93.1,95.31,79.43,19,0.193,209,142,35,65,239,222,262,256,213,256,234,22,250,42,269,7,5,246,259,27950,2024-25
Lineups,-203083-1631223-,A. Drummond - D. Roddy,1610612755,PHI,3,0,3,0.0,8.0,132.6,117.6,122.5,117.6,10.1,0.0,0.625,2.5,18.5,0.556,0.875,0.706,0.118,0.533,0.553,90.3,97.72,81.44,17,0.558,209,201,60,201,242,38,174,62,85,32,43,5,18,3,87,101,133,218,27,25050,2024-25
Lineups,-1629643-1630542-,C. Okeke - M. Bagley,1610612755,PHI,1,0,1,0.0,8.0,142.3,140.0,153.8,142.9,-11.6,-2.9,0.5,4.0,18.2,0.375,1.0,0.583,0.067,0.6,0.626,84.7,88.47,73.73,15,0.448,242,201,6,201,244,5,265,94,213,8,50,31,1,16,24,19,22,265,140,23600,2024-25
Lineups,-1630215-1631223-,J. Butler - D. Roddy,1610612755,PHI,2,0,2,0.0,8.0,89.5,85.0,82.4,78.9,7.1,6.1,0.571,4.0,14.8,0.231,0.667,0.44,0.05,0.425,0.425,107.1,112.32,93.6,20,0.484,219,201,35,201,243,247,8,39,152,8,194,220,163,229,19,235,257,18,81,25000,2024-25
Lineups,-1629656-1630600-,Q. Grimes - I. Mobley,1610612755,PHI,1,0,1,0.0,8.0,90.1,84.2,106.6,100.0,-16.5,-15.8,0.4,1.0,8.7,0.182,0.889,0.5,0.105,0.406,0.45,111.4,118.98,99.15,19,0.357,242,201,6,201,244,249,35,199,245,232,260,248,16,72,61,244,247,9,232,23600,2024-25
Lineups,-1631223-1641737-,D. Roddy - A. Bona,1610612755,PHI,2,0,2,0.0,7.0,158.9,166.7,76.1,70.6,82.8,96.1,0.417,5.0,18.5,0.571,1.0,0.769,0.056,0.737,0.755,113.0,114.16,95.13,18,0.85,219,201,35,201,247,1,6,2,244,6,43,4,1,2,20,3,2,16,3,22075,2024-25
Lineups,-1627824-1631250-,G. Yabusele - P. Nance,1610612755,PHI,1,0,1,0.0,7.0,102.0,92.3,108.7,107.7,-6.7,-15.4,0.667,0.67,10.0,0.625,0.75,0.667,0.231,0.364,0.47,80.5,84.9,70.75,13,0.41,242,201,6,201,248,232,71,197,44,248,254,2,38,4,263,256,236,269,196,22050,2024-25
Lineups,-1629656-1630762-,Q. Grimes - P. Wheeler,1610612755,PHI,2,0,2,0.0,7.0,99.5,100.0,100.9,100.0,-1.4,0.0,0.667,2.0,10.5,0.2,0.667,0.375,0.067,0.308,0.466,94.3,94.48,78.73,15,0.422,219,201,35,201,246,198,35,62,44,63,249,237,163,262,24,262,238,252,179,22100,2024-25
Lineups,-1629643-1641737-,C. Okeke - A. Bona,1610612755,PHI,2,0,2,0.0,6.0,155.3,133.3,110.3,92.3,45.0,41.0,0.625,2.5,21.7,0.5,0.8,0.636,0.133,0.731,0.72,90.0,106.11,88.42,15,0.606,219,201,35,201,250,8,20,9,85,32,8,7,26,7,148,4,6,39,15,19000,2024-25
Lineups,-203954-1629022-,J. Embiid - L. Walker IV,1610612755,PHI,1,0,1,0.0,6.0,93.5,84.6,145.5,123.1,-51.9,-38.5,0.667,2.0,11.8,0.25,0.5,0.333,0.077,0.318,0.431,87.2,99.57,82.98,13,0.3,242,201,6,201,251,248,218,252,44,63,239,197,265,264,32,261,256,165,251,18800,2024-25
Lineups,-1629022-1629643-,L. Walker IV - C. Okeke,1610612755,PHI,1,0,1,0.0,6.0,73.3,71.4,123.5,121.4,-50.2,-50.0,1.0,1.0,17.6,0.0,0.5,0.222,0.214,0.375,0.47,113.1,115.53,96.28,14,0.295,242,201,6,201,252,262,203,260,1,232,74,260,265,268,259,253,237,12,252,17450,2024-25
Lineups,-1629022-1629052-,L. Walker IV - O. Brissett,1610612755,PHI,1,0,1,0.0,6.0,47.7,50.0,94.9,93.3,-47.1,-43.3,1.0,0.5,15.0,0.167,0.667,0.417,0.375,0.333,0.372,116.7,114.76,95.63,16,0.167,242,201,6,201,249,267,22,255,1,253,187,249,163,246,270,260,264,14,260,19450,2024-25
Lineups,-1630215-1630600-,J. Butler - I. Mobley,1610612755,PHI,1,0,1,0.0,5.0,65.1,58.3,103.4,91.7,-38.3,-33.3,1.0,1.0,7.7,0.0,0.75,0.273,0.083,0.188,0.359,114.1,128.0,106.67,12,0.087,242,201,6,201,257,265,17,244,1,232,262,260,38,267,35,268,265,4,264,13500,2024-25
Lineups,-1630288-1631311-,J. Dowtin Jr. - L. Quinones,1610612755,PHI,2,0,2,0.0,5.0,154.6,163.6,111.3,91.7,43.3,72.0,0.333,2.0,11.8,0.667,0.667,0.667,0.091,0.5,0.615,104.3,111.52,92.93,11,0.814,219,201,35,201,254,3,17,4,254,63,239,1,163,4,40,161,29,19,4,14850,2024-25
Lineups,-203954-1631223-,J. Embiid - D. Roddy,1610612755,PHI,2,0,2,0.0,5.0,62.5,55.6,137.5,137.5,-75.0,-81.9,1.0,0.0,14.3,0.333,0.333,0.333,0.0,0.227,0.227,81.1,86.2,71.83,9,0.143,219,201,35,201,255,266,260,270,1,259,207,63,268,264,1,266,269,268,262,14200,2024-25
Lineups,-1626162-1642024-,K. Oubre Jr. - A. Reese,1610612755,PHI,1,0,1,0.0,5.0,150.0,133.3,77.8,70.0,72.2,63.3,0.4,0.0,18.2,0.0,0.222,0.154,0.0,0.75,0.75,86.4,96.54,80.45,9,0.814,242,201,6,201,256,8,5,6,245,259,50,260,270,270,1,1,3,235,4,14170,2024-25
Lineups,-1626162-1631311-,K. Oubre Jr. - L. Quinones,1610612755,PHI,1,0,1,0.0,5.0,73.1,75.0,115.4,125.0,-42.3,-50.0,0.25,0.5,7.1,0.167,0.75,0.4,0.167,0.4,0.398,111.2,105.37,87.8,12,0.158,242,201,6,201,253,258,228,260,264,253,263,249,38,253,232,248,261,46,261,16400,2024-25
Lineups,-203083-1641737-,A. Drummond - A. Bona,1610612755,PHI,2,0,2,0.0,4.0,128.6,112.5,171.4,150.0,-42.9,-37.5,0.5,2.0,18.2,0.333,1.0,0.6,0.125,0.643,0.643,84.2,96.2,80.17,8,0.415,219,201,35,201,259,73,267,249,213,63,50,63,1,10,110,9,13,238,191,11975,2024-25
Lineups,-1630288-1630762-,J. Dowtin Jr. - P. Wheeler,1610612755,PHI,1,0,1,0.0,4.0,116.0,112.5,0.0,0.0,116.0,112.5,1.0,0.0,18.2,0.2,0.833,0.545,0.0,0.357,0.514,88.9,90.38,75.31,8,1.769,242,201,6,201,260,73,1,1,1,259,50,237,21,36,1,258,200,262,2,11950,2024-25
Lineups,-202331-1631223-,P. George - D. Roddy,1610612755,PHI,2,0,2,0.0,4.0,112.5,128.6,185.7,185.7,-73.2,-57.1,0.75,3.0,23.1,0.6,0.5,0.571,0.143,0.5,0.5,87.1,81.29,67.74,7,0.314,219,201,35,201,258,12,271,265,13,22,5,3,265,23,177,161,218,270,243,12400,2024-25
Lineups,-1642272-1642348-,J. McCain - J. Edwards,1610612755,PHI,1,1,0,1.0,3.0,44.4,44.4,112.6,111.1,-68.2,-66.7,0.0,0.0,0.0,0.0,0.667,0.4,0.556,0.5,0.5,140.7,141.64,118.03,9,-0.13,242,142,1,1,264,268,102,267,266,259,266,260,163,253,271,161,218,3,269,9150,2024-25
Lineups,-200768-1630288-,K. Lowry - J. Dowtin Jr.,1610612755,PHI,1,1,0,1.0,3.0,104.2,100.0,104.2,100.0,0.0,0.0,0.5,1.0,12.5,0.333,1.0,0.6,0.167,0.5,0.521,86.0,89.53,74.61,6,0.455,242,142,1,1,262,198,35,62,213,232,234,63,1,10,232,161,193,263,130,9650,2024-25
Lineups,-1630231-1631311-,K. Martin - L. Quinones,1610612755,PHI,1,0,1,0.0,3.0,43.6,42.9,157.1,137.5,-113.5,-94.6,0.0,0.0,0.0,0.0,1.0,0.2,0.143,0.2,0.255,109.8,118.68,98.9,7,-0.3,242,201,6,201,265,269,260,271,266,259,266,260,1,269,177,267,268,11,270,9100,2024-25
Lineups,-1626162-1631223-,K. Oubre Jr. - D. Roddy,1610612755,PHI,1,0,1,0.0,3.0,155.3,166.7,83.3,83.3,71.9,83.3,0.5,0.0,25.0,0.0,1.0,0.6,0.0,0.75,0.776,92.3,89.07,74.23,6,0.8,242,201,6,201,261,1,11,3,213,259,2,260,1,10,1,1,1,264,6,9700,2024-25
Lineups,-202704-1631311-,R. Jackson - L. Quinones,1610612755,PHI,1,0,1,0.0,3.0,101.5,80.0,79.9,77.8,21.6,2.2,0.667,2.0,16.7,0.0,1.0,0.333,0.1,0.5,0.581,129.5,147.89,123.24,10,0.727,242,201,6,201,263,255,7,53,44,63,117,260,1,264,55,161,75,2,8,9250,2024-25
Lineups,-203083-1642024-,A. Drummond - A. Reese,1610612755,PHI,1,0,1,0.0,2.0,100.0,100.0,90.4,100.0,9.6,0.0,1.0,0.0,16.7,0.5,1.0,0.6,0.0,0.3,0.3,80.5,76.46,63.72,3,0.0,242,201,6,201,267,198,35,62,1,259,117,7,1,10,1,263,267,271,266,5650,2024-25
Lineups,-1630600-1641737-,I. Mobley - A. Bona,1610612755,PHI,1,0,1,0.0,2.0,102.5,83.3,168.1,160.0,-65.6,-76.7,1.0,1.0,14.3,0.0,0.0,0.0,0.167,0.5,0.644,111.9,127.74,106.45,6,0.105,242,201,6,201,266,251,270,269,1,232,207,260,271,271,232,161,11,5,263,6200,2024-25
Lineups,-203954-1641737-,J. Embiid - A. Bona,1610612755,PHI,1,1,0,1.0,2.0,0.0,0.0,66.7,66.7,-66.7,-66.7,0.0,0.0,0.0,0.0,1.0,0.5,0.0,0.0,0.0,79.1,94.95,79.12,3,-0.333,242,142,1,1,268,270,4,267,266,259,266,260,1,72,1,269,270,248,271,4550,2024-25
Lineups,-203083-203954-,A. Drummond - J. Embiid,1610612755,PHI,1,1,0,1.0,1.0,66.7,66.7,106.4,100.0,-39.7,-33.3,0.0,0.0,0.0,0.0,1.0,0.5,0.333,0.5,0.5,145.3,150.45,125.37,3,0.0,242,142,1,1,269,263,35,244,266,259,266,260,1,72,268,161,218,1,266,3350,2024-25
Lineups,-1630658-1630762-,C. Castleton - P. Wheeler,1610612755,PHI,1,0,1,0.0,1.0,106.4,66.7,0.0,0.0,106.4,66.7,0.0,0.0,0.0,0.0,0.667,0.5,0.0,0.0,0.532,86.0,110.77,92.31,3,3.5,242,201,6,201,270,263,1,5,266,259,266,260,163,72,1,269,179,20,1,3250,2024-25
Lineups,-1630178-1631311-,T. Maxey - L. Quinones,1610612755,PHI,1,1,0,1.0,0.0,0.0,0.0,0.0,0.0,0.0,0.0,0.0,0.0,0.0,0.0,1.0,1.0,0.0,0.0,0.0,57.6,115.2,96.0,1,0.0,242,142,1,1,271,270,1,62,266,259,266,260,1,1,1,269,270,13,266,1250,2024-25
Lineups,-1630178-1642845-,T. Maxey - V. Edgecombe,1610612755,PHI,64,36,28,0.563,1698.0,114.3,115.3,111.4,113.3,2.8,2.0,0.584,1.96,17.3,0.309,0.668,0.484,0.124,0.529,0.571,101.1,99.75,83.13,3546,0.502,3,5,190,82,1,57,113,65,114,54,78,92,110,110,67,92,92,172,74,5092925,2025-26
Lineups,-1626162-1630178-,K. Oubre Jr. - T. Maxey,1610612755,PHI,48,26,22,0.542,1321.0,114.2,115.1,112.2,114.4,2.0,0.7,0.58,1.86,17.3,0.286,0.662,0.478,0.128,0.537,0.582,101.9,100.57,83.81,2772,0.504,17,19,177,98,2,58,118,77,121,62,80,118,123,127,75,74,70,156,70,3962510,2025-26
Lineups,-1629656-1630178-,Q. Grimes - T. Maxey,1610612755,PHI,64,35,29,0.547,1289.0,110.7,111.4,107.7,108.2,3.0,3.2,0.582,1.72,16.5,0.322,0.672,0.496,0.133,0.516,0.562,102.5,101.93,84.94,2747,0.513,3,7,192,95,3,92,58,57,117,82,108,77,104,90,92,114,105,134,61,3868005,2025-26
Lineups,-1629656-1642845-,Q. Grimes - V. Edgecombe,1610612755,PHI,69,40,29,0.58,1240.0,113.1,112.9,110.2,111.5,2.9,1.4,0.592,1.8,17.0,0.325,0.676,0.501,0.133,0.53,0.573,102.5,101.97,84.97,2645,0.51,1,1,192,66,4,79,91,69,100,72,94,74,94,71,91,90,83,132,63,3718990,2025-26
Lineups,-1630178-1631230-,T. Maxey - D. Barlow,1610612755,PHI,59,33,26,0.559,1192.0,112.6,113.3,111.2,112.1,1.4,1.2,0.585,1.89,17.6,0.282,0.685,0.479,0.129,0.532,0.571,101.8,101.05,84.21,2508,0.5,9,9,184,86,5,73,101,71,112,59,60,122,79,122,79,85,89,147,76,3577445,2025-26
Lineups,-1631230-1642845-,D. Barlow - V. Edgecombe,1610612755,PHI,65,38,27,0.585,1189.0,114.0,113.8,109.3,110.5,4.7,3.3,0.587,1.95,17.5,0.297,0.698,0.493,0.125,0.531,0.571,102.2,101.77,84.81,2523,0.511,2,2,188,63,6,68,82,56,109,55,65,103,62,98,71,88,90,136,62,3567915,2025-26
Lineups,-1626162-1642845-,K. Oubre Jr. - V. Edgecombe,1610612755,PHI,48,27,21,0.563,1134.0,115.0,115.7,115.6,117.8,-0.6,-2.0,0.586,1.85,17.5,0.298,0.654,0.478,0.131,0.542,0.585,101.5,100.23,83.52,2369,0.49,17,16,168,82,7,55,147,99,111,65,66,102,133,128,86,69,65,162,92,3401515,2025-26
Lineups,-203954-1642845-,J. Embiid - V. Edgecombe,1610612755,PHI,37,24,13,0.649,963.0,116.8,116.7,112.6,114.1,4.2,2.5,0.63,2.2,19.0,0.257,0.681,0.477,0.12,0.557,0.599,101.1,100.51,83.76,2024,0.518,34,23,142,30,8,48,117,61,55,32,30,146,86,130,62,55,45,158,56,2888970,2025-26
Lineups,-203954-1630178-,J. Embiid - T. Maxey,1610612755,PHI,35,22,13,0.629,961.0,119.2,119.7,111.4,112.5,7.8,7.2,0.624,2.24,19.0,0.277,0.682,0.483,0.119,0.562,0.606,101.3,100.57,83.81,2019,0.535,36,28,142,34,9,23,105,39,65,29,28,128,83,115,59,44,39,157,42,2884395,2025-26
Lineups,-1629656-1641737-,Q. Grimes - A. Bona,1610612755,PHI,64,38,26,0.594,869.0,113.8,113.7,111.7,112.9,2.1,0.9,0.567,1.74,16.7,0.309,0.65,0.481,0.132,0.538,0.582,102.5,102.0,85.0,1841,0.502,3,2,184,54,10,69,108,73,137,79,101,91,138,117,88,72,68,130,72,2606900,2025-26
Lineups,-202331-1630178-,P. George - T. Maxey,1610612755,PHI,34,20,14,0.588,844.0,112.5,113.0,111.4,111.3,1.1,1.7,0.595,2.12,17.4,0.293,0.677,0.478,0.114,0.515,0.56,101.0,100.82,84.02,1775,0.498,40,36,149,58,11,77,88,67,97,35,70,110,93,125,51,117,110,152,81,2531615,2025-26
Lineups,-203083-1630178-,A. Drummond - T. Maxey,1610612755,PHI,51,26,25,0.51,839.0,109.4,109.6,112.5,112.9,-3.1,-3.3,0.568,1.89,16.1,0.342,0.687,0.502,0.12,0.489,0.53,100.5,100.15,83.46,1753,0.468,13,19,182,113,12,105,111,103,135,58,121,50,75,68,63,140,141,164,117,2517045,2025-26
Lineups,-202331-1642845-,P. George - V. Edgecombe,1610612755,PHI,34,21,13,0.618,836.0,113.8,114.3,109.6,111.2,4.2,3.1,0.609,2.17,18.2,0.275,0.673,0.475,0.117,0.537,0.573,100.1,99.17,82.64,1726,0.51,40,34,142,38,13,63,87,59,76,34,41,132,100,135,56,73,84,174,64,2506890,2025-26
Lineups,-1629656-1631230-,Q. Grimes - D. Barlow,1610612755,PHI,64,36,28,0.563,831.0,110.5,110.2,108.3,109.4,2.2,0.8,0.586,1.71,17.1,0.296,0.704,0.501,0.138,0.527,0.568,103.4,103.03,85.86,1786,0.505,3,5,190,82,14,102,69,75,110,83,93,104,55,70,108,96,96,110,68,2493400,2025-26
Lineups,-203083-1642845-,A. Drummond - V. Edgecombe,1610612755,PHI,54,29,25,0.537,812.0,112.5,112.5,111.0,112.3,1.5,0.1,0.574,1.85,16.8,0.358,0.685,0.514,0.13,0.516,0.549,100.5,99.89,83.24,1692,0.49,11,12,182,103,15,84,102,85,130,63,97,37,77,47,81,116,120,170,91,2436245,2025-26
Lineups,-1630178-1641737-,T. Maxey - A. Bona,1610612755,PHI,62,35,27,0.565,766.0,112.4,113.1,108.6,109.9,3.8,3.2,0.528,1.53,15.5,0.312,0.643,0.483,0.138,0.53,0.578,103.4,102.46,85.38,1631,0.508,8,7,188,81,16,76,74,58,157,117,143,86,143,113,110,89,73,119,66,2297850,2025-26
Lineups,-1641737-1642845-,A. Bona - V. Edgecombe,1610612755,PHI,64,38,26,0.594,733.0,113.0,113.1,111.1,111.9,1.9,1.2,0.546,1.63,15.9,0.316,0.672,0.491,0.134,0.529,0.574,103.4,102.97,85.81,1564,0.491,3,2,184,54,17,75,97,70,153,100,128,83,103,102,96,93,82,111,89,2197585,2025-26
Lineups,-1626162-1629656-,K. Oubre Jr. - Q. Grimes,1610612755,PHI,46,25,21,0.543,707.0,112.7,112.2,111.5,113.1,1.2,-0.9,0.582,1.7,16.8,0.303,0.662,0.492,0.135,0.534,0.58,103.1,102.57,85.47,1507,0.503,21,22,168,96,18,85,112,94,116,86,99,99,124,100,101,81,71,115,71,2121335,2025-26
Lineups,-203083-1629656-,A. Drummond - Q. Grimes,1610612755,PHI,56,30,26,0.536,646.0,105.5,105.7,110.2,110.1,-4.7,-4.4,0.574,1.58,16.0,0.336,0.713,0.522,0.142,0.491,0.534,101.4,101.35,84.46,1367,0.479,10,11,184,104,19,128,78,109,128,112,127,55,50,40,119,138,137,141,103,1938640,2025-26
Lineups,-203954-1631230-,J. Embiid - D. Barlow,1610612755,PHI,33,22,11,0.667,604.0,117.9,117.5,109.8,110.9,8.0,6.6,0.633,2.3,19.2,0.256,0.682,0.479,0.116,0.555,0.597,101.2,100.86,84.05,1266,0.538,43,28,136,17,20,35,85,41,51,25,24,148,85,123,54,57,49,150,40,1812520,2025-26
Lineups,-202331-203954-,P. George - J. Embiid,1610612755,PHI,24,13,11,0.542,558.0,116.3,116.4,110.4,111.1,5.8,5.3,0.628,2.21,18.6,0.272,0.66,0.471,0.117,0.542,0.59,100.8,100.44,83.7,1165,0.527,62,59,136,98,21,49,86,47,58,31,35,137,128,140,55,67,59,160,47,1673755,2025-26
Lineups,-203954-1626162-,J. Embiid - K. Oubre Jr.,1610612755,PHI,26,18,8,0.692,541.0,124.1,123.6,115.9,117.5,8.2,6.1,0.636,2.61,20.1,0.245,0.681,0.476,0.107,0.593,0.635,100.4,99.88,83.24,1131,0.543,56,44,121,16,23,17,144,42,50,15,19,157,88,131,39,28,23,171,34,1621890,2025-26
Lineups,-1626162-1631230-,K. Oubre Jr. - D. Barlow,1610612755,PHI,35,19,16,0.543,541.0,111.8,112.1,112.8,114.8,-1.0,-2.7,0.579,1.78,16.9,0.278,0.671,0.472,0.13,0.527,0.571,101.7,100.63,83.86,1136,0.492,36,41,157,97,22,86,121,101,122,74,96,123,106,139,82,97,91,155,87,1624120,2025-26
Lineups,-203954-1629656-,J. Embiid - Q. Grimes,1610612755,PHI,35,22,13,0.629,526.0,117.8,116.3,109.4,110.4,8.4,5.9,0.631,2.04,18.2,0.283,0.673,0.485,0.123,0.553,0.6,102.8,103.03,85.86,1134,0.534,36,28,142,34,24,50,81,44,53,45,44,120,99,108,65,60,44,109,43,1577200,2025-26
Lineups,-1629656-1642348-,Q. Grimes - J. Edwards,1610612755,PHI,50,29,21,0.58,525.0,112.1,109.8,116.2,115.8,-4.1,-6.0,0.594,1.75,17.1,0.275,0.687,0.474,0.133,0.54,0.584,102.4,103.72,86.43,1138,0.473,14,12,168,65,25,104,134,119,99,77,92,131,76,136,90,71,66,87,112,1574390,2025-26
Lineups,-1629656-1630570-,Q. Grimes - T. Watford,1610612755,PHI,44,23,21,0.523,522.0,108.2,107.0,112.2,112.8,-3.9,-5.8,0.614,1.55,16.8,0.335,0.668,0.504,0.151,0.516,0.56,101.9,102.2,85.16,1119,0.488,23,26,168,108,26,117,107,116,72,115,100,56,109,64,136,115,109,127,97,1566170,2025-26
Lineups,-203083-1626162-,A. Drummond - K. Oubre Jr.,1610612755,PHI,34,16,18,0.471,508.0,113.0,112.8,114.8,116.4,-1.8,-3.7,0.54,1.66,16.0,0.341,0.675,0.507,0.134,0.523,0.562,101.4,100.79,83.99,1066,0.477,40,51,162,145,27,82,140,105,155,98,123,51,97,58,94,104,104,154,107,1523070,2025-26
Lineups,-1642348-1642845-,J. Edwards - V. Edgecombe,1610612755,PHI,49,28,21,0.571,489.0,115.4,114.2,112.3,111.8,3.1,2.3,0.591,1.73,17.3,0.32,0.708,0.511,0.14,0.557,0.595,104.5,105.32,87.77,1073,0.505,15,15,168,72,28,65,96,63,103,81,75,78,52,51,113,56,54,59,67,1466350,2025-26
Lineups,-202331-1629656-,P. George - Q. Grimes,1610612755,PHI,33,19,14,0.576,484.0,112.0,110.7,107.2,108.0,4.8,2.7,0.599,2.02,17.2,0.305,0.682,0.493,0.118,0.521,0.561,102.0,102.27,85.23,1038,0.522,43,41,149,69,29,99,57,60,94,47,87,95,84,97,57,107,107,123,51,1451660,2025-26
Lineups,-1626162-1641737-,K. Oubre Jr. - A. Bona,1610612755,PHI,48,26,22,0.542,472.0,105.1,103.6,111.7,112.5,-6.6,-8.8,0.54,1.36,14.8,0.277,0.641,0.462,0.146,0.497,0.548,103.6,103.98,86.65,1015,0.446,17,19,177,98,30,134,103,129,154,133,155,127,147,152,127,136,124,80,131,1414635,2025-26
Lineups,-202331-1631230-,P. George - D. Barlow,1610612755,PHI,35,21,14,0.6,460.0,117.4,117.4,110.5,111.4,6.9,5.9,0.626,2.25,19.0,0.287,0.672,0.48,0.119,0.546,0.588,100.5,100.11,83.42,956,0.521,36,34,149,43,31,39,89,43,60,28,31,117,105,120,61,64,62,165,52,1378750,2025-26
Lineups,-203083-1631230-,A. Drummond - D. Barlow,1610612755,PHI,40,18,22,0.45,448.0,103.4,102.9,111.9,112.1,-8.5,-9.1,0.558,1.63,15.7,0.305,0.734,0.497,0.134,0.484,0.515,102.1,102.3,85.25,957,0.436,28,44,177,149,32,137,100,130,143,102,138,96,34,89,93,143,151,122,137,1344960,2025-26
Lineups,-1629656-1631133-,Q. Grimes - J. Walker,1610612755,PHI,53,31,22,0.585,435.0,113.8,114.8,112.8,112.9,1.1,2.0,0.562,1.67,16.2,0.366,0.683,0.518,0.136,0.529,0.577,103.4,102.93,85.78,931,0.5,12,10,177,62,33,59,110,66,140,95,116,32,81,45,104,91,75,112,77,1303840,2025-26
Lineups,-1630178-1631133-,T. Maxey - J. Walker,1610612755,PHI,49,27,22,0.551,430.0,115.7,117.0,113.0,113.3,2.7,3.7,0.523,1.61,15.5,0.389,0.665,0.519,0.136,0.531,0.575,102.9,102.22,85.18,916,0.497,15,16,177,93,34,43,113,55,160,106,145,23,117,44,105,86,80,124,84,1289695,2025-26
Lineups,-1630178-1642348-,T. Maxey - J. Edwards,1610612755,PHI,43,24,19,0.558,429.0,111.6,109.6,117.6,117.1,-6.0,-7.5,0.608,1.69,17.0,0.308,0.661,0.477,0.139,0.533,0.578,102.9,104.01,86.67,936,0.457,24,23,164,87,35,106,142,124,78,90,95,93,127,129,112,83,74,79,125,1288275,2025-26
Lineups,-1631230-1641737-,D. Barlow - A. Bona,1610612755,PHI,48,29,19,0.604,427.0,115.5,114.7,109.1,109.5,6.5,5.2,0.557,1.76,17.2,0.295,0.675,0.49,0.134,0.554,0.594,102.2,102.36,85.3,909,0.52,17,12,164,42,36,60,70,48,144,76,82,106,96,104,95,58,57,120,53,1280915,2025-26
Lineups,-1630570-1642845-,T. Watford - V. Edgecombe,1610612755,PHI,41,20,21,0.488,424.0,107.8,106.8,118.5,118.3,-10.7,-11.5,0.602,1.53,16.4,0.357,0.701,0.523,0.15,0.504,0.551,102.7,103.28,86.07,911,0.444,26,36,168,141,37,119,151,137,82,116,111,40,57,38,133,126,119,102,132,1272235,2025-26
Lineups,-1630178-1630570-,T. Maxey - T. Watford,1610612755,PHI,38,17,21,0.447,403.0,112.7,111.6,114.4,115.5,-1.8,-3.9,0.621,1.7,17.4,0.336,0.644,0.495,0.144,0.533,0.579,103.1,103.12,85.93,868,0.49,33,47,168,151,38,89,129,107,68,85,68,54,142,91,124,82,72,106,94,1207965,2025-26
Lineups,-203083-1642348-,A. Drummond - J. Edwards,1610612755,PHI,43,22,21,0.512,377.0,115.9,114.4,112.3,110.6,3.6,3.7,0.603,2.0,17.6,0.351,0.708,0.52,0.126,0.535,0.573,100.6,102.08,85.07,801,0.505,24,28,168,112,39,62,83,54,81,48,61,42,53,43,73,79,85,128,69,1129920,2025-26
Lineups,-1631133-1642845-,J. Walker - V. Edgecombe,1610612755,PHI,46,27,19,0.587,364.0,114.9,115.5,115.1,115.6,-0.2,-0.1,0.567,1.69,16.7,0.374,0.662,0.513,0.141,0.536,0.576,101.4,100.91,84.09,767,0.489,21,16,164,61,40,56,130,89,136,92,102,29,125,49,116,75,76,149,96,1090995,2025-26
Lineups,-1631230-1642348-,D. Barlow - J. Edwards,1610612755,PHI,39,20,19,0.513,351.0,115.7,111.6,111.0,109.4,4.8,2.3,0.611,1.99,18.2,0.286,0.739,0.51,0.127,0.558,0.594,101.6,104.26,86.88,766,0.519,32,36,164,111,41,90,68,64,75,53,42,119,29,53,74,51,58,74,55,1053135,2025-26
Lineups,-1629656-1642272-,Q. Grimes - J. McCain,1610612755,PHI,30,17,13,0.567,342.0,113.8,113.5,115.3,112.7,-1.5,0.8,0.584,1.81,17.2,0.311,0.685,0.495,0.132,0.548,0.587,102.7,104.03,86.69,742,0.492,48,47,142,79,42,71,106,74,113,70,84,89,78,92,89,63,63,78,88,1026430,2025-26
Lineups,-1630178-1642272-,T. Maxey - J. McCain,1610612755,PHI,33,19,14,0.576,332.0,117.2,118.4,109.0,106.8,8.2,11.5,0.548,1.85,16.5,0.326,0.663,0.499,0.124,0.549,0.598,103.3,103.83,86.53,719,0.553,43,41,149,69,43,31,52,27,152,64,107,73,122,85,66,62,46,84,27,995060,2025-26
Lineups,-1641737-1642348-,A. Bona - J. Edwards,1610612755,PHI,40,24,16,0.6,314.0,114.1,112.9,117.8,117.9,-3.7,-5.1,0.574,1.57,16.8,0.291,0.677,0.483,0.144,0.557,0.604,105.8,106.27,88.56,699,0.49,28,23,157,43,44,80,149,112,129,113,98,112,92,111,125,53,40,44,93,941715,2025-26
Lineups,-202331-1626162-,P. George - K. Oubre Jr.,1610612755,PHI,18,11,7,0.611,312.0,115.2,114.4,115.8,116.4,-0.6,-1.9,0.58,1.94,17.9,0.261,0.655,0.469,0.126,0.558,0.597,99.9,100.04,83.37,651,0.499,70,68,114,39,45,61,139,98,120,56,51,144,131,143,72,50,50,168,80,934915,2025-26
Lineups,-202331-203083-,P. George - A. Drummond,1610612755,PHI,27,16,11,0.593,308.0,109.5,108.7,108.2,108.2,1.2,0.5,0.556,2.04,15.8,0.333,0.689,0.498,0.109,0.487,0.523,99.8,100.1,83.42,641,0.485,55,51,136,56,46,110,59,80,145,44,132,57,71,87,42,141,146,166,100,924235,2025-26
Lineups,-203083-1630570-,A. Drummond - T. Watford,1610612755,PHI,29,13,16,0.448,290.0,109.6,108.4,116.1,115.0,-6.5,-6.6,0.622,1.7,17.6,0.32,0.692,0.51,0.145,0.519,0.564,102.3,103.34,86.11,621,0.476,49,59,157,150,47,111,124,122,67,87,62,79,64,54,126,113,101,99,109,868860,2025-26
Lineups,-1630570-1641737-,T. Watford - A. Bona,1610612755,PHI,41,20,21,0.488,272.0,104.0,102.0,116.3,114.9,-12.3,-12.8,0.577,1.41,15.6,0.319,0.665,0.488,0.152,0.497,0.54,102.1,103.72,86.43,592,0.44,26,36,168,141,48,141,122,141,125,128,141,81,116,106,137,137,134,88,133,817075,2025-26
Lineups,-202331-1641737-,P. George - A. Bona,1610612755,PHI,29,18,11,0.621,265.0,119.2,118.4,111.5,112.5,7.7,5.9,0.592,2.3,18.4,0.265,0.692,0.483,0.11,0.574,0.609,103.5,103.41,86.17,572,0.523,49,44,136,37,49,32,104,45,102,24,38,141,66,114,45,37,36,97,50,794430,2025-26
Lineups,-1626162-1630570-,K. Oubre Jr. - T. Watford,1610612755,PHI,31,15,16,0.484,264.0,115.4,112.1,123.2,124.7,-7.8,-12.6,0.613,1.7,17.2,0.331,0.663,0.502,0.141,0.534,0.586,102.6,103.45,86.21,569,0.456,46,54,157,143,51,87,166,140,73,87,88,71,121,69,115,80,64,96,126,790640,2025-26
Lineups,-1630570-1642348-,T. Watford - J. Edwards,1610612755,PHI,40,22,18,0.55,264.0,106.1,103.9,116.0,114.6,-9.9,-10.7,0.573,1.3,16.0,0.268,0.691,0.485,0.163,0.536,0.588,106.2,107.93,89.94,595,0.459,28,28,162,94,50,133,119,134,131,140,124,139,67,109,149,77,61,32,124,791205,2025-26
Lineups,-1631133-1641737-,J. Walker - A. Bona,1610612755,PHI,40,23,17,0.575,253.0,112.5,113.1,110.1,109.1,2.4,4.0,0.521,1.53,15.2,0.344,0.664,0.504,0.137,0.525,0.572,103.6,103.77,86.48,541,0.5,28,26,161,71,52,74,64,52,161,118,149,49,118,65,107,100,87,85,78,757660,2025-26
Lineups,-1641737-1642272-,A. Bona - J. McCain,1610612755,PHI,26,17,9,0.654,248.0,120.4,119.4,109.5,109.1,10.9,10.3,0.592,2.21,18.0,0.333,0.678,0.506,0.115,0.568,0.607,101.9,102.55,85.46,531,0.547,56,47,128,28,53,24,63,29,101,30,48,57,90,59,52,41,38,116,32,744940,2025-26
Lineups,-1642272-1642845-,J. McCain - V. Edgecombe,1610612755,PHI,31,20,11,0.645,242.0,108.7,107.7,108.2,107.3,0.6,0.5,0.559,1.63,16.1,0.303,0.716,0.503,0.135,0.525,0.557,102.2,103.14,85.95,517,0.482,46,36,136,32,54,114,53,81,142,100,120,98,44,67,102,101,113,104,101,725985,2025-26
Lineups,-1626166-1629656-,C. Payne - Q. Grimes,1610612755,PHI,21,12,9,0.571,218.0,101.8,102.5,115.6,116.2,-13.8,-13.6,0.588,1.46,16.3,0.274,0.664,0.473,0.151,0.498,0.54,104.3,103.7,86.42,471,0.44,66,66,128,72,55,138,138,142,108,125,114,133,119,138,134,135,133,89,134,653325,2025-26
Lineups,-202331-1642272-,P. George - J. McCain,1610612755,PHI,22,13,9,0.591,208.0,117.5,117.2,103.4,102.7,14.1,14.5,0.59,2.41,17.6,0.29,0.689,0.495,0.101,0.542,0.584,103.8,104.32,86.93,454,0.572,65,59,128,57,56,40,33,22,106,22,63,115,72,93,36,66,67,72,24,624625,2025-26
Lineups,-1631230-1642272-,D. Barlow - J. McCain,1610612755,PHI,26,17,9,0.654,195.0,118.4,113.8,112.2,111.5,6.1,2.3,0.556,1.8,17.3,0.247,0.663,0.467,0.129,0.571,0.614,102.6,104.91,87.42,426,0.518,56,47,128,28,57,67,90,62,146,71,76,156,120,147,78,40,34,62,57,584750,2025-26
Lineups,-1631133-1642272-,J. Walker - J. McCain,1610612755,PHI,26,13,13,0.5,195.0,111.8,111.0,106.0,103.1,5.8,8.0,0.56,1.45,15.7,0.385,0.724,0.549,0.153,0.524,0.573,102.8,104.57,87.14,426,0.541,56,59,142,114,58,97,35,37,141,127,137,24,37,26,139,102,86,69,37,583875,2025-26
Lineups,-1631133-1642348-,J. Walker - J. Edwards,1610612755,PHI,36,22,14,0.611,190.0,107.8,106.0,115.8,114.6,-7.9,-8.6,0.651,1.48,17.1,0.317,0.669,0.482,0.161,0.523,0.571,102.9,104.32,86.93,417,0.448,35,28,149,39,60,126,120,127,43,124,90,82,108,116,147,103,88,73,128,570790,2025-26
Lineups,-1626162-1631133-,K. Oubre Jr. - J. Walker,1610612755,PHI,29,14,15,0.483,190.0,111.0,112.8,112.2,112.0,-1.2,0.8,0.488,1.33,14.5,0.325,0.69,0.505,0.148,0.528,0.569,104.2,103.45,86.21,406,0.473,49,57,155,144,59,81,99,76,173,134,161,75,69,61,131,94,94,95,113,571380,2025-26
Lineups,-1626166-1630570-,C. Payne - T. Watford,1610612755,PHI,19,11,8,0.579,188.0,101.5,99.5,108.7,106.5,-7.1,-7.0,0.607,1.39,17.2,0.294,0.752,0.524,0.169,0.52,0.548,104.6,106.71,88.92,419,0.477,68,68,121,67,61,146,49,123,79,131,85,108,23,36,155,110,125,38,106,563420,2025-26
Lineups,-1642272-1642348-,J. McCain - J. Edwards,1610612755,PHI,25,15,10,0.6,174.0,122.2,118.6,121.3,119.4,0.9,-0.8,0.6,2.11,17.4,0.309,0.633,0.464,0.113,0.574,0.623,104.3,106.68,88.9,388,0.498,60,54,134,43,62,28,156,92,83,36,74,90,152,149,49,38,29,39,82,523040,2025-26
Lineups,-203083-1631133-,A. Drummond - J. Walker,1610612755,PHI,29,15,14,0.517,172.0,117.0,117.4,117.1,116.9,-0.1,0.5,0.582,1.82,16.2,0.464,0.641,0.543,0.135,0.504,0.546,100.3,100.19,83.49,362,0.502,49,54,149,110,63,37,141,79,118,69,115,16,146,30,99,125,127,163,73,515995,2025-26
Lineups,-203083-1642272-,A. Drummond - J. McCain,1610612755,PHI,25,13,12,0.52,165.0,107.8,106.2,116.2,113.8,-8.3,-7.5,0.591,1.7,15.7,0.337,0.716,0.507,0.13,0.484,0.534,101.5,103.28,86.07,354,0.461,60,59,141,109,65,124,115,125,104,89,136,53,43,57,80,142,136,101,123,494945,2025-26
Lineups,-203954-1642272-,J. Embiid - J. McCain,1610612755,PHI,20,12,8,0.6,165.0,118.0,117.1,109.0,107.4,9.0,9.8,0.552,1.63,16.4,0.276,0.674,0.49,0.135,0.56,0.616,104.7,105.85,88.21,362,0.543,67,66,121,43,64,41,55,32,148,99,110,130,98,103,99,46,31,48,35,495210,2025-26
Lineups,-1626166-1642845-,C. Payne - V. Edgecombe,1610612755,PHI,18,10,8,0.556,163.0,112.2,110.3,117.0,115.6,-4.8,-5.3,0.651,2.06,19.1,0.294,0.736,0.503,0.131,0.543,0.576,103.8,105.29,87.74,359,0.48,70,72,121,88,66,100,132,114,44,41,26,107,33,66,84,65,78,60,102,490300,2025-26
Lineups,-203954-1631133-,J. Embiid - J. Walker,1610612755,PHI,23,14,9,0.609,147.0,117.6,117.7,110.5,112.9,7.0,4.8,0.569,1.68,17.3,0.27,0.74,0.509,0.139,0.576,0.621,105.2,104.09,86.75,317,0.519,63,57,128,41,67,34,109,49,134,93,79,138,28,55,111,36,30,76,54,439910,2025-26
Lineups,-1626166-1641737-,C. Payne - A. Bona,1610612755,PHI,18,10,8,0.556,146.0,105.8,106.6,120.5,117.6,-14.7,-11.1,0.606,2.03,17.7,0.229,0.669,0.434,0.119,0.521,0.551,104.8,105.7,88.09,320,0.427,70,72,121,88,68,122,145,136,80,46,58,164,107,162,58,106,117,51,142,437975,2025-26
Lineups,-1626162-1642348-,K. Oubre Jr. - J. Edwards,1610612755,PHI,23,13,10,0.565,144.0,114.5,111.2,124.4,125.4,-10.0,-14.2,0.654,2.08,19.1,0.262,0.667,0.459,0.128,0.553,0.596,104.6,105.69,88.08,313,0.437,63,59,134,80,69,94,168,145,42,39,27,143,111,155,76,59,52,52,136,430540,2025-26
Lineups,-1630570-1631133-,T. Watford - J. Walker,1610612755,PHI,29,16,13,0.552,143.0,101.5,98.1,111.4,110.2,-10.0,-12.1,0.583,1.11,15.0,0.32,0.713,0.523,0.182,0.502,0.549,103.1,105.46,87.88,313,0.447,49,51,142,92,70,148,79,139,115,153,153,80,49,37,166,127,121,58,129,428075,2025-26
Lineups,-1630570-1631230-,T. Watford - D. Barlow,1610612755,PHI,28,13,15,0.464,140.0,97.8,95.7,116.8,119.0,-19.0,-23.3,0.623,1.32,16.1,0.291,0.635,0.469,0.166,0.475,0.527,103.0,103.18,85.98,301,0.414,54,59,155,146,71,153,154,163,66,138,117,113,150,144,152,151,143,103,146,419380,2025-26
Lineups,-203954-1630570-,J. Embiid - T. Watford,1610612755,PHI,17,11,6,0.647,131.0,125.3,121.6,111.2,110.0,14.1,11.6,0.598,2.26,17.5,0.366,0.717,0.544,0.11,0.559,0.609,101.0,103.08,85.9,283,0.57,73,68,109,31,72,19,75,26,95,27,67,31,42,28,43,49,37,108,25,393940,2025-26
Lineups,-203083-1626166-,A. Drummond - C. Payne,1610612755,PHI,15,6,9,0.4,116.0,102.2,99.2,119.3,117.9,-17.1,-18.7,0.625,1.4,17.1,0.312,0.727,0.516,0.171,0.505,0.537,102.4,104.58,87.15,252,0.419,78,85,128,156,73,147,148,155,61,130,91,87,35,46,156,124,135,68,144,347000,2025-26
Lineups,-1626166-1631133-,C. Payne - J. Walker,1610612755,PHI,16,9,7,0.563,111.0,106.2,105.8,108.8,107.3,-2.6,-1.5,0.63,1.61,17.4,0.296,0.689,0.498,0.149,0.52,0.562,105.0,105.95,88.29,242,0.491,77,76,114,82,74,127,54,97,54,105,73,105,72,86,132,111,106,46,90,331625,2025-26
Lineups,-203954-1642348-,J. Embiid - J. Edwards,1610612755,PHI,19,11,8,0.579,110.0,119.6,118.8,119.1,118.4,0.5,0.4,0.68,2.06,20.1,0.276,0.656,0.48,0.137,0.595,0.633,102.9,103.54,86.28,234,0.496,68,68,121,67,75,27,152,83,27,42,20,129,129,119,106,26,25,94,85,328925,2025-26
Lineups,-1626166-1631230-,C. Payne - D. Barlow,1610612755,PHI,15,8,7,0.533,105.0,100.9,102.2,110.8,111.7,-9.9,-9.5,0.581,1.61,15.9,0.282,0.714,0.494,0.135,0.483,0.518,104.4,103.36,86.14,230,0.464,78,78,114,105,76,139,94,131,119,104,130,121,45,95,97,145,149,98,121,315550,2025-26
Lineups,-1630570-1642272-,T. Watford - J. McCain,1610612755,PHI,15,8,7,0.533,103.0,114.8,110.7,114.3,111.6,0.6,-0.9,0.617,1.71,17.7,0.346,0.645,0.498,0.146,0.551,0.595,105.0,108.17,90.15,233,0.501,78,78,114,105,77,98,93,93,69,84,56,48,141,88,128,61,53,31,75,309500,2025-26
Lineups,-1630699-1642845-,M. Beauchamp - V. Edgecombe,1610612755,PHI,9,4,5,0.444,99.0,108.0,109.4,114.2,115.0,-6.2,-5.6,0.629,1.87,18.4,0.324,0.695,0.505,0.141,0.526,0.553,104.1,103.1,85.92,213,0.476,92,97,101,152,78,108,123,115,57,61,40,76,63,63,117,99,115,107,108,298185,2025-26
Lineups,-1626166-1642348-,C. Payne - J. Edwards,1610612755,PHI,17,10,7,0.588,98.0,104.4,103.6,112.9,108.9,-8.5,-5.3,0.578,1.6,16.3,0.241,0.724,0.479,0.135,0.511,0.557,107.4,109.79,91.49,222,0.465,73,72,114,58,79,135,62,113,123,107,113,161,36,124,98,119,112,25,120,293135,2025-26
Lineups,-202331-1642348-,P. George - J. Edwards,1610612755,PHI,17,10,7,0.588,92.0,117.1,116.2,118.4,115.2,-1.3,1.0,0.575,2.56,16.0,0.368,0.63,0.488,0.091,0.51,0.547,101.0,102.85,85.71,198,0.461,73,72,114,58,80,52,125,72,127,17,122,30,154,105,28,120,126,113,122,277215,2025-26
Lineups,-1626166-1631207-,C. Payne - D. Terry,1610612755,PHI,12,7,5,0.583,91.0,112.8,111.5,103.9,104.5,8.9,7.0,0.646,2.52,18.9,0.277,0.647,0.463,0.105,0.531,0.564,105.2,105.53,87.95,200,0.552,83,80,101,64,81,91,40,40,47,18,32,126,139,151,38,87,102,56,28,273580,2025-26
Lineups,-1630699-1642348-,M. Beauchamp - J. Edwards,1610612755,PHI,11,4,7,0.364,89.0,110.0,109.8,106.8,105.1,3.1,4.7,0.63,1.46,18.8,0.314,0.737,0.536,0.18,0.581,0.603,104.7,105.63,88.03,194,0.529,84,97,114,160,82,103,43,50,56,126,34,84,31,33,162,32,41,54,45,267185,2025-26
Lineups,-1630570-1630699-,T. Watford - M. Beauchamp,1610612755,PHI,11,5,6,0.455,88.0,94.6,92.8,109.0,109.8,-14.3,-17.0,0.6,1.18,15.1,0.265,0.74,0.505,0.169,0.458,0.514,105.7,106.34,88.62,195,0.43,84,90,109,147,83,156,73,152,83,147,150,140,27,60,154,162,152,43,141,263385,2025-26
Lineups,-203083-1630699-,A. Drummond - M. Beauchamp,1610612755,PHI,8,4,4,0.5,84.0,119.2,119.0,111.6,109.2,7.6,9.8,0.595,2.04,18.4,0.326,0.704,0.524,0.128,0.565,0.596,102.6,103.74,86.45,179,0.544,99,97,86,114,84,25,66,31,98,43,36,72,54,35,77,43,51,86,33,251935,2025-26
Lineups,-1630570-1631207-,T. Watford - D. Terry,1610612755,PHI,13,7,6,0.538,81.0,95.6,92.9,98.6,98.9,-3.1,-6.0,0.632,1.79,17.3,0.247,0.711,0.479,0.131,0.466,0.492,106.1,107.45,89.54,183,0.486,81,80,109,101,85,155,25,118,52,73,81,155,51,121,85,158,160,35,99,243250,2025-26
Lineups,-1631207-1642348-,D. Terry - J. Edwards,1610612755,PHI,11,5,6,0.455,80.0,111.7,111.4,115.4,114.0,-3.7,-2.6,0.6,1.56,18.4,0.257,0.679,0.474,0.162,0.571,0.602,100.3,101.12,84.27,167,0.472,84,90,109,147,86,93,116,100,83,114,37,146,89,137,148,39,42,144,116,241380,2025-26
Lineups,-202331-1631133-,P. George - J. Walker,1610612755,PHI,13,7,6,0.538,72.0,109.3,106.9,107.8,106.2,1.4,0.7,0.672,1.63,17.2,0.357,0.675,0.512,0.151,0.489,0.543,105.1,107.05,89.21,159,0.508,81,80,109,101,87,118,48,78,29,102,86,38,95,50,135,139,130,36,65,215225,2025-26
Lineups,-1630699-1631230-,M. Beauchamp - D. Barlow,1610612755,PHI,7,2,5,0.286,71.0,101.4,100.6,114.7,116.0,-13.2,-15.4,0.627,1.37,17.2,0.289,0.683,0.494,0.173,0.508,0.542,105.8,105.56,87.97,156,0.436,107,129,101,168,88,143,136,150,59,132,83,116,82,96,159,122,131,55,138,212810,2025-26
Lineups,-1626166-1630699-,C. Payne - M. Beauchamp,1610612755,PHI,10,6,4,0.6,70.0,103.8,102.0,113.4,111.8,-9.6,-9.7,0.527,1.21,14.7,0.3,0.718,0.52,0.163,0.5,0.545,100.9,102.52,85.44,147,0.436,88,85,86,43,89,140,95,132,158,144,156,101,41,42,150,128,128,117,139,210685,2025-26
Lineups,-1631133-1631230-,J. Walker - D. Barlow,1610612755,PHI,17,9,8,0.529,66.0,120.4,116.2,109.3,103.6,11.2,12.6,0.597,1.68,18.1,0.4,0.688,0.543,0.155,0.581,0.616,97.1,101.53,84.61,142,0.559,73,76,121,107,90,51,38,24,96,93,45,22,74,29,143,31,32,140,26,198560,2025-26
Lineups,-1631133-1631213-,J. Walker - T. Martin,1610612755,PHI,6,1,5,0.167,62.0,99.1,104.7,101.5,100.8,-2.4,3.9,0.731,1.58,20.2,0.333,0.8,0.556,0.188,0.535,0.548,101.4,98.93,82.45,128,0.497,115,150,101,171,91,130,31,53,16,111,18,57,18,23,168,78,123,177,83,184850,2025-26
Lineups,-1626162-1626166-,K. Oubre Jr. - C. Payne,1610612755,PHI,9,5,4,0.556,60.0,121.8,123.8,120.4,123.4,1.5,0.4,0.649,1.85,19.7,0.362,0.672,0.521,0.154,0.595,0.628,105.3,103.14,85.95,130,0.538,92,90,86,88,92,15,164,82,46,66,23,35,101,41,140,27,27,105,41,180110,2025-26
Lineups,-1630699-1631207-,M. Beauchamp - D. Terry,1610612755,PHI,8,3,5,0.375,58.0,103.6,104.0,107.2,107.8,-3.6,-3.8,0.519,1.93,16.7,0.161,0.662,0.423,0.111,0.532,0.544,104.9,104.41,87.01,126,0.479,99,113,101,159,93,132,56,106,162,57,103,178,126,168,46,84,129,71,104,175150,2025-26
Lineups,-1631133-1631207-,J. Walker - D. Terry,1610612755,PHI,8,4,4,0.5,57.0,113.0,116.0,117.3,115.7,-4.3,0.3,0.667,3.0,20.5,0.221,0.655,0.421,0.096,0.561,0.569,106.6,105.88,88.24,125,0.465,99,97,86,114,94,53,133,84,30,7,17,167,130,169,33,45,93,47,119,171360,2025-26
Lineups,-1629656-1631207-,Q. Grimes - D. Terry,1610612755,PHI,8,4,4,0.5,56.0,108.4,106.7,104.3,109.8,4.1,-3.1,0.565,1.73,15.8,0.311,0.603,0.47,0.125,0.5,0.551,105.4,103.54,86.28,120,0.516,99,97,86,114,95,121,72,102,138,80,135,88,160,141,68,128,118,93,58,168980,2025-26
Lineups,-1631213-1642348-,T. Martin - J. Edwards,1610612755,PHI,6,2,4,0.333,55.0,108.9,113.9,110.6,106.0,-1.6,7.9,0.714,1.84,21.0,0.293,0.86,0.535,0.165,0.584,0.594,100.3,100.1,83.42,115,0.472,115,129,86,161,96,66,46,38,20,67,14,109,11,34,151,30,56,167,115,166150,2025-26
Lineups,-200768-203083-,K. Lowry - A. Drummond,1610612755,PHI,10,6,4,0.6,54.0,102.3,96.8,111.5,110.7,-9.2,-13.9,0.756,2.07,18.0,0.242,0.672,0.455,0.119,0.475,0.529,106.7,110.1,91.75,126,0.476,88,85,86,43,97,150,84,143,10,40,49,160,101,157,60,152,142,21,110,161530,2025-26
Lineups,-1631207-1642845-,D. Terry - V. Edgecombe,1610612755,PHI,7,4,3,0.571,53.0,119.4,119.0,112.9,110.3,6.5,8.7,0.615,2.67,18.8,0.349,0.667,0.491,0.103,0.541,0.568,104.9,106.38,88.65,116,0.527,107,97,69,72,98,26,80,35,70,13,33,46,111,101,37,70,97,42,46,157700,2025-26
Lineups,-1631207-1631230-,D. Terry - D. Barlow,1610612755,PHI,7,3,4,0.429,51.0,107.7,109.3,110.1,115.2,-2.4,-5.9,0.571,1.6,16.0,0.339,0.678,0.513,0.14,0.505,0.549,103.4,100.33,83.61,107,0.514,107,113,86,155,99,109,126,117,132,107,125,52,91,48,114,123,122,161,60,152140,2025-26
Lineups,-1630699-1631133-,M. Beauchamp - J. Walker,1610612755,PHI,8,4,4,0.5,48.0,117.0,118.5,113.7,109.1,3.3,9.4,0.551,1.59,18.1,0.292,0.691,0.505,0.157,0.597,0.613,107.8,109.32,91.1,108,0.525,99,97,86,114,102,29,65,34,150,110,46,111,68,62,145,25,35,27,48,143575,2025-26
Lineups,-202331-1630570-,P. George - T. Watford,1610612755,PHI,8,4,4,0.5,48.0,122.1,117.5,119.1,120.8,3.0,-3.3,0.578,3.25,17.8,0.304,0.681,0.476,0.078,0.536,0.565,100.1,101.3,84.41,103,0.5,99,97,86,114,101,36,158,104,124,6,54,97,87,132,23,76,100,142,79,145000,2025-26
Lineups,-1629656-1630699-,Q. Grimes - M. Beauchamp,1610612755,PHI,7,5,2,0.714,48.0,117.4,118.0,110.8,109.6,6.6,8.4,0.465,1.82,14.7,0.333,0.607,0.481,0.11,0.523,0.575,100.8,101.07,84.22,100,0.539,107,90,48,14,100,33,71,36,178,68,157,57,159,118,44,105,79,146,38,145330,2025-26
Lineups,-1626162-1642272-,K. Oubre Jr. - J. McCain,1610612755,PHI,11,7,4,0.636,47.0,113.1,109.5,118.3,117.3,-5.2,-7.8,0.641,2.08,17.7,0.244,0.574,0.413,0.114,0.512,0.589,103.7,105.8,88.17,105,0.49,84,80,86,33,103,107,143,126,49,37,57,158,167,172,50,118,60,49,95,142230,2025-26
Lineups,-203954-1641737-,J. Embiid - A. Bona,1610612755,PHI,9,4,5,0.444,46.0,133.5,137.0,116.5,121.6,17.0,15.3,0.55,1.69,15.8,0.532,0.634,0.58,0.141,0.565,0.634,102.5,98.95,82.46,92,0.548,92,97,101,152,104,9,161,21,151,90,131,7,151,18,118,42,24,176,31,137520,2025-26
Lineups,-203083-1631207-,A. Drummond - D. Terry,1610612755,PHI,7,4,3,0.571,44.0,110.1,108.1,129.8,127.7,-19.7,-19.6,0.535,1.77,17.4,0.213,0.738,0.461,0.131,0.557,0.574,108.1,110.01,91.67,99,0.366,107,97,69,72,105,112,171,156,156,75,69,169,30,153,87,54,81,23,160,130900,2025-26
Lineups,-1631207-1631213-,D. Terry - T. Martin,1610612755,PHI,5,2,3,0.4,43.0,117.4,117.0,104.1,104.5,13.3,12.5,0.675,2.08,21.3,0.302,0.838,0.55,0.148,0.617,0.623,99.0,99.0,82.5,88,0.531,123,129,69,156,107,42,41,25,28,38,11,100,15,25,130,19,28,175,44,128000,2025-26
Lineups,-200768-1630570-,K. Lowry - T. Watford,1610612755,PHI,8,5,3,0.625,43.0,81.9,79.4,122.3,123.2,-40.4,-43.8,0.654,1.13,12.8,0.333,0.655,0.487,0.155,0.354,0.414,105.4,106.71,88.92,97,0.264,99,90,69,36,106,175,163,178,41,151,177,57,132,107,142,182,181,37,173,129550,2025-26
Lineups,-200768-1629656-,K. Lowry - Q. Grimes,1610612755,PHI,9,6,3,0.667,40.0,84.8,85.1,117.2,121.0,-32.4,-35.9,0.692,1.2,14.6,0.365,0.651,0.495,0.172,0.375,0.434,103.7,101.97,84.98,87,0.339,92,85,69,17,108,168,160,173,25,145,159,33,136,93,158,179,177,131,164,118620,2025-26
Lineups,-1641780-1642348-,J. Broome - J. Edwards,1610612755,PHI,10,5,5,0.5,39.0,83.1,85.4,108.2,100.0,-25.1,-14.6,0.6,1.07,13.8,0.25,0.771,0.47,0.171,0.434,0.453,101.0,103.59,86.33,82,0.309,88,90,101,114,109,167,26,148,83,154,170,149,21,142,157,169,173,92,169,116070,2025-26
Lineups,-1630699-1641737-,M. Beauchamp - A. Bona,1610612755,PHI,7,4,3,0.571,39.0,91.9,96.4,123.3,125.6,-31.5,-29.2,0.667,1.33,17.4,0.25,0.641,0.434,0.179,0.479,0.512,109.0,105.47,87.89,84,0.333,107,97,69,72,110,152,169,169,30,134,71,149,145,163,160,148,153,57,166,116050,2025-26
Lineups,-1626166-1630178-,C. Payne - T. Maxey,1610612755,PHI,9,4,5,0.444,37.0,106.3,103.6,130.4,125.3,-24.1,-21.7,0.563,1.5,15.8,0.273,0.647,0.436,0.143,0.52,0.552,105.8,109.37,91.14,84,0.402,92,97,101,152,111,136,167,161,139,119,133,134,139,161,120,108,116,26,150,109935,2025-26
Lineups,-201569-1642348-,E. Gordon - J. Edwards,1610612755,PHI,4,2,2,0.5,35.0,88.3,89.0,133.6,127.8,-45.3,-38.8,0.6,1.07,14.7,0.35,0.7,0.5,0.192,0.452,0.474,102.0,103.93,86.61,73,0.283,130,129,48,114,112,163,172,175,83,154,157,43,58,72,171,165,167,81,172,105300,2025-26
Lineups,-200768-1642348-,K. Lowry - J. Edwards,1610612755,PHI,8,4,4,0.5,34.0,110.8,106.8,113.3,115.5,-2.6,-8.7,0.6,1.88,15.0,0.306,0.579,0.446,0.108,0.483,0.554,101.0,101.95,84.96,74,0.516,99,97,86,114,113,120,128,128,83,60,151,94,165,159,40,144,114,133,59,102400,2025-26
Lineups,-1631133-1641780-,J. Walker - J. Broome,1610612755,PHI,9,5,4,0.556,33.0,87.5,84.3,112.3,105.7,-24.8,-21.4,0.591,1.0,14.1,0.243,0.7,0.448,0.186,0.464,0.488,97.3,102.22,85.18,70,0.306,92,90,86,88,115,171,44,159,104,156,168,159,58,158,167,159,162,125,171,98615,2025-26
Lineups,-200768-1641737-,K. Lowry - A. Bona,1610612755,PHI,9,6,3,0.667,33.0,110.9,110.3,101.1,104.6,9.9,5.7,0.556,2.5,15.5,0.35,0.643,0.5,0.088,0.469,0.524,97.4,96.03,80.02,68,0.602,92,85,69,17,114,101,42,46,147,19,144,43,144,72,27,154,145,182,22,99720,2025-26
Lineups,-201569-1631133-,E. Gordon - J. Walker,1610612755,PHI,4,2,2,0.5,32.0,101.5,101.4,106.1,102.8,-4.6,-1.4,0.481,0.93,13.5,0.378,0.719,0.536,0.203,0.508,0.531,103.2,104.89,87.41,69,0.454,130,129,48,114,117,142,34,95,174,165,173,27,40,32,178,121,140,64,127,96100,2025-26
Lineups,-200768-1631133-,K. Lowry - J. Walker,1610612755,PHI,10,7,3,0.7,32.0,97.0,97.3,149.9,152.7,-53.0,-55.4,0.615,2.29,16.3,0.186,0.455,0.303,0.095,0.469,0.485,111.6,110.4,92.0,74,0.257,88,80,69,15,116,149,182,182,70,26,112,174,176,188,29,154,163,20,176,96525,2025-26
Lineups,-201569-1630178-,E. Gordon - T. Maxey,1610612755,PHI,5,3,2,0.6,31.0,111.6,111.1,127.6,128.8,-16.0,-17.7,0.462,2.4,13.6,0.361,0.593,0.46,0.079,0.468,0.517,100.7,100.45,83.71,63,0.394,123,113,48,43,118,95,174,154,179,23,171,36,163,154,24,156,150,159,153,92460,2025-26
Lineups,-1631207-1641737-,D. Terry - A. Bona,1610612755,PHI,7,4,3,0.571,30.0,118.9,115.9,109.0,106.2,9.9,9.7,0.714,3.33,23.0,0.143,0.469,0.317,0.095,0.6,0.614,98.2,100.85,84.04,63,0.551,107,97,69,72,119,54,47,33,20,5,7,180,175,186,30,21,33,151,29,91380,2025-26
Lineups,-1626166-1631213-,C. Payne - T. Martin,1610612755,PHI,6,3,3,0.5,29.0,79.7,79.1,85.3,80.6,-5.7,-1.5,0.75,1.15,16.5,0.257,0.906,0.567,0.194,0.444,0.461,106.6,110.07,91.73,67,0.472,115,113,69,114,121,176,12,96,11,148,109,145,8,20,174,167,172,22,114,87650,2025-26
Lineups,-200768-1630178-,K. Lowry - T. Maxey,1610612755,PHI,5,3,2,0.6,29.0,106.7,108.1,102.9,108.8,3.8,-0.7,0.609,2.0,15.9,0.353,0.629,0.493,0.113,0.455,0.525,100.8,97.45,81.21,62,0.575,123,113,48,43,120,113,61,90,77,48,129,41,155,99,48,163,144,180,23,87920,2025-26
Lineups,-201569-203083-,E. Gordon - A. Drummond,1610612755,PHI,6,3,3,0.5,27.0,112.8,111.9,129.5,126.2,-16.7,-14.4,0.577,1.67,18.1,0.333,0.545,0.429,0.153,0.577,0.594,103.2,104.92,87.43,59,0.397,115,113,69,114,122,88,170,147,126,96,47,57,170,164,138,34,55,61,152,82350,2025-26
Lineups,-1630570-1631213-,T. Watford - T. Martin,1610612755,PHI,6,3,3,0.5,26.0,81.6,81.4,82.0,82.1,-0.4,-0.8,0.667,0.92,14.6,0.364,0.844,0.6,0.22,0.418,0.446,104.4,104.48,87.07,59,0.487,115,113,69,114,123,174,13,91,30,166,159,34,14,8,183,174,175,70,98,79250,2025-26
Lineups,-201569-1641780-,E. Gordon - J. Broome,1610612755,PHI,2,1,1,0.5,25.0,74.6,75.5,108.9,111.5,-34.3,-36.1,0.588,0.91,13.9,0.29,0.704,0.483,0.208,0.424,0.411,102.8,100.93,84.11,53,0.262,156,150,10,114,124,182,92,174,107,167,169,114,55,112,179,172,182,148,174,74900,2025-26
Lineups,-203954-1626166-,J. Embiid - C. Payne,1610612755,PHI,4,4,0,1.0,25.0,137.8,134.5,98.6,98.1,39.1,36.4,0.552,2.67,20.8,0.35,0.8,0.62,0.109,0.667,0.689,104.1,105.65,88.04,55,0.737,130,97,1,1,127,10,24,13,148,13,16,43,18,7,41,14,15,53,15,73600,2025-26
Lineups,-200768-1631207-,K. Lowry - D. Terry,1610612755,PHI,4,3,1,0.75,25.0,80.6,76.3,135.1,133.3,-54.5,-57.1,0.611,2.2,14.9,0.139,0.559,0.343,0.085,0.4,0.41,108.0,111.73,93.11,59,0.23,130,113,10,10,125,181,176,183,74,33,154,181,168,179,25,177,183,16,178,74750,2025-26
Lineups,-200768-1630699-,K. Lowry - M. Beauchamp,1610612755,PHI,4,2,2,0.5,25.0,100.5,96.8,106.5,103.2,-5.9,-6.4,0.571,3.0,15.0,0.167,0.781,0.456,0.063,0.471,0.503,116.9,120.97,100.81,63,0.467,130,129,48,114,126,150,36,120,132,7,151,176,20,156,22,153,155,8,118,74400,2025-26
Lineups,-203083-1631213-,A. Drummond - T. Martin,1610612755,PHI,3,2,1,0.667,24.0,100.3,106.0,121.0,120.0,-20.7,-14.0,0.842,1.6,21.1,0.385,0.833,0.6,0.2,0.56,0.566,101.3,98.9,82.42,50,0.403,143,129,10,17,128,125,157,144,4,107,12,25,16,8,175,48,99,178,148,72800,2025-26
Lineups,-1641780-1642282-,J. Broome - H. Sallis,1610612755,PHI,6,2,4,0.333,24.0,86.4,85.5,112.2,109.3,-25.8,-23.8,0.684,1.3,17.3,0.233,0.621,0.424,0.182,0.478,0.476,107.0,109.02,90.85,55,0.339,115,129,86,161,130,166,67,164,26,139,77,163,157,167,163,149,165,28,165,71990,2025-26
Lineups,-200768-1642272-,K. Lowry - J. McCain,1610612755,PHI,4,3,1,0.75,24.0,128.7,118.5,89.9,92.2,38.8,26.4,0.727,5.33,21.1,0.25,0.76,0.51,0.056,0.589,0.631,101.2,104.21,86.84,54,0.739,130,113,10,10,129,29,18,17,17,1,12,149,22,52,19,29,26,75,14,72545,2025-26
Lineups,-200768-1631230-,K. Lowry - D. Barlow,1610612755,PHI,7,4,3,0.571,23.0,90.1,92.0,112.1,112.0,-22.0,-20.0,0.6,0.75,13.4,0.348,0.69,0.538,0.24,0.446,0.522,104.9,103.9,86.58,50,0.417,107,97,69,72,131,158,98,157,83,174,174,47,70,31,187,166,147,82,145,69300,2025-26
Lineups,-201569-1642272-,E. Gordon - J. McCain,1610612755,PHI,3,1,2,0.333,22.0,88.5,84.4,106.5,106.7,-18.0,-22.2,0.643,1.29,15.3,0.217,0.632,0.405,0.156,0.444,0.475,95.0,97.15,80.96,45,0.399,143,150,48,161,133,169,50,162,48,141,146,168,153,173,144,167,166,181,151,66700,2025-26
Lineups,-200768-202331-,K. Lowry - P. George,1610612755,PHI,5,3,2,0.6,22.0,139.1,126.0,101.9,104.3,37.2,21.7,0.727,5.33,22.9,0.263,0.636,0.463,0.06,0.663,0.696,100.9,104.83,87.35,50,0.699,123,113,48,43,134,14,39,19,17,1,8,142,148,150,20,15,14,65,18,66625,2025-26
Lineups,-200768-1642845-,K. Lowry - V. Edgecombe,1610612755,PHI,4,1,3,0.25,22.0,92.9,89.8,114.1,118.8,-21.2,-29.0,0.385,0.83,7.5,0.438,0.581,0.508,0.122,0.326,0.428,105.3,104.9,87.42,49,0.35,130,150,69,169,135,161,153,168,183,170,186,18,164,56,64,183,180,63,162,66575,2025-26
Lineups,-202331-1626166-,P. George - C. Payne,1610612755,PHI,4,3,1,0.75,22.0,124.7,120.8,118.9,119.1,5.7,1.7,0.476,5.0,16.1,0.16,0.857,0.478,0.042,0.578,0.598,101.0,102.47,85.39,48,0.495,130,113,10,10,132,20,155,68,176,3,118,179,12,126,18,33,48,118,86,66750,2025-26
Lineups,-201569-1642845-,E. Gordon - V. Edgecombe,1610612755,PHI,3,2,1,0.667,21.0,132.9,134.0,130.6,129.8,2.3,4.3,0.478,1.22,16.7,0.471,0.722,0.6,0.191,0.663,0.709,108.8,108.64,90.53,47,0.475,143,129,10,17,136,11,175,51,175,143,103,15,38,8,170,15,12,30,111,62300,2025-26
Lineups,-200768-1626166-,K. Lowry - C. Payne,1610612755,PHI,3,1,2,0.333,19.0,75.8,77.3,141.3,135.6,-65.5,-58.3,0.818,0.82,15.3,0.273,0.722,0.475,0.25,0.409,0.449,110.4,111.64,93.03,44,0.152,143,150,48,161,137,178,180,184,5,172,146,134,38,133,188,176,174,18,183,57400,2025-26
Lineups,-1626162-1630699-,K. Oubre Jr. - M. Beauchamp,1610612755,PHI,2,0,2,0.0,19.0,103.1,107.1,135.3,133.3,-32.1,-26.2,0.625,1.25,17.9,0.2,0.526,0.359,0.19,0.542,0.582,110.3,108.97,90.81,42,0.369,156,172,48,172,138,115,176,166,61,142,52,170,172,178,169,68,69,29,156,55500,2025-26
Lineups,-201569-1642282-,E. Gordon - H. Sallis,1610612755,PHI,3,2,1,0.667,18.0,69.9,71.1,112.1,115.4,-42.2,-44.3,0.727,1.0,15.7,0.227,0.652,0.444,0.211,0.419,0.401,104.3,101.91,84.93,38,0.184,143,129,10,17,140,186,127,179,17,156,139,165,134,160,180,173,184,135,182,54400,2025-26
Lineups,-201569-1629656-,E. Gordon - Q. Grimes,1610612755,PHI,4,2,2,0.5,18.0,116.5,120.0,130.7,124.4,-14.2,-4.4,0.474,0.9,15.8,0.5,0.6,0.548,0.25,0.632,0.663,111.8,113.12,94.27,40,0.438,130,129,48,114,141,21,165,110,177,168,133,8,161,27,188,17,18,13,135,54100,2025-26
Lineups,-1626162-1631207-,K. Oubre Jr. - D. Terry,1610612755,PHI,2,1,1,0.5,18.0,141.6,155.0,110.1,115.8,31.4,39.2,0.65,2.6,21.7,0.438,0.636,0.553,0.125,0.691,0.724,109.3,101.74,84.78,40,0.724,156,150,10,114,139,6,135,9,45,16,10,18,148,24,68,11,11,137,17,55200,2025-26
Lineups,-1630699-1631213-,M. Beauchamp - T. Martin,1610612755,PHI,4,1,3,0.25,18.0,110.7,112.5,106.0,102.4,4.8,10.1,0.526,1.11,17.5,0.444,0.737,0.595,0.225,0.6,0.598,106.9,107.9,89.92,40,0.524,130,150,69,169,142,83,32,30,159,152,64,17,31,15,185,21,47,33,49,54050,2025-26
Lineups,-1631133-1642282-,J. Walker - H. Sallis,1610612755,PHI,6,2,4,0.333,17.0,84.0,82.1,105.0,97.3,-21.0,-15.2,0.667,1.14,15.7,0.19,0.65,0.415,0.179,0.467,0.484,101.4,106.52,88.77,39,0.367,115,129,86,161,143,173,23,149,30,149,139,172,137,171,161,157,164,41,159,51370,2025-26
Lineups,-1631230-1641780-,D. Barlow - J. Broome,1610612755,PHI,5,3,2,0.6,16.0,91.9,83.3,93.5,94.3,-1.6,-11.0,0.75,1.5,18.4,0.235,0.652,0.475,0.167,0.482,0.49,99.6,104.07,86.73,36,0.447,123,113,48,43,144,172,22,135,11,119,39,162,134,133,153,147,161,77,130,49120,2025-26
Lineups,-1629656-1631213-,Q. Grimes - T. Martin,1610612755,PHI,6,3,3,0.5,16.0,72.7,71.9,125.4,122.9,-52.7,-51.0,0.778,0.88,15.6,0.333,0.867,0.576,0.25,0.417,0.432,100.0,101.66,84.72,32,0.258,115,113,69,114,146,184,162,181,9,169,142,57,9,19,188,175,179,139,175,47450,2025-26
Lineups,-1630570-1641780-,T. Watford - J. Broome,1610612755,PHI,5,3,2,0.6,16.0,90.6,93.9,111.9,105.7,-21.2,-11.8,0.75,1.5,19.1,0.278,0.75,0.5,0.182,0.483,0.497,101.1,102.21,85.18,33,0.41,123,113,48,43,145,154,44,138,11,119,25,124,24,72,163,146,158,126,147,47900,2025-26
Lineups,-201569-1641737-,E. Gordon - A. Bona,1610612755,PHI,4,2,2,0.5,15.0,119.3,122.6,96.4,94.1,23.0,28.5,0.417,0.83,12.2,0.385,0.684,0.563,0.194,0.56,0.637,101.1,101.08,84.23,31,0.639,130,129,48,114,147,18,21,16,181,170,179,25,80,21,173,47,21,145,21,46300,2025-26
Lineups,-201569-1631230-,E. Gordon - D. Barlow,1610612755,PHI,2,1,1,0.5,15.0,90.7,84.4,111.1,116.1,-20.4,-31.8,0.667,1.14,17.8,0.357,0.6,0.5,0.219,0.52,0.504,100.7,102.05,85.04,32,0.393,156,150,10,114,148,170,137,171,30,149,55,38,161,72,182,109,154,129,154,44450,2025-26
Lineups,-1642282-1642348-,H. Sallis - J. Edwards,1610612755,PHI,5,2,3,0.4,14.0,73.4,76.5,127.2,115.6,-53.8,-39.2,0.7,1.4,15.2,0.227,0.714,0.417,0.147,0.397,0.389,111.1,113.68,94.74,34,0.189,123,129,69,156,150,180,131,176,23,129,148,165,45,170,129,178,185,11,181,41800,2025-26
Lineups,-1631213-1631230-,T. Martin - D. Barlow,1610612755,PHI,4,3,1,0.75,14.0,86.2,86.2,105.0,103.3,-18.8,-17.1,0.7,1.75,17.9,0.167,0.692,0.387,0.138,0.463,0.463,103.8,104.63,87.19,29,0.355,130,113,10,10,152,164,37,153,23,78,50,176,64,176,109,160,168,67,161,40600,2025-26
Lineups,-1630178-1630699-,T. Maxey - M. Beauchamp,1610612755,PHI,2,0,2,0.0,14.0,112.6,112.9,131.4,134.4,-18.8,-21.5,0.75,3.0,20.9,0.2,0.429,0.31,0.097,0.558,0.602,109.0,107.62,89.68,31,0.403,156,172,48,172,149,78,179,160,11,7,15,170,177,187,34,52,43,34,149,42150,2025-26
Lineups,-1630178-1631213-,T. Maxey - T. Martin,1610612755,PHI,2,1,1,0.5,14.0,104.3,111.1,100.0,100.0,4.3,11.1,0.75,3.0,22.0,0.313,0.625,0.469,0.111,0.519,0.54,98.0,94.95,79.12,27,0.549,156,150,10,114,151,95,26,28,11,7,9,85,156,145,46,112,132,184,30,40950,2025-26
Lineups,-1641780-1642272-,J. Broome - J. McCain,1610612755,PHI,4,2,2,0.5,13.0,63.1,60.0,120.4,110.0,-57.3,-50.0,0.667,0.57,10.8,0.188,0.857,0.391,0.233,0.3,0.383,102.4,109.88,91.57,30,-0.029,130,129,48,114,153,188,76,180,30,175,181,173,12,175,186,186,186,24,189,39315,2025-26
Lineups,-1631230-1642282-,D. Barlow - H. Sallis,1610612755,PHI,3,1,2,0.333,12.0,97.9,92.3,90.5,92.3,7.4,0.0,0.667,1.2,17.1,0.273,0.579,0.467,0.192,0.526,0.533,99.9,101.74,84.78,26,0.542,143,150,48,161,154,157,19,86,30,145,89,134,165,148,172,98,138,138,36,36800,2025-26
Lineups,-200768-203954-,K. Lowry - J. Embiid,1610612755,PHI,2,0,2,0.0,11.0,75.8,76.9,96.0,108.3,-20.3,-31.4,0.6,1.0,9.1,0.278,0.714,0.469,0.115,0.25,0.379,119.5,111.71,93.1,26,0.308,156,172,48,172,155,179,60,170,83,156,182,124,45,145,53,187,187,17,170,32225,2025-26
Lineups,-1630699-1641780-,M. Beauchamp - J. Broome,1610612755,PHI,2,0,2,0.0,11.0,102.0,104.3,73.5,66.7,28.5,37.7,0.625,1.67,16.7,0.182,0.833,0.522,0.13,0.528,0.558,102.2,106.08,88.4,23,0.761,156,172,48,172,156,131,9,11,61,96,103,175,16,39,83,94,111,45,11,31900,2025-26
Lineups,-1630178-1641780-,T. Maxey - J. Broome,1610612755,PHI,3,2,1,0.667,11.0,108.3,113.6,121.0,118.2,-12.7,-4.5,0.5,1.33,12.9,0.417,0.667,0.5,0.136,0.5,0.566,101.3,100.03,83.36,22,0.349,143,129,10,17,157,70,150,111,163,134,175,21,111,72,103,128,98,169,163,31670,2025-26
Lineups,-201569-1626162-,E. Gordon - K. Oubre Jr.,1610612755,PHI,3,2,1,0.667,10.0,117.0,117.4,144.5,150.0,-27.5,-32.6,0.444,2.0,12.9,0.333,0.7,0.5,0.087,0.476,0.561,107.9,105.71,88.09,23,0.318,143,129,10,17,159,38,181,172,180,48,175,57,58,72,26,150,108,50,168,30650,2025-26
Lineups,-201569-202331-,E. Gordon - P. George,1610612755,PHI,1,0,1,0.0,10.0,113.4,105.0,88.5,89.5,24.8,15.5,0.667,2.0,16.0,0.125,0.545,0.368,0.1,0.577,0.636,94.7,97.87,81.56,20,0.759,171,172,10,172,160,129,15,20,30,48,125,182,170,177,35,34,22,179,12,28690,2025-26
Lineups,-1629656-1641780-,Q. Grimes - J. Broome,1610612755,PHI,3,2,1,0.667,10.0,98.4,114.3,130.4,120.8,-32.0,-6.5,0.714,2.5,16.1,0.333,0.667,0.429,0.095,0.425,0.492,107.6,103.86,86.55,21,0.211,143,129,10,17,158,64,159,121,20,19,118,57,111,164,30,171,159,83,179,31195,2025-26
Lineups,-200768-1641780-,K. Lowry - J. Broome,1610612755,PHI,3,2,1,0.667,9.0,122.2,123.8,99.6,90.9,22.6,32.9,0.625,2.5,17.9,0.25,0.7,0.5,0.095,0.6,0.641,107.1,111.39,92.82,21,0.734,143,129,10,17,161,16,16,15,61,19,52,149,58,72,30,21,20,19,16,27795,2025-26
Lineups,-203083-203954-,A. Drummond - J. Embiid,1610612755,PHI,3,1,2,0.333,8.0,94.7,89.5,50.9,52.6,43.7,36.8,0.8,1.33,17.4,0.0,0.867,0.591,0.158,0.455,0.568,111.0,112.13,93.44,19,1.143,143,150,48,161,162,162,8,12,6,134,71,184,9,16,146,163,95,15,8,24400,2025-26
Lineups,-201569-203954-,E. Gordon - J. Embiid,1610612755,PHI,2,1,1,0.5,8.0,105.7,113.3,122.5,117.6,-16.8,-4.3,0.8,0.8,19.0,0.5,0.615,0.588,0.333,0.611,0.704,100.6,99.31,82.76,15,0.538,156,150,10,114,163,72,145,108,6,173,29,8,158,17,192,20,13,173,39,23200,2025-26
Lineups,-200768-1631213-,K. Lowry - T. Martin,1610612755,PHI,3,3,0,1.0,8.0,76.2,78.6,125.9,153.8,-49.8,-75.3,0.4,1.0,9.1,0.583,0.417,0.5,0.143,0.313,0.335,94.1,83.79,69.83,14,0.196,143,113,1,1,163,177,183,187,182,156,182,6,178,72,120,185,189,190,180,23200,2025-26
Lineups,-1631207-1641780-,D. Terry - J. Broome,1610612755,PHI,1,0,1,0.0,7.0,85.7,85.7,116.3,106.7,-30.6,-21.0,0.6,1.5,16.7,0.125,0.714,0.4,0.143,0.462,0.462,98.2,102.6,85.5,14,0.368,171,172,10,172,167,165,50,158,83,119,103,182,45,174,120,161,169,114,157,20350,2025-26
Lineups,-200768-1626162-,K. Lowry - K. Oubre Jr.,1610612755,PHI,2,1,1,0.5,7.0,123.5,106.3,88.8,93.3,34.7,12.9,0.5,3.0,13.6,0.429,0.556,0.5,0.063,0.5,0.576,98.4,103.33,86.11,16,0.68,156,150,10,114,165,123,20,23,163,7,171,20,169,72,21,128,77,100,20,21600,2025-26
Lineups,-1631213-1641737-,T. Martin - A. Bona,1610612755,PHI,3,2,1,0.667,7.0,91.2,107.1,84.6,84.6,6.6,22.5,0.5,1.0,14.3,0.5,0.75,0.625,0.214,0.5,0.519,100.5,92.13,76.78,14,0.681,143,129,10,17,166,115,14,18,163,156,162,8,24,6,181,128,148,185,19,21100,2025-26
Lineups,-200768-201569-,K. Lowry - E. Gordon,1610612755,PHI,1,0,1,0.0,6.0,146.0,130.8,86.2,91.7,59.8,39.1,0.6,1.5,17.6,0.333,0.333,0.333,0.154,0.857,0.882,102.1,104.65,87.21,13,0.881,171,172,10,172,168,13,17,10,83,119,59,57,179,180,140,4,4,66,9,17200,2025-26
Lineups,-1629646-1630178-,C. Bassey - T. Maxey,1610612755,PHI,1,0,1,0.0,5.0,102.7,90.0,147.6,160.0,-44.9,-70.0,0.333,0.0,7.7,0.333,0.333,0.333,0.0,0.375,0.461,101.5,103.6,86.33,10,0.063,171,172,10,172,170,159,184,185,184,176,184,57,179,180,1,179,170,90,185,13900,2025-26
Lineups,-1629646-1630570-,C. Bassey - T. Watford,1610612755,PHI,1,0,1,0.0,5.0,102.7,90.0,147.6,160.0,-44.9,-70.0,0.333,0.0,7.7,0.333,0.333,0.333,0.0,0.375,0.461,101.5,103.6,86.33,10,0.063,171,172,10,172,170,159,184,185,184,176,184,57,179,180,1,179,170,90,185,13900,2025-26
Lineups,-1631213-1642845-,T. Martin - V. Edgecombe,1610612755,PHI,2,2,0,1.0,5.0,69.9,72.7,74.3,72.7,-4.4,0.0,0.667,1.0,12.5,0.375,0.75,0.563,0.182,0.318,0.35,102.1,101.21,84.35,11,0.435,156,129,1,1,169,183,11,86,30,156,178,28,24,21,163,184,188,143,140,15650,2025-26
Lineups,-1642272-1642282-,J. McCain - H. Sallis,1610612755,PHI,2,0,2,0.0,4.0,102.7,100.0,110.0,110.0,-7.3,-10.0,0.667,1.0,18.2,0.0,0.667,0.333,0.222,0.6,0.666,112.1,113.53,94.61,9,0.39,156,172,48,172,172,144,76,133,30,156,43,184,111,180,184,21,17,12,155,12050,2025-26
Lineups,-1629646-1642348-,C. Bassey - J. Edwards,1610612755,PHI,1,0,1,0.0,3.0,86.8,71.4,197.7,233.3,-110.9,-161.9,0.0,0.0,0.0,0.25,0.0,0.2,0.0,0.25,0.434,111.4,112.77,93.98,7,-0.103,171,172,10,172,175,185,192,190,187,176,187,149,184,190,1,187,178,14,191,8300,2025-26
Lineups,-1629646-1642845-,C. Bassey - V. Edgecombe,1610612755,PHI,1,0,1,0.0,3.0,101.7,100.0,135.5,128.6,-33.8,-28.6,0.333,0.0,11.1,0.25,0.5,0.333,0.0,0.429,0.444,98.8,102.34,85.28,7,0.143,171,172,10,172,173,144,173,167,184,176,180,149,173,180,1,170,176,121,184,9850,2025-26
Lineups,-1642282-1642845-,H. Sallis - V. Edgecombe,1610612755,PHI,2,1,1,0.5,3.0,75.0,60.0,102.5,100.0,-27.5,-40.0,1.0,1.0,14.3,0.5,0.0,0.5,0.2,0.5,0.5,85.2,96.0,80.0,5,0.0,156,150,10,114,177,188,26,177,1,156,162,8,184,72,175,128,156,183,187,7500,2025-26
Lineups,-200768-1642282-,K. Lowry - H. Sallis,1610612755,PHI,1,1,0,1.0,3.0,137.5,137.5,177.6,162.5,-40.1,-25.0,0.6,3.0,25.0,0.333,0.25,0.286,0.125,0.688,0.688,114.9,120.0,100.0,8,0.42,171,150,1,1,174,8,186,165,83,7,4,57,183,189,68,12,16,9,143,9600,2025-26
Lineups,-1630570-1642282-,T. Watford - H. Sallis,1610612755,PHI,1,1,0,1.0,3.0,147.8,157.1,163.9,171.4,-16.1,-14.3,0.8,4.0,30.8,0.5,0.333,0.429,0.143,0.688,0.652,132.8,126.0,105.0,7,0.478,171,150,1,1,176,5,188,146,6,4,3,8,179,164,120,12,19,2,105,8000,2025-26
Lineups,-1629646-1631230-,C. Bassey - D. Barlow,1610612755,PHI,1,0,1,0.0,2.0,133.3,133.3,53.2,50.0,80.1,83.3,0.5,0.0,20.0,0.5,0.5,0.5,0.0,0.5,0.5,86.9,90.0,75.0,3,1.667,171,172,10,172,184,12,7,8,163,176,21,8,173,72,1,128,156,186,5,5600,2025-26
Lineups,-201569-1630570-,E. Gordon - T. Watford,1610612755,PHI,1,0,1,0.0,2.0,150.0,120.0,225.4,220.0,-75.4,-100.0,0.667,2.0,25.0,1.0,0.0,1.0,0.2,1.0,1.0,108.4,122.03,101.69,5,0.368,171,172,10,172,182,21,191,188,30,48,4,1,184,1,175,2,3,7,157,5900,2025-26
Lineups,-1641780-1642845-,J. Broome - V. Edgecombe,1610612755,PHI,2,1,1,0.5,2.0,0.0,0.0,0.0,0.0,0.0,0.0,0.0,0.0,0.0,0.0,0.0,0.0,0.25,0.0,0.0,72.0,100.8,84.0,4,1.333,156,150,10,114,185,190,1,86,187,176,187,184,184,191,188,189,190,153,7,5000,2025-26
Lineups,-200768-1631116-,K. Lowry - P. Baldwin Jr.,1610612755,PHI,1,0,1,0.0,2.0,147.1,116.7,0.0,0.0,147.1,116.7,0.5,0.0,14.3,0.0,1.0,0.6,0.0,0.833,0.735,100.4,123.43,102.86,6,2.111,171,172,10,172,178,44,1,3,163,176,162,184,1,8,1,5,7,3,1,7000,2025-26
Lineups,-1626162-1631213-,K. Oubre Jr. - T. Martin,1610612755,PHI,1,0,1,0.0,2.0,125.0,166.7,144.9,133.3,-19.9,33.3,0.5,1.0,20.0,1.0,1.0,1.0,0.333,0.833,0.833,85.4,75.79,63.16,3,0.333,171,172,10,172,183,3,176,14,163,156,21,1,1,1,192,5,5,193,166,5700,2025-26
Lineups,-1630699-1631116-,M. Beauchamp - P. Baldwin Jr.,1610612755,PHI,1,0,1,0.0,2.0,147.1,116.7,0.0,0.0,147.1,116.7,0.5,0.0,14.3,0.0,1.0,0.6,0.0,0.833,0.735,100.4,123.43,102.86,6,2.111,171,172,10,172,178,44,1,3,163,176,162,184,1,8,1,5,7,3,1,7000,2025-26
Lineups,-1631116-1641780-,P. Baldwin Jr. - J. Broome,1610612755,PHI,1,0,1,0.0,2.0,147.1,116.7,0.0,0.0,147.1,116.7,0.5,0.0,14.3,0.0,1.0,0.6,0.0,0.833,0.735,100.4,123.43,102.86,6,2.111,171,172,10,172,178,44,1,3,163,176,162,184,1,8,1,5,7,3,1,7000,2025-26
Lineups,-1631116-1642348-,P. Baldwin Jr. - J. Edwards,1610612755,PHI,1,0,1,0.0,2.0,147.1,116.7,0.0,0.0,147.1,116.7,0.5,0.0,14.3,0.0,1.0,0.6,0.0,0.833,0.735,100.4,123.43,102.86,6,2.111,171,172,10,172,178,44,1,3,163,176,162,184,1,8,1,5,7,3,1,7000,2025-26
Lineups,-1641737-1642282-,A. Bona - H. Sallis,1610612755,PHI,2,1,1,0.5,1.0,245.9,300.0,159.6,100.0,86.3,200.0,0.5,0.0,33.3,0.0,0.0,0.0,0.0,1.25,1.23,71.2,82.38,68.65,2,0.75,156,150,10,114,186,1,26,2,163,176,1,184,184,191,1,1,1,191,13,4370,2025-26
Lineups,-1641737-1641780-,A. Bona - J. Broome,1610612755,PHI,1,0,1,0.0,1.0,208.3,300.0,0.0,0.0,208.3,300.0,0.0,0.0,0.0,0.0,0.0,0.0,0.0,1.0,1.042,57.0,79.12,65.93,1,1.5,171,172,10,172,191,1,1,1,187,176,187,184,184,191,1,2,2,192,6,1820,2025-26
Lineups,-203083-1642282-,A. Drummond - H. Sallis,1610612755,PHI,1,1,0,1.0,1.0,0.0,0.0,200.0,200.0,-200.0,-200.0,0.0,0.0,0.0,1.0,0.0,1.0,0.0,0.0,0.0,87.3,87.27,72.73,1,-0.5,171,150,1,1,192,190,189,192,187,176,187,1,184,1,1,189,190,187,192,1650,2025-26
Lineups,-203083-1641780-,A. Drummond - J. Broome,1610612755,PHI,1,0,1,0.0,1.0,0.0,0.0,100.0,100.0,-100.0,-100.0,0.0,0.0,0.0,0.0,1.0,0.5,0.0,0.0,0.0,86.4,115.2,96.0,2,0.0,171,172,10,172,190,190,26,188,187,176,187,184,1,72,1,189,190,10,187,2500,2025-26
Lineups,-1629646-1630699-,C. Bassey - M. Beauchamp,1610612755,PHI,1,0,1,0.0,1.0,106.4,66.7,166.7,233.3,-60.3,-166.7,0.0,0.0,0.0,0.5,0.0,0.333,0.0,0.0,0.532,108.1,106.67,88.89,3,-0.091,171,172,10,172,188,187,192,191,187,176,187,8,184,180,1,189,139,40,190,4050,2025-26
Lineups,-1626162-1642282-,K. Oubre Jr. - H. Sallis,1610612755,PHI,1,1,0,1.0,1.0,150.0,150.0,173.6,166.7,-23.6,-16.7,1.0,0.0,25.0,1.0,0.0,1.0,0.0,0.75,0.75,83.7,85.71,71.43,2,0.25,171,150,1,1,187,7,187,151,1,176,4,1,184,1,1,10,6,189,177,4200,2025-26
Lineups,-1629656-1642282-,Q. Grimes - H. Sallis,1610612755,PHI,1,1,0,1.0,1.0,145.3,166.7,66.7,66.7,78.7,100.0,1.0,0.0,33.3,0.333,1.0,0.5,0.0,0.625,0.563,171.7,160.0,133.33,3,0.867,171,150,1,1,189,3,9,7,1,176,1,57,1,72,1,18,103,1,10,2700,2025-26
Lineups,-1630178-1642282-,T. Maxey - H. Sallis,1610612755,PHI,1,1,0,1.0,1.0,0.0,0.0,200.0,200.0,-200.0,-200.0,0.0,0.0,0.0,1.0,0.0,1.0,0.0,0.0,0.0,87.3,87.27,72.73,1,-0.5,171,150,1,1,192,190,189,192,187,176,187,1,184,1,1,189,190,187,192,1650,2025-26
