PLAYER_ID,PLAYER_NAME,TEAM_ID,TEAM_ABBREVIATION,GP,W,L,MIN,DIST_FEET,DIST_MILES,DIST_MILES_OFF,DIST_MILES_DEF,AVG_SPEED,AVG_SPEED_OFF,AVG_SPEED_DEF,SEASON
1630639,A.J. Lawson,1610612742,DAL,15,5,10,108.0,47328,9.0,4.7,4.2,4.64,4.88,4.3,2022-23
1631260,AJ Green,1610612749,MIL,35,27,8,345.0,141863,26.9,14.9,12.0,4.35,4.73,3.96,2022-23
1631100,AJ Griffin,1610612737,ATL,72,34,38,1401.0,603811,114.4,61.4,53.0,4.56,4.96,4.17,2022-23
203932,Aaron Gordon,1610612743,DEN,68,45,23,2055.0,769784,145.8,76.1,69.7,3.99,4.22,3.77,2022-23
1628988,Aaron Holiday,1610612737,ATL,63,32,31,845.0,341076,64.6,32.9,31.7,4.27,4.35,4.18,2022-23
1630174,Aaron Nesmith,1610612754,IND,73,30,43,1816.0,746083,141.3,73.1,68.2,4.36,4.66,4.08,2022-23
1630598,Aaron Wiggins,1610612760,OKC,70,37,33,1297.0,555645,105.2,55.7,49.5,4.55,4.94,4.18,2022-23
1629678,Admiral Schofield,1610612753,ORL,37,14,23,451.0,182565,34.6,18.6,16.0,4.28,4.53,4.03,2022-23
201143,Al Horford,1610612738,BOS,63,44,19,1921.0,708481,134.2,71.0,63.2,3.93,4.2,3.67,2022-23
202692,Alec Burks,1610612765,DET,50,12,38,1102.0,420423,79.6,41.9,37.8,4.04,4.26,3.83,2022-23
1630197,Aleksej Pokusevski,1610612760,OKC,34,16,18,701.0,283344,53.7,29.8,23.9,4.32,4.96,3.72,2022-23
1627936,Alex Caruso,1610612741,CHI,66,32,34,1553.0,642488,121.7,63.5,58.2,4.37,4.71,4.05,2022-23
203458,Alex Len,1610612758,SAC,26,15,11,161.0,65316,12.4,6.5,5.8,4.27,4.58,3.91,2022-23
1628993,Alize Johnson,1610612759,SAS,4,1,3,30.0,12906,2.4,1.3,1.1,4.52,5.03,4.03,2022-23
1631214,Alondes Williams,1610612751,BKN,1,1,0,5.0,2184,0.4,0.2,0.2,4.27,3.78,4.91,2022-23
1630578,Alperen Sengun,1610612745,HOU,75,18,57,2171.0,783209,148.3,79.1,69.3,3.85,3.92,3.77,2022-23
1629599,Amir Coffey,1610612746,LAC,50,26,24,625.0,238438,45.2,23.4,21.7,4.02,4.09,3.92,2022-23
203083,Andre Drummond,1610612741,CHI,67,32,35,849.0,324454,61.4,30.6,30.8,4.03,4.2,3.88,2022-23
2738,Andre Iguodala,1610612744,GSW,7,2,5,95.0,37211,7.0,3.9,3.1,4.15,4.66,3.65,2022-23
1629614,Andrew Nembhard,1610612754,IND,75,32,43,2074.0,842930,159.6,83.1,76.5,4.31,4.63,4.0,2022-23
203952,Andrew Wiggins,1610612744,GSW,36,18,18,1163.0,443329,84.0,43.8,40.1,4.07,4.38,3.77,2022-23
1629014,Anfernee Simons,1610612757,POR,62,27,35,2171.0,843901,159.8,89.0,70.8,4.13,4.52,3.72,2022-23
203076,Anthony Davis,1610612747,LAL,56,31,25,1905.0,670595,127.0,68.0,59.0,3.76,4.03,3.49,2022-23
1630162,Anthony Edwards,1610612750,MIN,78,39,39,2817.0,1052240,199.3,106.1,93.2,3.96,4.28,3.65,2022-23
1630264,Anthony Gill,1610612764,WAS,59,21,38,625.0,255049,48.3,26.3,22.0,4.29,4.6,3.97,2022-23
1630237,Anthony Lamb,1610612744,GSW,61,35,26,1171.0,482135,91.3,51.1,40.2,4.35,4.92,3.79,2022-23
1630559,Austin Reaves,1610612747,LAL,64,35,29,1843.0,713378,135.1,73.4,61.7,4.11,4.44,3.77,2022-23
203085,Austin Rivers,1610612750,MIN,52,25,27,1016.0,387466,73.4,37.3,36.1,4.03,4.17,3.9,2022-23
1630245,Ayo Dosunmu,1610612741,CHI,79,39,40,2072.0,852352,161.4,82.6,78.8,4.38,4.64,4.14,2022-23
1628389,Bam Adebayo,1610612748,MIA,75,40,35,2598.0,970558,183.8,98.4,85.5,3.97,4.25,3.69,2022-23
1627732,Ben Simmons,1610612751,BKN,42,24,18,1105.0,408079,77.3,40.6,36.7,3.93,4.32,3.58,2022-23
1631097,Bennedict Mathurin,1610612754,IND,78,33,45,2222.0,886405,167.9,88.8,79.1,4.21,4.52,3.9,2022-23
202687,Bismack Biyombo,1610612756,PHX,61,33,28,874.0,338642,64.1,34.1,30.1,4.1,4.29,3.93,2022-23
201933,Blake Griffin,1610612738,BOS,41,27,14,569.0,201569,38.2,20.8,17.3,3.79,3.94,3.6,2022-23
1631104,Blake Wesley,1610612759,SAS,34,8,26,611.0,263198,49.8,27.5,22.3,4.55,4.98,4.11,2022-23
1626246,Boban Marjanovic,1610612745,HOU,31,7,24,171.0,60065,11.4,5.7,5.7,3.69,3.89,3.52,2022-23
1626171,Bobby Portis Jr.,1610612749,MIL,70,47,23,1818.0,732422,138.7,75.2,63.5,4.29,4.6,3.97,2022-23
203992,Bogdan Bogdanović,1610612737,ATL,54,27,27,1509.0,599142,113.5,62.5,50.9,4.2,4.7,3.72,2022-23
202711,Bojan Bogdanovic,1610612765,DET,58,15,43,1858.0,717754,135.9,74.7,61.3,4.1,4.47,3.74,2022-23
1629626,Bol Bol,1610612753,ORL,70,26,44,1505.0,588064,111.4,57.6,53.8,4.15,4.32,3.98,2022-23
1630538,Bones Hyland,1610612746,LAC,56,36,20,1086.0,425120,80.5,44.2,36.3,4.15,4.49,3.79,2022-23
203078,Bradley Beal,1610612764,WAS,50,24,26,1673.0,646175,122.4,69.7,52.7,4.1,4.47,3.7,2022-23
1630527,Brandon Boston Jr.,1610612746,LAC,22,9,13,248.0,100164,19.0,10.1,8.9,4.23,4.49,3.96,2022-23
1629634,Brandon Clarke,1610612763,MEM,56,32,24,1090.0,454100,86.0,45.2,40.8,4.37,4.68,4.07,2022-23
1627742,Brandon Ingram,1610612740,NOP,45,23,22,1538.0,559872,106.0,58.7,47.3,3.86,4.3,3.42,2022-23
1630296,Braxton Key,1610612765,DET,3,0,3,9.0,3897,0.7,0.3,0.4,4.19,4.91,3.77,2022-23
201572,Brook Lopez,1610612749,MIL,78,57,21,2372.0,856708,162.3,86.3,75.9,3.86,4.13,3.6,2022-23
1628971,Bruce Brown,1610612743,DEN,80,53,27,2279.0,868374,164.5,88.9,75.5,4.04,4.37,3.71,2022-23
1628981,Bruno Fernando,1610612737,ATL,39,13,26,405.0,155034,29.4,16.2,13.2,4.05,4.4,3.69,2022-23
1631121,Bryce McGowens,1610612766,CHA,46,16,30,787.0,316438,59.9,31.7,28.2,4.23,4.54,3.94,2022-23
1627854,Bryn Forbes,1610612750,MIN,25,9,16,268.0,109050,20.7,11.0,9.6,4.31,4.75,3.87,2022-23
1631205,Buddy Boeheim,1610612765,DET,10,2,8,90.0,36384,6.9,3.6,3.3,4.23,4.26,4.19,2022-23
1627741,Buddy Hield,1610612754,IND,80,35,45,2482.0,1044992,197.9,107.8,90.1,4.47,5.0,3.97,2022-23
203468,CJ McCollum,1610612740,NOP,75,38,37,2649.0,1057504,200.3,111.9,88.4,4.25,4.82,3.69,2022-23
1630595,Cade Cunningham,1610612765,DET,12,3,9,400.0,157762,29.9,16.6,13.2,4.18,4.67,3.67,2022-23
1631216,Caleb Houstan,1610612753,ORL,51,20,31,812.0,337313,63.9,34.7,29.2,4.38,4.73,4.03,2022-23
1628997,Caleb Martin,1610612748,MIA,71,38,33,2078.0,897018,169.9,91.9,77.9,4.58,4.92,4.22,2022-23
1629629,Cam Reddish,1610612757,POR,40,14,26,990.0,395981,75.0,38.9,36.1,4.24,4.4,4.08,2022-23
1630560,Cam Thomas,1610612751,BKN,57,30,27,948.0,371809,70.4,39.0,31.5,4.18,4.58,3.79,2022-23
1629661,Cameron Johnson,1610612751,BKN,42,25,17,1200.0,471621,89.3,48.5,40.8,4.18,4.55,3.81,2022-23
1626166,Cameron Payne,1610612756,PHX,48,27,21,968.0,377497,71.5,40.1,31.4,4.14,4.64,3.63,2022-23
1627747,Caris LeVert,1610612739,CLE,74,45,29,2237.0,865325,163.9,88.9,75.0,4.08,4.32,3.83,2022-23
1630637,Carlik Jones,1610612741,CHI,6,3,3,55.0,20677,3.9,2.0,1.9,3.97,4.3,3.68,2022-23
1626224,Cedi Osman,1610612739,CLE,77,48,29,1548.0,601920,114.0,60.8,53.2,4.1,4.25,3.94,2022-23
1628435,Chance Comanche,1610612757,POR,1,0,1,21.0,8344,1.6,0.8,0.8,4.28,4.44,4.13,2022-23
1629646,Charles Bassey,1610612759,SAS,35,9,26,508.0,202361,38.3,20.4,17.9,4.18,4.51,3.86,2022-23
1631320,Chima Moneke,1610612758,SAC,2,1,1,8.0,3316,0.6,0.3,0.3,4.23,4.64,3.88,2022-23
1629002,Chimezie Metu,1610612758,SAC,66,41,25,689.0,278468,52.7,26.9,25.8,4.22,4.53,3.95,2022-23
1628449,Chris Boucher,1610612761,TOR,76,39,37,1523.0,614488,116.4,61.6,54.8,4.26,4.46,4.05,2022-23
1630537,Chris Duarte,1610612754,IND,46,19,27,897.0,384868,72.9,38.6,34.3,4.54,4.91,4.19,2022-23
101108,Chris Paul,1610612756,PHX,59,33,26,1889.0,633030,119.9,66.9,53.0,3.57,3.93,3.2,2022-23
1629735,Chris Silva,1610612737,ATL,1,1,0,3.0,1536,0.3,0.1,0.1,5.07,3.47,3.29,2022-23
1631128,Christian Braun,1610612743,DEN,76,49,27,1181.0,486606,92.2,48.9,43.2,4.36,4.58,4.12,2022-23
1631132,Christian Koloko,1610612761,TOR,58,29,29,802.0,326322,61.8,32.0,29.8,4.3,4.51,4.11,2022-23
1626174,Christian Wood,1610612742,DAL,67,33,34,1738.0,633159,119.9,63.5,56.5,3.86,3.99,3.73,2022-23
1629643,Chuma Okeke,1610612753,ORL,27,8,19,518.0,208503,39.5,20.9,18.6,4.26,4.4,4.11,2022-23
203991,Clint Capela,1610612737,ATL,65,35,30,1730.0,656411,124.3,64.8,59.6,4.03,4.23,3.84,2022-23
1629632,Coby White,1610612741,CHI,73,36,37,1713.0,653061,123.7,63.4,60.3,4.04,4.27,3.83,2022-23
1628998,Cody Martin,1610612766,CHA,7,2,5,134.0,58208,11.0,5.9,5.1,4.57,4.86,4.28,2022-23
203469,Cody Zeller,1610612748,MIA,15,6,9,217.0,86977,16.5,9.1,7.4,4.26,4.61,3.89,2022-23
1630175,Cole Anthony,1610612753,ORL,60,28,32,1552.0,648563,122.8,66.1,56.7,4.41,4.79,4.04,2022-23
1631306,Cole Swider,1610612747,LAL,7,2,5,41.0,17869,3.4,1.9,1.4,4.54,4.87,3.9,2022-23
1629012,Collin Sexton,1610612762,UTA,48,24,24,1145.0,435040,82.4,44.8,37.6,3.99,4.29,3.69,2022-23
1630557,Corey Kispert,1610612764,WAS,74,31,43,2093.0,856055,162.1,91.3,70.8,4.34,4.77,3.88,2022-23
202709,Cory Joseph,1610612765,DET,62,12,50,1227.0,508151,96.2,52.1,44.2,4.36,4.65,4.06,2022-23
1626156,D'Angelo Russell,1610612747,LAL,71,39,32,2304.0,886484,167.9,92.4,75.5,4.09,4.61,3.6,2022-23
1630227,Daishen Nix,1610612745,HOU,57,15,42,914.0,346302,65.6,35.3,30.3,4.0,4.23,3.76,2022-23
1630625,Dalano Banton,1610612761,TOR,31,17,14,279.0,120410,22.8,12.0,10.8,4.55,4.81,4.28,2022-23
1631207,Dalen Terry,1610612741,CHI,37,18,19,213.0,88159,16.7,8.5,8.1,4.4,4.68,4.1,2022-23
1627745,Damian Jones,1610612762,UTA,41,12,29,477.0,188291,35.7,18.3,17.4,4.15,4.42,3.9,2022-23
203081,Damian Lillard,1610612757,POR,58,27,31,2107.0,785779,148.8,84.6,64.2,3.96,4.46,3.45,2022-23
1627814,Damion Lee,1610612756,PHX,74,40,34,1506.0,624655,118.3,65.5,52.8,4.36,4.74,3.97,2022-23
1629655,Daniel Gafford,1610612764,WAS,78,32,46,1604.0,631139,119.5,63.7,55.9,4.18,4.31,4.05,2022-23
1628464,Daniel Theis,1610612754,IND,7,1,6,109.0,40328,7.6,4.0,3.6,3.94,4.11,3.77,2022-23
201980,Danny Green,1610612739,CLE,11,6,5,139.0,60033,11.4,6.0,5.4,4.52,4.95,4.13,2022-23
1627863,Danuel House Jr.,1610612755,PHI,56,38,18,807.0,329753,62.5,32.6,29.8,4.32,4.53,4.09,2022-23
203967,Dario Saric,1610612760,OKC,57,26,31,806.0,323687,61.3,33.2,28.1,4.24,4.55,3.93,2022-23
1629647,Darius Bazley,1610612756,PHX,43,19,24,616.0,249432,47.2,24.9,22.4,4.31,4.74,3.92,2022-23
1630620,Darius Days,1610612745,HOU,4,0,4,25.0,10316,2.0,1.0,1.0,4.37,4.3,4.44,2022-23
1629636,Darius Garland,1610612739,CLE,69,40,29,2447.0,955866,181.0,100.4,80.7,4.14,4.53,3.73,2022-23
1630561,David Duke Jr.,1610612751,BKN,23,10,13,228.0,91142,17.3,9.1,8.2,4.2,4.43,3.97,2022-23
1631223,David Roddy,1610612763,MEM,70,44,26,1259.0,503696,95.4,49.8,45.6,4.23,4.43,4.03,2022-23
1630558,Davion Mitchell,1610612758,SAC,80,47,33,1447.0,603574,114.3,60.3,54.0,4.43,4.78,4.09,2022-23
202722,Davis Bertans,1610612742,DAL,45,20,25,492.0,200161,37.9,21.1,16.9,4.31,4.82,3.83,2022-23
1628432,Davon Reed,1610612743,DEN,43,29,14,343.0,139985,26.5,14.8,11.7,4.29,4.62,3.95,2022-23
1630549,Day'Ron Sharpe,1610612751,BKN,48,22,26,553.0,223447,42.3,22.7,19.6,4.26,4.53,3.98,2022-23
1628368,De'Aaron Fox,1610612758,SAC,73,44,29,2435.0,962762,182.3,97.2,85.1,4.17,4.64,3.74,2022-23
1629631,De'Andre Hunter,1610612737,ATL,67,35,32,2126.0,810193,153.4,82.5,70.9,4.05,4.42,3.68,2022-23
1629001,De'Anthony Melton,1610612755,PHI,77,50,27,2150.0,849875,161.0,85.8,75.1,4.21,4.38,4.02,2022-23
201599,DeAndre Jordan,1610612743,DEN,39,23,16,586.0,196335,37.2,19.7,17.5,3.57,3.7,3.42,2022-23
201942,DeMar DeRozan,1610612741,CHI,73,36,37,2644.0,927383,175.6,95.0,80.6,3.79,4.2,3.39,2022-23
1629731,Dean Wade,1610612739,CLE,44,30,14,892.0,349378,66.2,34.9,31.3,4.14,4.26,4.02,2022-23
1629028,Deandre Ayton,1610612756,PHX,67,36,31,2035.0,735566,139.3,74.8,64.5,3.85,4.1,3.6,2022-23
1627749,Dejounte Murray,1610612737,ATL,74,38,36,2693.0,1046969,198.3,108.5,89.8,4.14,4.57,3.71,2022-23
1626153,Delon Wright,1610612764,WAS,50,26,24,1221.0,486309,92.1,50.6,41.5,4.19,4.41,3.95,2022-23
1630166,Deni Avdija,1610612764,WAS,76,33,43,2020.0,794096,150.4,81.7,68.7,4.16,4.41,3.9,2022-23
203471,Dennis Schröder,1610612747,LAL,67,37,30,1986.0,776656,147.1,76.4,70.7,4.16,4.32,4.0,2022-23
1628372,Dennis Smith Jr.,1610612766,CHA,54,19,35,1390.0,557818,105.6,55.9,49.7,4.24,4.56,3.92,2022-23
1629126,Deonte Burton,1610612758,SAC,2,1,1,7.0,2895,0.5,0.3,0.3,4.05,5.65,4.27,2022-23
1631220,Dereon Seabron,1610612740,NOP,5,2,3,12.0,4736,0.9,0.5,0.4,4.15,5.21,3.31,2022-23
1627884,Derrick Jones Jr.,1610612741,CHI,63,28,35,877.0,357617,67.7,35.2,32.6,4.3,4.69,3.97,2022-23
201565,Derrick Rose,1610612752,NYK,27,12,15,338.0,137759,26.1,14.2,11.9,4.33,4.75,3.92,2022-23
1628401,Derrick White,1610612738,BOS,82,57,25,2319.0,889379,168.4,90.9,77.5,4.09,4.41,3.77,2022-23
1630217,Desmond Bane,1610612763,MEM,58,38,20,1841.0,731977,138.6,75.5,63.1,4.2,4.67,3.76,2022-23
1626164,Devin Booker,1610612756,PHX,53,34,19,1835.0,687650,130.2,72.6,57.6,3.97,4.4,3.54,2022-23
1630170,Devin Vassell,1610612759,SAS,38,12,26,1178.0,497326,94.2,53.3,40.9,4.47,5.03,3.9,2022-23
1629653,Devon Dotson,1610612764,WAS,6,1,5,53.0,22619,4.3,2.3,2.0,4.45,4.71,4.2,2022-23
1628984,Devonte' Graham,1610612759,SAS,73,31,42,1338.0,526433,99.7,55.3,44.4,4.17,4.59,3.74,2022-23
203473,Dewayne Dedmon,1610612755,PHI,38,23,15,426.0,160394,30.4,16.7,13.7,3.98,4.2,3.73,2022-23
1628415,Dillon Brooks,1610612763,MEM,73,46,27,2214.0,845847,160.2,79.5,80.7,4.05,4.11,3.99,2022-23
1627734,Domantas Sabonis,1610612758,SAC,79,47,32,2736.0,1093175,207.0,108.5,98.5,4.25,4.58,3.93,2022-23
1631230,Dominick Barlow,1610612759,SAS,26,4,22,364.0,154167,29.2,15.8,13.4,4.46,4.84,4.08,2022-23
1628378,Donovan Mitchell,1610612739,CLE,68,44,24,2432.0,857309,162.4,89.6,72.8,3.74,4.07,3.39,2022-23
1631495,Donovan Williams,1610612737,ATL,2,1,1,4.0,1805,0.3,0.2,0.2,3.82,5.65,4.64,2022-23
1628978,Donte DiVincenzo,1610612744,GSW,71,41,30,1869.0,756816,143.3,78.0,65.4,4.29,4.75,3.86,2022-23
1627827,Dorian Finney-Smith,1610612751,BKN,66,31,35,2009.0,767315,145.3,77.3,68.0,4.07,4.2,3.92,2022-23
203926,Doug McDermott,1610612759,SAS,63,19,44,1292.0,558569,105.8,60.9,44.9,4.55,5.23,3.87,2022-23
203110,Draymond Green,1610612744,GSW,72,40,32,2269.0,829509,157.1,83.7,73.4,3.89,4.29,3.51,2022-23
1629234,Drew Eubanks,1610612757,POR,77,31,46,1556.0,609016,115.3,62.3,53.0,4.16,4.39,3.91,2022-23
1630696,Dru Smith,1610612751,BKN,15,7,8,158.0,61716,11.7,6.2,5.5,4.13,4.45,3.82,2022-23
1630613,Duane Washington Jr.,1610612752,NYK,31,17,14,394.0,161457,30.6,17.1,13.5,4.32,4.78,3.86,2022-23
1629130,Duncan Robinson,1610612748,MIA,42,19,23,690.0,271929,51.5,29.2,22.3,4.15,4.72,3.59,2022-23
203939,Dwight Powell,1610612742,DAL,76,37,39,1458.0,591203,112.0,60.1,51.9,4.33,4.51,4.13,2022-23
1629685,Dylan Windler,1610612739,CLE,3,3,0,10.0,4324,0.8,0.5,0.4,4.1,5.2,4.04,2022-23
1630700,Dyson Daniels,1610612740,NOP,59,33,26,1042.0,424370,80.4,42.4,38.0,4.31,4.65,3.98,2022-23
1628410,Edmond Sumner,1610612751,BKN,53,33,20,736.0,304737,57.7,30.9,26.8,4.35,4.65,4.05,2022-23
201569,Eric Gordon,1610612746,LAC,69,25,44,1966.0,676552,128.1,69.7,58.4,3.64,3.88,3.4,2022-23
1630647,Eugene Omoruyi,1610612765,DET,40,10,30,645.0,259419,49.1,26.0,23.2,4.25,4.54,3.98,2022-23
203095,Evan Fournier,1610612752,NYK,27,15,12,459.0,185808,35.2,18.9,16.3,4.3,4.59,4.01,2022-23
1630596,Evan Mobley,1610612739,CLE,79,48,31,2715.0,1047168,198.3,106.5,91.8,4.08,4.35,3.82,2022-23
1630267,Facundo Campazzo,1610612742,DAL,8,2,6,52.0,21447,4.1,2.2,1.8,4.34,4.68,3.8,2022-23
1628402,Frank Jackson,1610612756,PHX,1,0,1,5.0,1939,0.4,0.2,0.2,4.48,6.22,3.49,2022-23
1626163,Frank Kaminsky,1610612745,HOU,36,13,23,235.0,88624,16.8,9.0,7.7,3.97,4.26,3.63,2022-23
1628373,Frank Ntilikina,1610612742,DAL,47,20,27,608.0,233320,44.2,23.2,21.0,4.07,4.29,3.85,2022-23
1630532,Franz Wagner,1610612753,ORL,80,33,47,2609.0,1099223,208.2,113.2,95.0,4.47,4.97,3.99,2022-23
1627832,Fred VanVleet,1610612761,TOR,69,34,35,2535.0,1001177,189.6,106.4,83.2,4.18,4.67,3.68,2022-23
1627788,Furkan Korkmaz,1610612755,PHI,37,24,13,353.0,142755,27.0,15.0,12.0,4.22,4.59,3.82,2022-23
1629216,Gabe Vincent,1610612748,MIA,68,37,31,1759.0,690002,130.7,71.7,59.0,4.17,4.56,3.77,2022-23
1628221,Gabe York,1610612754,IND,3,1,2,56.0,22471,4.3,2.2,2.1,4.29,4.88,3.81,2022-23
202066,Garrett Temple,1610612740,NOP,25,16,9,162.0,66069,12.5,6.7,5.8,4.27,4.64,3.9,2022-23
1629726,Garrison Mathews,1610612737,ATL,54,16,38,686.0,272688,51.6,27.7,23.9,4.21,4.46,3.95,2022-23
203914,Gary Harris,1610612753,ORL,48,22,26,1184.0,468495,88.7,44.5,44.2,4.22,4.33,4.11,2022-23
1627780,Gary Payton II,1610612744,GSW,22,13,9,368.0,154930,29.3,14.7,14.7,4.45,4.45,4.47,2022-23
1629018,Gary Trent Jr.,1610612761,TOR,66,31,35,2118.0,791399,149.9,78.7,71.2,3.95,4.16,3.75,2022-23
201588,George Hill,1610612754,IND,46,27,19,833.0,323027,61.2,33.0,28.2,4.1,4.35,3.84,2022-23
1627777,Georges Niang,1610612755,PHI,78,51,27,1512.0,599030,113.5,61.9,51.6,4.19,4.54,3.84,2022-23
203507,Giannis Antetokounmpo,1610612749,MIL,63,47,16,2024.0,753056,142.6,78.5,64.2,3.95,4.43,3.49,2022-23
1629048,Goga Bitadze,1610612753,ORL,38,13,25,457.0,179956,34.1,18.0,16.1,4.15,4.51,3.82,2022-23
201609,Goran Dragic,1610612749,MIL,57,26,31,856.0,346847,65.7,35.9,29.8,4.26,4.77,3.78,2022-23
202330,Gordon Hayward,1610612766,CHA,50,20,30,1577.0,637630,120.8,66.6,54.2,4.29,4.79,3.81,2022-23
203476,Gorgui Dieng,1610612759,SAS,30,3,27,338.0,123235,23.3,12.7,10.6,3.84,4.16,3.51,2022-23
1629684,Grant Williams,1610612738,BOS,79,55,24,2045.0,762566,144.4,75.8,68.6,3.95,4.09,3.81,2022-23
1628960,Grayson Allen,1610612749,MIL,72,53,19,1972.0,808985,153.2,81.9,71.3,4.38,4.7,4.06,2022-23
1630535,Greg Brown III,1610612757,POR,16,10,6,93.0,35675,6.8,3.5,3.3,4.01,4.11,3.91,2022-23
1628977,Hamidou Diallo,1610612765,DET,55,12,43,974.0,398564,75.5,41.0,34.5,4.33,4.74,3.92,2022-23
203084,Harrison Barnes,1610612758,SAC,82,48,34,2662.0,1079562,204.5,108.3,96.2,4.3,4.7,3.92,2022-23
1629312,Haywood Highsmith,1610612748,MIA,54,28,26,969.0,403976,76.5,41.0,35.6,4.41,4.68,4.15,2022-23
1630529,Herbert Jones,1610612740,NOP,66,31,35,1951.0,776603,147.1,76.7,70.4,4.24,4.51,3.98,2022-23
1630193,Immanuel Quickley,1610612752,NYK,81,47,34,2344.0,938328,177.7,97.5,80.3,4.23,4.53,3.92,2022-23
1630171,Isaac Okoro,1610612739,CLE,76,48,28,1653.0,639914,121.2,59.2,62.0,4.11,4.0,4.22,2022-23
1628392,Isaiah Hartenstein,1610612752,NYK,82,47,35,1628.0,683274,129.4,70.2,59.2,4.42,4.73,4.11,2022-23
1630543,Isaiah Jackson,1610612754,IND,63,24,39,1042.0,424990,80.5,42.5,38.0,4.3,4.7,3.93,2022-23
1630198,Isaiah Joe,1610612760,OKC,73,36,37,1395.0,577587,109.4,58.8,50.6,4.36,4.78,3.96,2022-23
1630587,Isaiah Livers,1610612765,DET,51,10,41,1177.0,477670,90.5,47.3,43.2,4.31,4.49,4.12,2022-23
1630600,Isaiah Mobley,1610612739,CLE,12,8,4,84.0,33654,6.4,3.3,3.0,4.2,4.45,3.85,2022-23
1629676,Isaiah Roby,1610612752,NYK,41,9,32,464.0,195689,37.1,20.4,16.6,4.45,5.02,3.87,2022-23
1630191,Isaiah Stewart,1610612765,DET,49,12,37,1384.0,530700,100.5,53.6,46.9,4.07,4.31,3.83,2022-23
1630225,Isaiah Todd,1610612764,WAS,6,2,4,61.0,25650,4.9,2.7,2.1,4.48,4.73,4.01,2022-23
202397,Ish Smith,1610612743,DEN,43,25,18,398.0,159078,30.1,17.3,12.9,4.22,4.79,3.67,2022-23
1630688,Ish Wainright,1610612756,PHX,60,33,27,915.0,372721,70.6,38.3,32.3,4.29,4.63,3.94,2022-23
1627826,Ivica Zubac,1610612746,LAC,76,43,33,2169.0,816392,154.6,83.1,71.5,4.02,4.25,3.78,2022-23
1631120,JD Davison,1610612738,BOS,12,11,1,66.0,25383,4.8,2.7,2.1,4.07,4.24,3.87,2022-23
1630550,JT Thor,1610612766,CHA,69,22,47,969.0,401944,76.1,41.6,34.6,4.41,4.81,4.01,2022-23
1629630,Ja Morant,1610612763,MEM,61,40,21,1948.0,747534,141.6,76.4,65.2,4.05,4.44,3.67,2022-23
203210,JaMychal Green,1610612744,GSW,57,30,27,797.0,316519,59.9,32.2,27.8,4.19,4.55,3.86,2022-23
201580,JaVale McGee,1610612742,DAL,42,20,22,355.0,134589,25.5,13.4,12.1,4.04,4.22,3.86,2022-23
1631095,Jabari Smith Jr.,1610612745,HOU,79,21,58,2451.0,940458,178.1,96.5,81.6,4.08,4.29,3.86,2022-23
1631133,Jabari Walker,1610612757,POR,55,21,34,593.0,231396,43.8,23.5,20.3,4.08,4.31,3.85,2022-23
1631298,Jack White,1610612743,DEN,17,13,4,66.0,25745,4.9,2.9,2.0,4.06,4.33,3.73,2022-23
1631367,Jacob Gilyard,1610612763,MEM,1,0,1,41.0,16076,3.0,1.5,1.5,4.14,4.39,3.91,2022-23
1630702,Jaden Hardy,1610612742,DAL,48,20,28,708.0,284999,54.0,29.2,24.8,4.25,4.5,4.0,2022-23
1631093,Jaden Ivey,1610612765,DET,73,16,57,2271.0,906306,171.6,94.4,77.3,4.24,4.6,3.86,2022-23
1630183,Jaden McDaniels,1610612750,MIN,78,40,38,2391.0,1000891,189.6,97.2,92.3,4.45,4.67,4.24,2022-23
1630531,Jaden Springer,1610612755,PHI,16,13,3,89.0,36822,7.0,3.8,3.2,4.32,4.43,4.18,2022-23
203109,Jae Crowder,1610612749,MIL,18,13,5,340.0,135863,25.7,14.0,11.7,4.24,4.66,3.82,2022-23
1630256,Jae'Sean Tate,1610612745,HOU,31,7,24,677.0,265247,50.2,27.4,22.8,4.1,4.39,3.81,2022-23
1631222,Jake LaRavia,1610612763,MEM,35,22,13,414.0,171792,32.5,17.8,14.7,4.37,4.68,4.04,2022-23
1627751,Jakob Poeltl,1610612761,TOR,71,26,45,1880.0,766126,145.1,77.9,67.2,4.35,4.68,4.02,2022-23
1628973,Jalen Brunson,1610612752,NYK,68,40,28,2379.0,934920,177.1,101.5,75.6,4.17,4.6,3.71,2022-23
1631105,Jalen Duren,1610612765,DET,66,16,50,1652.0,650670,123.2,64.4,58.8,4.16,4.26,4.06,2022-23
1630224,Jalen Green,1610612745,HOU,76,20,56,2602.0,1036331,196.3,112.0,84.3,4.23,4.66,3.76,2022-23
1630552,Jalen Johnson,1610612737,ATL,70,35,35,1042.0,427096,80.9,43.0,37.9,4.33,4.68,3.99,2022-23
1629667,Jalen McDaniels,1610612755,PHI,80,31,49,1913.0,798519,151.2,81.9,69.3,4.41,4.82,4.01,2022-23
1630188,Jalen Smith,1610612754,IND,68,31,37,1279.0,528009,100.0,53.1,46.9,4.39,4.73,4.06,2022-23
1630591,Jalen Suggs,1610612753,ORL,53,20,33,1246.0,494259,93.6,49.6,44.0,4.18,4.47,3.9,2022-23
1631114,Jalen Williams,1610612760,OKC,75,36,39,2276.0,963179,182.4,98.7,83.8,4.5,5.04,3.99,2022-23
1631288,Jamal Cain,1610612748,MIA,18,10,8,240.0,99180,18.8,9.5,9.3,4.34,4.39,4.28,2022-23
1627750,Jamal Murray,1610612743,DEN,65,43,22,2133.0,836068,158.3,87.7,70.7,4.17,4.61,3.73,2022-23
1631123,Jamaree Bouyea,1610612748,MIA,5,2,3,71.0,28507,5.4,2.9,2.5,4.29,4.52,4.05,2022-23
1630547,James Bouknight,1610612766,CHA,34,9,25,515.0,208838,39.6,22.1,17.5,4.31,4.82,3.8,2022-23
201935,James Harden,1610612755,PHI,58,39,19,2135.0,711258,134.7,74.0,60.7,3.55,3.84,3.24,2022-23
201949,James Johnson,1610612754,IND,18,7,11,162.0,61526,11.7,6.1,5.6,4.02,4.5,3.6,2022-23
1630164,James Wiseman,1610612765,DET,45,11,34,867.0,345960,65.5,34.6,30.9,4.26,4.47,4.04,2022-23
1630215,Jared Butler,1610612760,OKC,6,3,3,77.0,29686,5.6,3.2,2.4,4.08,4.47,3.67,2022-23
1631197,Jared Rhoden,1610612765,DET,14,2,12,198.0,82191,15.6,8.6,6.9,4.37,4.61,4.05,2022-23
1628991,Jaren Jackson Jr.,1610612763,MEM,63,41,22,1788.0,704538,133.4,68.9,64.5,4.17,4.44,3.91,2022-23
1629020,Jarred Vanderbilt,1610612747,LAL,78,43,35,1880.0,775848,146.9,77.1,69.9,4.38,4.55,4.22,2022-23
1629714,Jarrell Brantley,1610612762,UTA,4,0,4,39.0,14604,2.8,1.4,1.3,4.02,4.21,3.57,2022-23
1628386,Jarrett Allen,1610612739,CLE,68,44,24,2220.0,819461,155.2,81.6,73.6,3.92,4.04,3.79,2022-23
1629633,Jarrett Culver,1610612737,ATL,10,5,5,137.0,53998,10.2,5.5,4.7,4.12,4.31,3.92,2022-23
1630554,Jason Preston,1610612746,LAC,14,4,10,124.0,50237,9.5,5.1,4.4,4.24,4.65,3.85,2022-23
1629750,Javonte Green,1610612741,CHI,32,13,19,480.0,198911,37.7,19.3,18.4,4.36,4.68,4.07,2022-23
1629637,Jaxson Hayes,1610612740,NOP,47,22,25,610.0,235889,44.7,23.5,21.2,4.09,4.34,3.85,2022-23
1630643,Jay Huff,1610612764,WAS,7,2,5,95.0,37123,7.0,3.6,3.4,4.07,4.23,3.91,2022-23
1630206,Jay Scrubb,1610612753,ORL,2,1,1,30.0,12349,2.3,1.3,1.0,4.22,4.52,3.89,2022-23
1627759,Jaylen Brown,1610612738,BOS,67,46,21,2405.0,909294,172.2,92.0,80.2,4.02,4.33,3.72,2022-23
1629669,Jaylen Nowell,1610612750,MIN,65,34,31,1252.0,512782,97.1,51.0,46.1,4.32,4.63,4.02,2022-23
1631119,Jaylin Williams,1610612760,OKC,49,23,26,914.0,343759,65.1,35.6,29.6,4.04,4.37,3.72,2022-23
1628369,Jayson Tatum,1610612738,BOS,74,52,22,2732.0,967391,183.2,100.4,82.8,3.76,4.11,3.42,2022-23
1630288,Jeff Dowtin Jr.,1610612761,TOR,25,17,8,259.0,102323,19.4,10.4,8.9,4.19,4.43,3.89,2022-23
201145,Jeff Green,1610612743,DEN,56,33,23,1091.0,392905,74.4,39.7,34.7,3.82,4.01,3.62,2022-23
203924,Jerami Grant,1610612757,POR,63,28,35,2246.0,853567,161.7,86.8,74.9,4.03,4.26,3.8,2022-23
1630526,Jeremiah Robinson-Earl,1610612760,OKC,43,16,27,814.0,345933,65.5,35.1,30.4,4.53,5.04,4.05,2022-23
1631110,Jeremy Sochan,1610612759,SAS,55,15,40,1434.0,598138,113.3,61.5,51.8,4.45,4.9,4.02,2022-23
1630579,Jericho Sims,1610612752,NYK,52,31,21,812.0,323697,61.3,33.3,28.1,4.24,4.48,4.0,2022-23
1628975,Jevon Carter,1610612749,MIL,81,57,24,1812.0,736821,139.5,71.4,68.2,4.32,4.45,4.2,2022-23
202710,Jimmy Butler III,1610612748,MIA,64,35,29,2138.0,804596,152.4,81.0,71.4,4.0,4.17,3.82,2022-23
1629111,Jock Landale,1610612756,PHX,69,35,34,979.0,388249,73.5,38.8,34.7,4.18,4.4,3.96,2022-23
203925,Joe Harris,1610612751,BKN,74,40,34,1527.0,612210,115.9,64.5,51.5,4.28,4.82,3.76,2022-23
204060,Joe Ingles,1610612749,MIL,46,32,14,1044.0,400228,75.8,40.2,35.6,4.06,4.32,3.8,2022-23
1630580,Joe Wieskamp,1610612761,TOR,9,6,3,50.0,21448,4.1,2.2,1.9,4.62,4.91,4.33,2022-23
203954,Joel Embiid,1610612755,PHI,66,43,23,2284.0,764369,144.8,75.6,69.2,3.57,3.69,3.44,2022-23
1631219,John Butler Jr.,1610612757,POR,18,4,14,185.0,73644,13.9,7.2,6.7,4.18,4.27,4.08,2022-23
1628381,John Collins,1610612737,ATL,71,37,34,2130.0,812926,154.0,80.5,73.5,4.07,4.31,3.84,2022-23
1629723,John Konchar,1610612763,MEM,72,45,27,1494.0,636402,120.5,62.2,58.4,4.49,4.67,4.33,2022-23
202322,John Wall,1610612746,LAC,34,15,19,755.0,266530,50.5,27.1,23.3,3.7,3.99,3.4,2022-23
1631098,Johnny Davis,1610612764,WAS,28,10,18,423.0,171929,32.6,17.5,15.0,4.29,4.53,4.02,2022-23
1630548,Johnny Juzang,1610612762,UTA,18,6,12,232.0,103824,19.7,10.8,8.9,4.71,5.2,4.23,2022-23
202685,Jonas Valanciunas,1610612740,NOP,79,40,39,1968.0,739327,140.0,73.0,67.1,4.03,4.24,3.83,2022-23
1628371,Jonathan Isaac,1610612753,ORL,11,8,3,124.0,51833,9.8,5.3,4.5,4.42,4.66,4.17,2022-23
1630228,Jonathan Kuminga,1610612744,GSW,67,38,29,1394.0,578640,109.6,58.2,51.4,4.39,4.71,4.07,2022-23
203903,Jordan Clarkson,1610612762,UTA,61,30,31,1988.0,793525,150.3,84.6,65.7,4.22,4.65,3.77,2022-23
1630692,Jordan Goodwin,1610612764,WAS,62,22,40,1105.0,469119,88.8,48.5,40.3,4.47,4.79,4.13,2022-23
1631160,Jordan Hall,1610612759,SAS,9,1,8,83.0,35610,6.7,3.9,2.9,4.5,5.29,3.86,2022-23
1629162,Jordan McLaughlin,1610612750,MIN,42,21,21,658.0,285806,54.1,29.9,24.3,4.58,5.19,4.02,2022-23
1629670,Jordan Nwora,1610612754,IND,62,36,26,1188.0,488885,92.6,49.8,42.8,4.36,4.68,4.04,2022-23
1629673,Jordan Poole,1610612744,GSW,81,43,38,2427.0,935387,177.2,100.9,76.3,4.08,4.72,3.46,2022-23
1630648,Jordan Schakel,1610612764,WAS,2,0,2,6.0,2720,0.5,0.3,0.3,4.38,5.43,5.11,2022-23
1630631,Jose Alvarado,1610612740,NOP,61,30,31,1310.0,553682,104.9,54.6,50.3,4.47,4.7,4.25,2022-23
1630528,Josh Christopher,1610612745,HOU,64,16,48,786.0,314641,59.6,32.3,27.3,4.23,4.53,3.93,2022-23
1630581,Josh Giddey,1610612760,OKC,76,34,42,2367.0,963230,182.4,97.4,85.0,4.34,4.75,3.94,2022-23
1630182,Josh Green,1610612742,DAL,60,27,33,1539.0,648838,122.9,65.0,57.9,4.45,4.58,4.32,2022-23
1628404,Josh Hart,1610612752,NYK,76,42,34,2454.0,953118,180.5,96.6,83.9,4.1,4.33,3.87,2022-23
1631169,Josh Minott,1610612750,MIN,14,6,8,92.0,40589,7.7,4.1,3.6,4.66,5.2,4.16,2022-23
1629006,Josh Okogie,1610612756,PHX,72,38,34,1351.0,549924,104.2,53.0,51.1,4.31,4.36,4.24,2022-23
1626196,Josh Richardson,1610612740,NOP,64,24,40,1509.0,617672,117.0,64.8,52.2,4.31,4.77,3.85,2022-23
1630563,Joshua Primo,1610612759,SAS,4,3,1,93.0,39788,7.5,4.3,3.2,4.47,5.07,3.87,2022-23
201950,Jrue Holiday,1610612749,MIL,67,50,17,2183.0,851647,161.3,86.1,75.2,4.17,4.55,3.81,2022-23
1629308,Juan Toscano-Anderson,1610612762,UTA,52,19,33,700.0,294472,55.8,29.9,25.8,4.44,4.86,4.02,2022-23
1627823,Juancho Hernangomez,1610612761,TOR,42,20,22,613.0,258050,48.9,25.7,23.2,4.46,4.63,4.28,2022-23
1630577,Julian Champagnie,1610612759,SAS,15,6,9,263.0,114826,21.7,12.3,9.4,4.62,5.09,4.12,2022-23
203944,Julius Randle,1610612752,NYK,77,44,33,2737.0,1013439,191.9,106.2,85.8,3.92,4.19,3.63,2022-23
1630551,Justin Champagnie,1610612738,BOS,5,4,1,34.0,13916,2.6,1.4,1.2,4.28,4.25,4.32,2022-23
203200,Justin Holiday,1610612742,DAL,46,18,28,706.0,288541,54.6,29.4,25.2,4.29,4.67,3.93,2022-23
1628382,Justin Jackson,1610612738,BOS,23,15,8,107.0,41803,7.9,4.3,3.6,4.07,4.3,3.83,2022-23
1631303,Justin Minaya,1610612757,POR,3,0,3,61.0,26596,5.0,2.5,2.5,4.56,4.66,4.47,2022-23
1626159,Justise Winslow,1610612757,POR,29,15,14,776.0,299891,56.8,30.6,26.2,4.08,4.27,3.88,2022-23
203994,Jusuf Nurkić,1610612757,POR,52,24,28,1391.0,505599,95.8,51.4,44.3,3.87,4.12,3.62,2022-23
1630231,KJ Martin,1610612745,HOU,82,22,60,2292.0,822403,155.8,82.4,73.4,3.8,3.9,3.69,2022-23
1629644,KZ Okpala,1610612758,SAC,35,19,16,248.0,107620,20.4,10.4,10.0,4.54,4.82,4.28,2022-23
1630539,Kai Jones,1610612766,CHA,46,13,33,550.0,223908,42.4,22.7,19.7,4.26,4.55,3.97,2022-23
1626157,Karl-Anthony Towns,1610612750,MIN,28,14,14,929.0,345307,65.4,33.6,31.8,3.95,4.13,3.77,2022-23
202695,Kawhi Leonard,1610612746,LAC,52,33,19,1748.0,679464,128.7,71.5,57.2,4.12,4.48,3.76,2022-23
1631099,Keegan Murray,1610612758,SAC,80,47,33,2382.0,976970,185.0,98.0,87.0,4.37,4.76,4.0,2022-23
1628966,Keita Bates-Diop,1610612759,SAS,64,17,47,1394.0,578260,109.5,59.4,50.1,4.41,4.8,4.01,2022-23
1629640,Keldon Johnson,1610612759,SAS,61,16,45,2000.0,791266,149.9,83.0,66.9,4.21,4.69,3.73,2022-23
203482,Kelly Olynyk,1610612762,UTA,68,28,40,1942.0,746442,141.4,78.5,62.8,4.07,4.5,3.64,2022-23
1626162,Kelly Oubre Jr.,1610612766,CHA,48,16,32,1548.0,612314,116.0,61.7,54.2,4.2,4.49,3.9,2022-23
202689,Kemba Walker,1610612742,DAL,9,5,4,144.0,54168,10.3,5.8,4.5,4.01,4.4,3.6,2022-23
1631112,Kendall Brown,1610612754,IND,6,1,5,40.0,18007,3.4,1.7,1.7,4.59,4.81,4.4,2022-23
1629134,Kendrick Nunn,1610612764,WAS,70,30,40,963.0,381143,72.2,39.3,32.9,4.2,4.51,3.88,2022-23
1631113,Kennedy Chandler,1610612763,MEM,36,22,14,282.0,110553,20.9,11.3,9.6,4.1,4.34,3.85,2022-23
1631254,Kenneth Lofton Jr.,1610612763,MEM,24,15,9,176.0,65489,12.4,6.6,5.8,3.91,4.16,3.65,2022-23
1629026,Kenrich Williams,1610612760,OKC,53,26,27,1206.0,488507,92.5,48.4,44.1,4.29,4.64,3.97,2022-23
203484,Kentavious Caldwell-Pope,1610612743,DEN,76,51,25,2381.0,882729,167.2,86.7,80.5,3.94,4.12,3.77,2022-23
1631165,Keon Ellis,1610612758,SAC,16,7,9,71.0,29175,5.5,2.8,2.7,4.26,4.4,4.12,2022-23
1630553,Keon Johnson,1610612757,POR,40,13,27,416.0,167741,31.8,17.1,14.6,4.2,4.39,3.98,2022-23
1630556,Kessler Edwards,1610612758,SAC,36,17,19,386.0,161697,30.6,16.0,14.6,4.41,4.7,4.13,2022-23
201142,Kevin Durant,1610612756,PHX,47,34,13,1672.0,577998,109.5,58.5,50.9,3.69,3.98,3.39,2022-23
1628989,Kevin Huerter,1610612758,SAC,75,44,31,2203.0,900036,170.5,92.0,78.5,4.35,4.82,3.9,2022-23
1628995,Kevin Knox II,1610612757,POR,62,12,50,928.0,376342,71.3,38.9,32.4,4.28,4.65,3.91,2022-23
201567,Kevin Love,1610612748,MIA,62,35,27,1239.0,446098,84.5,45.5,39.0,3.83,3.99,3.66,2022-23
1629645,Kevin Porter Jr.,1610612745,HOU,59,18,41,2024.0,784522,148.6,80.6,68.0,4.11,4.31,3.9,2022-23
1630284,Kevon Harris,1610612753,ORL,34,12,22,457.0,182600,34.6,18.0,16.6,4.19,4.28,4.1,2022-23
1626172,Kevon Looney,1610612744,GSW,81,43,38,1937.0,728928,138.1,71.4,66.7,4.02,4.2,3.84,2022-23
203920,Khem Birch,1610612759,SAS,20,9,11,162.0,64758,12.3,6.5,5.7,4.26,4.58,3.89,2022-23
203114,Khris Middleton,1610612749,MIL,33,25,8,801.0,307017,58.1,31.4,26.7,4.08,4.53,3.65,2022-23
1630165,Killian Hayes,1610612765,DET,75,16,59,2122.0,818036,154.9,84.4,70.5,4.11,4.42,3.79,2022-23
1630184,Kira Lewis Jr.,1610612740,NOP,25,11,14,235.0,99359,18.8,9.8,9.0,4.46,4.76,4.18,2022-23
202691,Klay Thompson,1610612744,GSW,68,37,31,2256.0,885480,167.7,91.7,76.0,4.17,4.68,3.69,2022-23
1628424,Kobi Simmons,1610612766,CHA,5,1,4,28.0,11727,2.2,1.1,1.1,4.39,4.33,4.44,2022-23
1627739,Kris Dunn,1610612762,UTA,22,8,14,568.0,230074,43.6,23.2,20.4,4.25,4.73,3.81,2022-23
204001,Kristaps Porziņģis,1610612764,WAS,65,27,38,2120.0,774576,146.7,80.2,66.5,3.89,4.13,3.63,2022-23
203937,Kyle Anderson,1610612750,MIN,68,35,33,1932.0,736614,139.5,74.2,65.4,4.03,4.33,3.75,2022-23
1628398,Kyle Kuzma,1610612764,WAS,64,29,35,2239.0,865106,163.8,90.9,72.9,4.09,4.44,3.73,2022-23
200768,Kyle Lowry,1610612748,MIA,55,30,25,1718.0,598448,113.3,62.2,51.1,3.69,3.99,3.39,2022-23
202681,Kyrie Irving,1610612742,DAL,60,32,28,2241.0,825577,156.4,84.0,72.3,3.92,4.27,3.58,2022-23
1630163,LaMelo Ball,1610612766,CHA,36,13,23,1268.0,527026,99.8,54.6,45.2,4.41,4.94,3.91,2022-23
1630205,Lamar Stevens,1610612739,CLE,62,39,23,1121.0,436556,82.7,42.6,40.1,4.12,4.2,4.05,2022-23
1629013,Landry Shamet,1610612756,PHX,40,19,21,807.0,341366,64.7,36.5,28.1,4.47,5.06,3.88,2022-23
1626204,Larry Nance Jr.,1610612740,NOP,65,34,31,1381.0,527549,99.9,52.9,47.0,4.01,4.28,3.74,2022-23
1628374,Lauri Markkanen,1610612762,UTA,66,32,34,2272.0,878526,166.4,92.0,74.4,4.08,4.45,3.7,2022-23
2544,LeBron James,1610612747,LAL,55,30,25,1954.0,680364,128.9,70.1,58.8,3.71,4.07,3.36,2022-23
1630195,Leandro Bolmaro,1610612762,UTA,14,8,6,68.0,29628,5.6,3.0,2.6,4.49,4.73,4.24,2022-23
1631311,Lester Quiñones,1610612744,GSW,4,4,0,18.0,8054,1.5,0.9,0.6,4.55,4.95,4.05,2022-23
1629623,Lindell Wigginton,1610612749,MIL,7,4,3,87.0,33821,6.4,3.5,3.0,4.11,4.24,4.09,2022-23
1630322,Lindy Waters III,1610612760,OKC,41,20,21,531.0,223378,42.3,22.6,19.7,4.44,4.92,4.0,2022-23
1629022,Lonnie Walker IV,1610612747,LAL,56,27,29,1297.0,489633,92.7,47.9,44.9,4.06,4.22,3.91,2022-23
1629663,Louis King,1610612755,PHI,1,1,0,29.0,11364,2.2,1.2,1.0,4.24,4.29,4.19,2022-23
1629652,Luguentz Dort,1610612760,OKC,74,36,38,2272.0,904314,171.3,89.6,81.7,4.23,4.56,3.92,2022-23
1629029,Luka Dončić,1610612742,DAL,66,33,33,2391.0,822466,155.8,88.6,67.2,3.65,4.04,3.24,2022-23
1630568,Luka Garza,1610612750,MIN,27,14,13,237.0,104072,19.7,10.5,9.2,4.61,4.91,4.3,2022-23
1629677,Luka Samanic,1610612762,UTA,7,2,5,161.0,65624,12.4,6.5,5.9,4.33,4.94,3.82,2022-23
1628379,Luke Kennard,1610612763,MEM,59,37,22,1315.0,520291,98.5,53.0,45.5,4.18,4.55,3.81,2022-23
1628436,Luke Kornet,1610612738,BOS,69,45,24,804.0,318092,60.2,32.3,27.9,4.19,4.4,3.96,2022-23
1630644,Mac McClung,1610612755,PHI,2,2,0,41.0,16960,3.2,1.8,1.4,4.31,4.49,4.11,2022-23
1630201,Malachi Flynn,1610612761,TOR,53,29,24,691.0,278729,52.8,28.4,24.4,4.25,4.57,3.93,2022-23
1631103,Malaki Branham,1610612759,SAS,63,14,49,1479.0,618861,117.2,64.6,52.6,4.44,4.92,3.97,2022-23
1627763,Malcolm Brogdon,1610612738,BOS,67,46,21,1744.0,655934,124.2,68.9,55.3,3.98,4.4,3.55,2022-23
1630792,Malcolm Hill,1610612741,CHI,4,3,1,8.0,2962,0.6,0.3,0.3,4.18,4.46,3.92,2022-23
1627736,Malik Beasley,1610612747,LAL,81,45,36,2093.0,780084,147.7,81.6,66.2,3.94,4.24,3.63,2022-23
1628370,Malik Monk,1610612758,SAC,77,47,30,1719.0,700050,132.6,71.9,60.6,4.28,4.82,3.76,2022-23
1629603,Mamadi Diakite,1610612739,CLE,22,15,7,176.0,67382,12.8,6.7,6.1,4.03,4.23,3.83,2022-23
1630699,MarJon Beauchamp,1610612749,MIL,52,34,18,701.0,286865,54.3,28.8,25.5,4.33,4.52,4.13,2022-23
202694,Marcus Morris Sr.,1610612746,LAC,65,35,30,1825.0,653040,123.7,66.0,57.7,3.81,4.02,3.59,2022-23
203935,Marcus Smart,1610612738,BOS,61,43,18,1957.0,689690,130.6,69.7,60.9,3.75,4.05,3.46,2022-23
1631109,Mark Williams,1610612766,CHA,43,18,25,828.0,326030,61.7,31.8,30.0,4.18,4.41,3.97,2022-23
1628365,Markelle Fultz,1610612753,ORL,60,29,31,1778.0,747928,141.7,75.5,66.2,4.48,4.86,4.12,2022-23
202693,Markieff Morris,1610612742,DAL,35,17,18,355.0,130764,24.8,13.1,11.6,3.9,3.99,3.78,2022-23
1630250,Marko Simonovic,1610612741,CHI,6,2,4,19.0,7349,1.4,0.7,0.7,4.06,4.79,3.52,2022-23
1628963,Marvin Bagley III,1610612765,DET,42,7,35,990.0,394090,74.6,39.8,34.8,4.27,4.43,4.09,2022-23
203486,Mason Plumlee,1610612746,LAC,79,28,51,2053.0,821780,155.6,83.9,71.8,4.26,4.6,3.92,2022-23
1629680,Matisse Thybulle,1610612757,POR,71,38,33,1200.0,478217,90.6,45.8,44.8,4.23,4.29,4.18,2022-23
1630346,Matt Ryan,1610612750,MIN,33,14,19,306.0,125570,23.8,12.7,11.1,4.31,4.74,3.9,2022-23
203521,Matthew Dellavedova,1610612758,SAC,32,19,13,213.0,90275,17.1,9.3,7.8,4.44,5.0,3.91,2022-23
1631108,Max Christie,1610612747,LAL,41,19,22,512.0,213558,40.4,21.5,19.0,4.41,4.7,4.14,2022-23
1629622,Max Strus,1610612748,MIA,80,42,38,2272.0,932978,176.7,100.7,76.0,4.35,4.9,3.79,2022-23
1628467,Maxi Kleber,1610612742,DAL,37,18,19,930.0,344837,65.3,35.2,30.1,3.91,4.08,3.72,2022-23
1630593,McKinley Wright IV,1610612742,DAL,27,14,13,335.0,137967,26.1,13.8,12.3,4.37,4.65,4.09,2022-23
203086,Meyers Leonard,1610612749,MIL,9,6,3,114.0,41492,7.9,4.4,3.4,3.88,4.12,3.52,2022-23
1629662,Mfiondu Kabengele,1610612738,BOS,4,3,1,36.0,13453,2.5,1.4,1.1,3.83,4.02,3.61,2022-23
1630695,Micah Potter,1610612762,UTA,7,4,3,52.0,22410,4.2,2.3,2.0,4.42,4.86,4.19,2022-23
203487,Michael Carter-Williams,1610612753,ORL,4,1,3,44.0,16920,3.2,1.8,1.4,3.99,4.29,3.66,2022-23
1630701,Michael Foster Jr.,1610612755,PHI,1,1,0,1.0,356,0.1,0.0,0.0,5.13,0.0,0.0,2022-23
1629008,Michael Porter Jr.,1610612743,DEN,62,41,21,1798.0,675490,127.9,66.2,61.8,4.01,4.14,3.89,2022-23
1628969,Mikal Bridges,1610612751,BKN,83,42,41,2963.0,1182569,224.0,120.9,103.1,4.25,4.55,3.93,2022-23
201144,Mike Conley,1610612750,MIN,66,33,33,2004.0,786559,149.0,82.1,66.9,4.15,4.48,3.82,2022-23
203488,Mike Muscala,1610612738,BOS,63,32,31,945.0,395255,74.9,41.2,33.6,4.42,4.92,3.91,2022-23
1630540,Miles McBride,1610612752,NYK,64,36,28,760.0,313501,59.4,31.3,28.1,4.34,4.49,4.2,2022-23
1629011,Mitchell Robinson,1610612752,NYK,59,35,24,1589.0,592690,112.3,59.1,53.2,3.98,4.04,3.92,2022-23
1628964,Mo Bamba,1610612747,LAL,49,25,24,768.0,286852,54.3,29.2,25.1,3.98,4.2,3.76,2022-23
1628420,Monte Morris,1610612764,WAS,62,28,34,1696.0,657658,124.6,70.1,54.4,4.13,4.51,3.71,2022-23
1626149,Montrezl Harrell,1610612755,PHI,57,35,22,681.0,252128,47.8,25.7,22.1,3.92,4.15,3.69,2022-23
1629021,Moritz Wagner,1610612753,ORL,57,27,30,1109.0,440480,83.4,45.2,38.3,4.19,4.56,3.84,2022-23
1629650,Moses Brown,1610612746,LAC,36,17,19,294.0,117982,22.3,12.1,10.3,4.19,4.48,3.93,2022-23
1630541,Moses Moody,1610612744,GSW,62,36,26,799.0,313628,59.4,32.0,27.4,4.13,4.46,3.8,2022-23
1631217,Moussa Diabaté,1610612746,LAC,22,10,12,195.0,82847,15.7,8.5,7.2,4.41,4.74,4.07,2022-23
1626167,Myles Turner,1610612754,IND,62,29,33,1825.0,692454,131.1,69.0,62.1,4.04,4.36,3.73,2022-23
1630230,Naji Marshall,1610612740,NOP,77,40,37,1792.0,705796,133.7,70.6,63.0,4.16,4.38,3.93,2022-23
1629642,Nassir Little,1610612757,POR,54,22,32,976.0,386977,73.3,39.9,33.4,4.18,4.44,3.92,2022-23
1631466,Nate Williams,1610612757,POR,4,1,3,95.0,38556,7.3,3.5,3.8,4.38,4.2,4.56,2022-23
1630233,Nathan Knight,1610612750,MIN,37,18,19,286.0,112125,21.2,11.2,10.0,4.1,4.31,3.89,2022-23
1629675,Naz Reid,1610612750,MIN,68,32,36,1251.0,501283,94.9,50.2,44.8,4.24,4.58,3.91,2022-23
1629674,Neemias Queta,1610612758,SAC,5,1,4,29.0,12192,2.3,1.2,1.1,4.35,4.74,3.99,2022-23
203457,Nerlens Noel,1610612751,BKN,17,4,13,195.0,75543,14.3,7.6,6.7,4.07,4.4,3.75,2022-23
1629651,Nic Claxton,1610612751,BKN,76,41,35,2271.0,902103,170.9,88.8,82.0,4.24,4.5,3.99,2022-23
1630208,Nick Richards,1610612766,CHA,65,21,44,1218.0,509683,96.5,51.5,45.0,4.44,4.73,4.14,2022-23
1629638,Nickeil Alexander-Walker,1610612750,MIN,58,28,30,868.0,370287,70.1,38.3,31.8,4.49,4.88,4.1,2022-23
201587,Nicolas Batum,1610612746,LAC,78,44,34,1710.0,679335,128.7,65.9,62.8,4.18,4.24,4.12,2022-23
203999,Nikola Jokić,1610612743,DEN,69,48,21,2323.0,836237,158.4,86.1,72.3,3.84,4.21,3.47,2022-23
1631107,Nikola Jović,1610612748,MIA,15,7,8,204.0,82616,15.6,8.6,7.1,4.3,4.76,3.89,2022-23
202696,Nikola Vučević,1610612741,CHI,81,39,42,2711.0,977112,185.1,96.1,89.0,3.85,4.07,3.63,2022-23
203943,Noah Vonleh,1610612738,BOS,23,17,6,172.0,68155,12.9,7.1,5.8,4.19,4.62,3.77,2022-23
1626181,Norman Powell,1610612746,LAC,60,31,29,1567.0,616449,116.8,63.4,53.3,4.13,4.44,3.8,2022-23
1628384,OG Anunoby,1610612761,TOR,67,33,34,2386.0,901937,170.8,88.0,82.8,4.01,4.16,3.87,2022-23
1630167,Obi Toppin,1610612752,NYK,67,37,30,1051.0,446564,84.6,45.5,39.1,4.5,4.83,4.17,2022-23
1630534,Ochai Agbaji,1610612762,UTA,59,29,30,1209.0,492609,93.3,50.7,42.6,4.3,4.71,3.9,2022-23
1630846,Olivier Sarr,1610612760,OKC,9,5,4,114.0,46327,8.8,4.8,3.9,4.32,4.66,3.88,2022-23
1630209,Omer Yurtseven,1610612748,MIA,9,5,4,83.0,33380,6.3,3.4,2.9,4.15,4.2,4.09,2022-23
1630168,Onyeka Okongwu,1610612737,ATL,80,41,39,1849.0,721636,136.7,70.1,66.6,4.14,4.33,3.96,2022-23
1631115,Orlando Robinson,1610612748,MIA,31,18,13,425.0,168932,32.0,17.0,15.0,4.22,4.28,4.15,2022-23
1629052,Oshae Brissett,1610612754,IND,65,27,38,1083.0,442790,83.9,45.1,38.8,4.31,4.69,3.95,2022-23
203490,Otto Porter Jr.,1610612761,TOR,8,4,4,146.0,58507,11.1,5.9,5.2,4.24,4.52,3.96,2022-23
1631172,Ousmane Dieng,1610612760,OKC,39,20,19,569.0,229304,43.4,23.7,19.8,4.28,4.76,3.83,2022-23
200782,P.J. Tucker,1610612755,PHI,75,48,27,1920.0,735072,139.2,72.3,66.9,4.1,4.17,4.02,2022-23
1629023,P.J. Washington,1610612766,CHA,73,24,49,2380.0,946455,179.3,98.1,81.1,4.24,4.71,3.78,2022-23
1628408,PJ Dozier,1610612758,SAC,16,11,5,79.0,33185,6.3,3.4,2.8,4.36,4.72,3.87,2022-23
1631094,Paolo Banchero,1610612753,ORL,72,31,41,2430.0,950359,180.0,98.0,82.0,4.15,4.58,3.73,2022-23
1627783,Pascal Siakam,1610612761,TOR,71,35,36,2652.0,1016153,192.5,105.3,87.1,4.07,4.49,3.65,2022-23
1626192,Pat Connaughton,1610612749,MIL,61,43,18,1443.0,578373,109.5,58.8,50.7,4.26,4.65,3.89,2022-23
1631116,Patrick Baldwin Jr.,1610612744,GSW,31,15,16,226.0,91915,17.4,9.6,7.8,4.28,4.74,3.83,2022-23
201976,Patrick Beverley,1610612741,CHI,67,34,33,1817.0,709578,134.4,69.9,64.5,4.19,4.38,4.0,2022-23
1630172,Patrick Williams,1610612741,CHI,81,39,42,2292.0,913103,172.9,89.7,83.2,4.26,4.57,3.96,2022-23
201988,Patty Mills,1610612751,BKN,40,18,22,567.0,229213,43.4,23.2,20.2,4.32,4.63,4.01,2022-23
202331,Paul George,1610612746,LAC,56,32,24,1939.0,725206,137.3,75.7,61.6,3.97,4.32,3.6,2022-23
1630194,Paul Reed,1610612755,PHI,69,44,25,755.0,313089,59.3,31.8,27.5,4.37,4.62,4.12,2022-23
1630202,Payton Pritchard,1610612738,BOS,48,32,16,643.0,261291,49.5,26.8,22.7,4.31,4.58,4.03,2022-23
1631212,Peyton Watson,1610612743,DEN,23,13,10,186.0,75538,14.3,7.6,6.7,4.28,4.6,3.97,2022-23
1630173,Precious Achiuwa,1610612761,TOR,55,30,25,1141.0,448048,84.9,44.8,40.1,4.15,4.35,3.96,2022-23
1629656,Quentin Grimes,1610612752,NYK,71,41,30,2121.0,806156,152.7,81.8,70.9,4.03,4.16,3.9,2022-23
1631245,Quenton Jackson,1610612764,WAS,9,3,6,135.0,56804,10.8,5.9,4.9,4.43,4.83,4.02,2022-23
1630181,R.J. Hampton,1610612765,DET,47,9,38,750.0,310462,58.8,32.0,26.8,4.37,4.64,4.09,2022-23
1629628,RJ Barrett,1610612752,NYK,73,40,33,2475.0,983730,186.3,101.5,84.8,4.21,4.5,3.91,2022-23
1630564,RaiQuan Gray,1610612751,BKN,1,0,1,35.0,13226,2.5,1.3,1.2,3.94,4.43,3.53,2022-23
203526,Raul Neto,1610612739,CLE,48,31,17,505.0,195571,37.0,19.8,17.3,4.08,4.24,3.92,2022-23
203493,Reggie Bullock Jr.,1610612742,DAL,78,37,41,2365.0,890124,168.6,88.5,80.1,4.0,4.05,3.95,2022-23
202704,Reggie Jackson,1610612743,DEN,68,36,32,1657.0,625728,118.5,65.1,53.4,4.02,4.35,3.67,2022-23
1626158,Richaun Holmes,1610612758,SAC,42,22,20,348.0,133573,25.3,12.8,12.5,4.05,4.2,3.91,2022-23
201937,Ricky Rubio,1610612739,CLE,33,23,10,566.0,227566,43.1,24.0,19.1,4.24,4.6,3.87,2022-23
203496,Robert Covington,1610612746,LAC,48,20,28,779.0,292930,55.5,29.9,25.6,3.93,4.24,3.62,2022-23
1629057,Robert Williams III,1610612738,BOS,35,24,11,824.0,311402,59.0,31.7,27.3,4.03,4.28,3.77,2022-23
201577,Robin Lopez,1610612739,CLE,37,25,12,298.0,113624,21.5,11.8,9.7,4.01,4.18,3.82,2022-23
203585,Rodney McGruder,1610612765,DET,32,4,28,524.0,220495,41.8,22.4,19.4,4.48,4.8,4.16,2022-23
1629641,Romeo Langford,1610612759,SAS,40,13,27,790.0,330843,62.7,32.6,30.1,4.45,4.67,4.24,2022-23
1631199,Ron Harper Jr.,1610612761,TOR,9,6,3,47.0,19494,3.7,2.1,1.6,4.31,4.93,3.7,2022-23
1626220,Royce O'Neale,1610612751,BKN,76,42,34,2409.0,929999,176.1,96.6,79.6,4.11,4.58,3.66,2022-23
200752,Rudy Gay,1610612762,UTA,56,29,27,816.0,318235,60.3,32.4,27.8,4.11,4.38,3.82,2022-23
203497,Rudy Gobert,1610612750,MIN,69,33,36,2120.0,829365,157.1,82.9,74.2,4.16,4.42,3.9,2022-23
1629060,Rui Hachimura,1610612747,LAL,63,38,25,1466.0,582045,110.2,59.6,50.7,4.2,4.5,3.9,2022-23
201566,Russell Westbrook,1610612746,LAC,73,36,37,2126.0,780224,147.8,81.2,66.5,3.9,4.34,3.46,2022-23
1627853,Ryan Arcidiacono,1610612752,NYK,20,9,11,172.0,71936,13.6,7.8,5.9,4.42,4.88,4.0,2022-23
1631157,Ryan Rollins,1610612744,GSW,12,5,7,62.0,26393,5.0,2.7,2.3,4.47,4.7,4.23,2022-23
1630240,Saben Lee,1610612756,PHX,25,15,10,374.0,154733,29.3,15.7,13.6,4.35,4.61,4.08,2022-23
1630180,Saddiq Bey,1610612737,ATL,76,24,52,2100.0,811333,153.7,79.9,73.7,4.1,4.28,3.91,2022-23
1630573,Sam Hauser,1610612738,BOS,80,55,25,1290.0,555216,105.2,58.8,46.4,4.56,5.0,4.1,2022-23
1630241,Sam Merrill,1610612739,CLE,5,4,1,59.0,24370,4.6,2.5,2.1,4.34,4.87,3.85,2022-23
1630572,Sandro Mamukelashvili,1610612759,SAS,41,22,19,613.0,258014,48.9,27.3,21.6,4.45,4.79,4.09,2022-23
1630583,Santi Aldama,1610612763,MEM,77,47,30,1682.0,697838,132.2,70.0,62.2,4.39,4.66,4.13,2022-23
1630567,Scottie Barnes,1610612761,TOR,77,38,39,2678.0,1073624,203.3,108.9,94.4,4.25,4.58,3.92,2022-23
1630590,Scotty Pippen Jr.,1610612747,LAL,6,1,5,32.0,13298,2.5,1.3,1.2,4.32,4.71,3.96,2022-23
201586,Serge Ibaka,1610612749,MIL,16,11,5,185.0,68443,13.0,7.2,5.7,3.9,4.03,3.69,2022-23
203552,Seth Curry,1610612751,BKN,61,37,24,1211.0,454572,86.1,46.4,39.7,3.97,4.26,3.68,2022-23
1631101,Shaedon Sharpe,1610612757,POR,80,32,48,1779.0,707569,134.0,71.2,62.8,4.21,4.38,4.03,2022-23
1628983,Shai Gilgeous-Alexander,1610612760,OKC,68,33,35,2416.0,911197,172.6,93.4,79.2,3.99,4.49,3.53,2022-23
1629003,Shake Milton,1610612755,PHI,76,52,24,1567.0,610143,115.6,62.4,53.2,4.11,4.41,3.8,2022-23
1627885,Shaquille Harrison,1610612747,LAL,4,1,3,96.0,41638,7.9,4.3,3.6,4.59,4.95,4.23,2022-23
1631323,Simone Fontecchio,1610612762,UTA,52,25,27,766.0,320727,60.7,34.0,26.7,4.39,4.94,3.85,2022-23
1630219,Skylar Mays,1610612757,POR,5,1,4,166.0,63569,12.0,6.6,5.4,4.09,4.48,3.69,2022-23
203915,Spencer Dinwiddie,1610612751,BKN,79,41,38,2725.0,982859,186.1,105.0,81.1,3.84,4.23,3.43,2022-23
1626169,Stanley Johnson,1610612762,UTA,29,5,24,459.0,190333,36.0,19.3,16.8,4.35,4.81,3.94,2022-23
1630649,Stanley Umude,1610612765,DET,1,0,1,2.0,932,0.2,0.1,0.1,4.66,6.81,3.54,2022-23
201939,Stephen Curry,1610612744,GSW,55,29,26,1918.0,760667,144.1,81.2,62.9,4.22,4.91,3.57,2022-23
1628425,Sterling Brown,1610612747,LAL,4,2,2,24.0,10523,2.0,1.0,1.0,4.45,4.38,4.54,2022-23
203500,Steven Adams,1610612763,MEM,42,28,14,1133.0,428853,81.2,42.4,38.8,4.02,4.19,3.85,2022-23
1629004,Svi Mykhailiuk,1610612766,CHA,32,16,16,468.0,189543,35.9,19.2,16.7,4.27,4.61,3.94,2022-23
204456,T.J. McConnell,1610612754,IND,75,31,44,1526.0,666637,126.3,67.7,58.6,4.6,5.02,4.2,2022-23
203933,T.J. Warren,1610612756,PHX,42,26,16,687.0,275559,52.2,27.1,25.1,4.24,4.35,4.13,2022-23
201959,Taj Gibson,1610612764,WAS,49,21,28,480.0,184003,34.8,18.6,16.2,4.02,4.13,3.91,2022-23
1629659,Talen Horton-Tucker,1610612762,UTA,65,30,35,1313.0,502853,95.2,53.2,42.0,4.04,4.5,3.58,2022-23
1631106,Tari Eason,1610612745,HOU,82,22,60,1767.0,699039,132.4,71.3,61.1,4.18,4.38,3.96,2022-23
1627752,Taurean Prince,1610612750,MIN,53,30,23,1167.0,454176,86.0,45.3,40.8,4.09,4.38,3.82,2022-23
1629611,Terance Mann,1610612746,LAC,81,44,37,1872.0,753312,142.7,75.3,67.3,4.25,4.42,4.08,2022-23
1629056,Terence Davis,1610612758,SAC,64,38,26,841.0,350007,66.3,34.4,31.9,4.4,4.76,4.07,2022-23
203082,Terrence Ross,1610612756,PHX,63,27,36,1331.0,524318,99.3,53.9,45.4,4.19,4.5,3.86,2022-23
1626179,Terry Rozier,1610612766,CHA,63,19,44,2221.0,900813,170.6,94.4,76.2,4.33,4.79,3.87,2022-23
1630678,Terry Taylor,1610612741,CHI,31,13,18,263.0,109664,20.8,11.0,9.8,4.37,4.8,3.98,2022-23
201152,Thaddeus Young,1610612761,TOR,54,23,31,795.0,312341,59.2,31.7,27.4,4.15,4.34,3.94,2022-23
203648,Thanasis Antetokounmpo,1610612749,MIL,37,25,12,206.0,83363,15.8,8.5,7.3,4.23,4.3,4.16,2022-23
1630177,Theo Maledon,1610612766,CHA,44,14,30,854.0,353235,66.9,36.9,30.0,4.36,4.8,3.91,2022-23
1629033,Theo Pinson,1610612742,DAL,40,19,21,323.0,128154,24.3,13.0,11.3,4.16,4.44,3.88,2022-23
1628418,Thomas Bryant,1610612743,DEN,59,33,26,1082.0,413229,78.3,41.8,36.4,4.09,4.38,3.8,2022-23
203501,Tim Hardaway Jr.,1610612742,DAL,71,37,34,2152.0,796617,150.9,82.3,68.6,3.94,4.18,3.67,2022-23
202699,Tobias Harris,1610612755,PHI,74,47,27,2436.0,909594,172.3,91.9,80.3,3.98,4.14,3.81,2022-23
1628396,Tony Bradley,1610612741,CHI,11,4,7,32.0,13558,2.6,1.3,1.3,4.35,4.68,4.07,2022-23
1628470,Torrey Craig,1610612756,PHX,79,44,35,1948.0,817316,154.8,82.4,72.4,4.46,4.7,4.22,2022-23
1629027,Trae Young,1610612737,ATL,73,38,35,2541.0,958488,181.5,100.1,81.5,3.99,4.46,3.53,2022-23
1630200,Tre Jones,1610612759,SAS,65,19,46,1891.0,798843,151.3,82.9,68.4,4.49,4.92,4.05,2022-23
1630544,Tre Mann,1610612760,OKC,67,31,36,1183.0,479416,90.8,48.9,41.9,4.3,4.65,3.95,2022-23
1630570,Trendon Watford,1610612757,POR,61,26,35,1162.0,444921,84.3,46.3,37.9,4.05,4.35,3.72,2022-23
1630235,Trent Forrest,1610612737,ATL,23,9,14,277.0,109755,20.8,11.0,9.8,4.18,4.4,3.96,2022-23
1630243,Trevelin Queen,1610612755,PHI,7,2,5,70.0,29047,5.5,3.0,2.5,4.4,5.01,3.83,2022-23
1631309,Trevor Hudgins,1610612745,HOU,5,0,5,28.0,10983,2.1,1.1,1.0,4.07,4.39,3.76,2022-23
1631211,Trevor Keels,1610612752,NYK,3,3,0,8.0,2985,0.6,0.3,0.2,4.08,3.75,2.98,2022-23
1626168,Trey Lyles,1610612758,SAC,74,43,31,1247.0,515800,97.7,51.3,46.4,4.34,4.68,4.01,2022-23
1630530,Trey Murphy III,1610612740,NOP,79,39,40,2448.0,965091,182.8,94.0,88.8,4.19,4.38,4.02,2022-23
1628972,Troy Brown Jr.,1610612747,LAL,76,40,36,1860.0,752028,142.4,74.7,67.7,4.32,4.55,4.09,2022-23
1629660,Ty Jerome,1610612744,GSW,45,22,23,816.0,315546,59.8,34.2,25.6,4.08,4.59,3.55,2022-23
1631102,TyTy Washington Jr.,1610612745,HOU,31,6,25,433.0,162360,30.8,16.8,13.9,3.98,4.3,3.63,2022-23
1628416,Tyler Dorsey,1610612742,DAL,3,2,1,8.0,2728,0.5,0.3,0.2,3.35,3.97,2.72,2022-23
1629639,Tyler Herro,1610612748,MIA,67,37,30,2335.0,937388,177.5,97.4,80.2,4.27,4.63,3.9,2022-23
1630169,Tyrese Haliburton,1610612754,IND,56,28,28,1883.0,758462,143.6,80.2,63.4,4.28,4.91,3.68,2022-23
1631213,Tyrese Martin,1610612737,ATL,16,10,6,66.0,26444,5.0,2.7,2.3,4.21,4.49,3.93,2022-23
1630178,Tyrese Maxey,1610612755,PHI,60,39,21,2016.0,815935,154.5,84.2,70.4,4.31,4.58,4.03,2022-23
1626145,Tyus Jones,1610612763,MEM,80,51,29,1939.0,790101,149.6,81.2,68.4,4.31,4.7,3.93,2022-23
1628962,Udoka Azubuike,1610612762,UTA,36,17,19,359.0,133685,25.3,13.2,12.1,3.92,4.11,3.74,2022-23
2617,Udonis Haslem,1610612748,MIA,7,4,3,72.0,26028,4.9,2.6,2.4,3.78,3.97,3.73,2022-23
1630586,Usman Garuba,1610612745,HOU,75,21,54,970.0,372732,70.6,36.6,34.0,4.04,4.13,3.94,2022-23
1630176,Vernon Carey Jr.,1610612762,UTA,11,8,3,28.0,11326,2.1,1.2,0.9,4.0,4.1,3.87,2022-23
203506,Victor Oladipo,1610612748,MIA,42,23,19,1106.0,414588,78.5,43.0,35.5,3.95,4.26,3.62,2022-23
1631246,Vince Williams Jr.,1610612763,MEM,15,7,8,105.0,43139,8.2,4.1,4.0,4.36,4.43,4.19,2022-23
1628427,Vlatko Cancar,1610612743,DEN,60,38,22,889.0,335290,63.5,34.6,28.9,3.99,4.26,3.7,2022-23
1630249,Vít Krejčí,1610612737,ATL,29,15,14,165.0,65371,12.4,6.7,5.7,4.13,4.49,3.78,2022-23
1631117,Walker Kessler,1610612762,UTA,74,34,40,1703.0,689655,130.6,70.4,60.2,4.28,4.54,4.02,2022-23
1628976,Wendell Carter Jr.,1610612753,ORL,57,26,31,1690.0,613168,116.1,61.6,54.5,3.86,4.17,3.56,2022-23
1631111,Wendell Moore Jr.,1610612750,MIN,28,15,13,149.0,66235,12.5,6.8,5.8,4.66,5.2,4.21,2022-23
1629117,Wenyen Gabriel,1610612747,LAL,68,37,31,1024.0,415243,78.6,42.9,35.7,4.31,4.72,3.9,2022-23
202083,Wesley Matthews,1610612749,MIL,52,37,15,820.0,333156,63.1,34.2,28.9,4.27,4.6,3.92,2022-23
203115,Will Barton,1610612761,TOR,56,27,29,993.0,387173,73.3,40.0,33.3,4.12,4.43,3.8,2022-23
1626195,Willy Hernangomez,1610612740,NOP,38,23,15,458.0,183901,34.8,18.5,16.3,4.24,4.5,3.98,2022-23
1641645,Xavier Cooks,1610612764,WAS,10,2,8,126.0,51623,9.8,5.2,4.5,4.31,4.65,3.89,2022-23
1629875,Xavier Moon,1610612746,LAC,4,2,2,20.0,7643,1.4,0.8,0.6,3.92,4.42,3.41,2022-23
1630270,Xavier Sneed,1610612766,CHA,4,0,4,48.0,20389,3.9,2.0,1.8,4.42,4.87,3.82,2022-23
1630214,Xavier Tillman,1610612763,MEM,61,40,21,1180.0,476812,90.3,47.0,43.3,4.29,4.56,4.04,2022-23
1629139,Yuta Watanabe,1610612751,BKN,58,30,28,928.0,371295,70.3,37.3,33.0,4.25,4.52,3.98,2022-23
1628380,Zach Collins,1610612759,SAS,61,19,42,1398.0,535541,101.4,54.7,46.7,4.05,4.39,3.71,2022-23
203897,Zach LaVine,1610612741,CHI,76,37,39,2732.0,1055848,200.0,107.2,92.8,4.11,4.53,3.72,2022-23
1630192,Zeke Nnaji,1610612743,DEN,52,34,18,726.0,282752,53.6,28.6,24.9,4.11,4.28,3.92,2022-23
1630533,Ziaire Williams,1610612763,MEM,37,21,16,561.0,224267,42.5,21.2,21.3,4.22,4.37,4.08,2022-23
1629627,Zion Williamson,1610612740,NOP,29,17,12,956.0,377771,71.5,38.9,32.6,4.19,4.67,3.74,2022-23
1630639,A.J. Lawson,1610612742,DAL,41,26,15,308.0,134578,25.5,13.0,12.4,4.62,4.77,4.44,2023-24
1631260,AJ Green,1610612749,MIL,56,35,21,614.0,253296,48.0,25.4,22.6,4.34,4.72,3.99,2023-24
1631100,AJ Griffin,1610612737,ATL,20,8,12,171.0,74118,14.0,7.4,6.7,4.59,4.77,4.47,2023-24
203932,Aaron Gordon,1610612743,DEN,71,47,24,2244.0,842880,159.6,84.4,75.3,3.99,4.15,3.82,2023-24
1628988,Aaron Holiday,1610612745,HOU,78,39,39,1269.0,509158,96.4,50.2,46.2,4.23,4.5,3.97,2023-24
1630174,Aaron Nesmith,1610612754,IND,72,41,31,1995.0,831371,157.5,81.9,75.5,4.43,4.76,4.11,2023-24
1630598,Aaron Wiggins,1610612760,OKC,78,55,23,1228.0,536879,101.7,53.8,47.9,4.62,5.07,4.2,2023-24
1641745,Adam Flagler,1610612760,OKC,2,2,0,14.0,5565,1.1,0.6,0.5,4.45,4.9,4.01,2023-24
1641766,Adama Sanogo,1610612741,CHI,9,3,6,66.0,26033,4.9,2.5,2.4,4.14,4.36,3.94,2023-24
1629678,Admiral Schofield,1610612753,ORL,23,15,8,84.0,32584,6.2,3.4,2.8,4.03,4.22,3.82,2023-24
201143,Al Horford,1610612738,BOS,64,50,14,1708.0,643343,121.8,64.4,57.4,4.0,4.2,3.8,2023-24
202692,Alec Burks,1610612752,NYK,66,18,48,1212.0,479486,90.8,48.8,42.0,4.15,4.37,3.93,2023-24
1630197,Aleksej Pokusevski,1610612766,CHA,27,13,14,398.0,160322,30.4,16.4,14.0,4.31,4.7,3.92,2023-24
1627936,Alex Caruso,1610612741,CHI,70,34,36,2004.0,832397,157.7,80.9,76.7,4.43,4.7,4.16,2023-24
1641788,Alex Fudge,1610612742,DAL,6,1,5,40.0,16889,3.2,1.7,1.5,4.38,4.8,3.99,2023-24
203458,Alex Len,1610612758,SAC,48,24,24,444.0,179158,33.9,17.5,16.4,4.27,4.6,3.96,2023-24
1631214,Alondes Williams,1610612748,MIA,7,5,2,16.0,6635,1.3,0.7,0.6,4.48,4.27,4.74,2023-24
1630578,Alperen Sengun,1610612745,HOU,63,29,34,2046.0,747087,141.5,73.2,68.3,3.88,4.04,3.73,2023-24
1641735,Amari Bailey,1610612766,CHA,10,1,9,65.0,26881,5.1,2.7,2.4,4.39,4.88,3.95,2023-24
1641708,Amen Thompson,1610612745,HOU,62,30,32,1389.0,571409,108.2,57.4,50.9,4.36,4.7,4.04,2023-24
1629599,Amir Coffey,1610612746,LAC,69,45,24,1445.0,549135,104.0,53.2,50.8,4.02,4.03,4.02,2023-24
203083,Andre Drummond,1610612741,CHI,78,37,41,1339.0,495343,93.8,47.9,45.9,3.96,4.17,3.76,2023-24
1641748,Andre Jackson Jr.,1610612749,MIL,57,33,24,572.0,263031,49.8,26.3,23.5,4.81,5.16,4.48,2023-24
1641847,Andrew Funk,1610612741,CHI,5,3,2,13.0,5314,1.0,0.5,0.5,4.09,4.26,3.94,2023-24
1629614,Andrew Nembhard,1610612754,IND,68,41,27,1697.0,710040,134.5,68.4,66.1,4.42,4.66,4.21,2023-24
203952,Andrew Wiggins,1610612744,GSW,70,38,32,1894.0,738641,139.9,74.8,65.1,4.21,4.53,3.9,2023-24
1629014,Anfernee Simons,1610612757,POR,45,10,35,1540.0,619371,117.3,65.9,51.4,4.26,4.71,3.79,2023-24
1641710,Anthony Black,1610612753,ORL,69,39,30,1164.0,467971,88.6,46.5,42.2,4.24,4.3,4.2,2023-24
203076,Anthony Davis,1610612747,LAL,75,44,31,2669.0,928463,175.8,92.2,83.6,3.74,3.98,3.51,2023-24
1630162,Anthony Edwards,1610612750,MIN,79,54,25,2770.0,1047296,198.4,108.9,89.4,3.99,4.34,3.62,2023-24
1630264,Anthony Gill,1610612764,WAS,50,9,41,466.0,190697,36.1,18.6,17.5,4.33,4.83,3.9,2023-24
1629717,Armoni Brooks,1610612751,BKN,10,3,7,104.0,42125,8.0,4.4,3.6,4.41,5.02,3.83,2023-24
1630204,Ashton Hagans,1610612757,POR,19,3,16,316.0,132113,25.0,12.8,12.2,4.41,4.52,4.3,2023-24
1641709,Ausar Thompson,1610612765,DET,62,10,52,1572.0,654968,124.0,63.6,60.5,4.4,4.59,4.22,2023-24
1630559,Austin Reaves,1610612747,LAL,81,46,35,2606.0,988906,187.3,101.2,86.1,4.09,4.44,3.74,2023-24
1630245,Ayo Dosunmu,1610612741,CHI,75,37,38,2176.0,866469,164.1,85.7,78.4,4.32,4.63,4.03,2023-24
1628389,Bam Adebayo,1610612748,MIA,71,40,31,2416.0,895953,169.7,91.2,78.5,3.99,4.28,3.7,2023-24
1641767,Ben Sheppard,1610612754,IND,57,32,25,814.0,364880,69.1,36.6,32.5,4.71,5.0,4.42,2023-24
1627732,Ben Simmons,1610612751,BKN,15,7,8,359.0,137751,26.1,14.3,11.8,4.08,4.49,3.67,2023-24
1631097,Bennedict Mathurin,1610612754,IND,59,33,26,1538.0,633331,119.9,63.1,56.8,4.32,4.63,4.02,2023-24
1641731,Bilal Coulibaly,1610612764,WAS,63,11,52,1715.0,713472,135.1,68.8,66.3,4.41,4.63,4.2,2023-24
202687,Bismack Biyombo,1610612760,OKC,40,20,20,791.0,312687,59.2,31.9,27.3,4.22,4.49,3.94,2023-24
1631104,Blake Wesley,1610612759,SAS,60,18,42,856.0,379683,71.9,38.4,33.5,4.68,5.0,4.36,2023-24
1626246,Boban Marjanovic,1610612745,HOU,14,9,5,71.0,25916,4.9,2.6,2.3,3.95,4.14,3.76,2023-24
1626171,Bobby Portis Jr.,1610612749,MIL,82,49,33,2008.0,816348,154.6,80.4,74.2,4.27,4.5,4.05,2023-24
203992,Bogdan Bogdanović,1610612737,ATL,79,35,44,2401.0,972586,184.2,100.6,83.6,4.32,4.79,3.86,2023-24
202711,Bojan Bogdanovic,1610612752,NYK,57,20,37,1478.0,576709,109.2,59.6,49.6,4.13,4.49,3.76,2023-24
1629626,Bol Bol,1610612756,PHX,42,28,14,459.0,184769,35.0,18.5,16.5,4.34,4.39,4.28,2023-24
1630538,Bones Hyland,1610612746,LAC,36,19,17,527.0,210852,39.9,22.2,17.7,4.21,4.46,3.93,2023-24
203078,Bradley Beal,1610612756,PHX,52,33,19,1729.0,642751,121.7,66.0,55.7,4.04,4.28,3.79,2023-24
1641764,Brandin Podziemski,1610612744,GSW,73,41,32,1938.0,810269,153.5,84.6,68.9,4.49,4.94,4.04,2023-24
1630527,Brandon Boston Jr.,1610612746,LAC,32,17,15,345.0,136426,25.8,13.7,12.1,4.21,4.33,4.07,2023-24
1629634,Brandon Clarke,1610612763,MEM,6,2,4,134.0,53730,10.2,5.5,4.7,4.26,4.41,4.09,2023-24
1627742,Brandon Ingram,1610612740,NOP,63,38,25,2071.0,780130,147.8,81.6,66.1,3.99,4.4,3.57,2023-24
1641706,Brandon Miller,1610612766,CHA,73,17,56,2347.0,945035,179.0,97.2,81.8,4.28,4.6,3.95,2023-24
1630314,Brandon Williams,1610612742,DAL,17,10,7,113.0,46129,8.7,4.7,4.1,4.3,4.73,3.98,2023-24
1630296,Braxton Key,1610612743,DEN,20,14,6,60.0,24530,4.6,2.6,2.1,4.14,4.64,3.81,2023-24
1641729,Brice Sensabaugh,1610612762,UTA,31,8,23,553.0,227186,43.0,22.9,20.2,4.34,4.48,4.21,2023-24
201572,Brook Lopez,1610612749,MIL,79,48,31,2411.0,863124,163.5,84.7,78.8,3.8,3.92,3.68,2023-24
1628971,Bruce Brown,1610612761,TOR,67,26,41,1865.0,752998,142.6,76.6,66.0,4.26,4.69,3.85,2023-24
1628981,Bruno Fernando,1610612737,ATL,45,20,25,682.0,260585,49.4,25.5,23.8,4.07,4.2,3.93,2023-24
1631121,Bryce McGowens,1610612766,CHA,59,11,48,882.0,367105,69.5,37.1,32.4,4.39,4.57,4.21,2023-24
1631205,Buddy Boeheim,1610612765,DET,10,0,10,84.0,33312,6.3,3.4,2.9,4.36,4.77,3.96,2023-24
1627741,Buddy Hield,1610612755,PHI,83,45,38,2138.0,950047,179.9,98.4,81.5,4.69,5.17,4.21,2023-24
203468,CJ McCollum,1610612740,NOP,65,42,23,2133.0,868697,164.5,90.1,74.5,4.33,4.77,3.91,2023-24
1630595,Cade Cunningham,1610612765,DET,61,9,52,2042.0,809442,153.3,87.9,65.4,4.19,4.89,3.51,2023-24
1631216,Caleb Houstan,1610612753,ORL,59,31,28,815.0,343797,65.1,36.2,28.9,4.45,4.77,4.1,2023-24
1628997,Caleb Martin,1610612748,MIA,64,36,28,1757.0,760666,144.1,78.5,65.5,4.59,4.99,4.17,2023-24
1629629,Cam Reddish,1610612747,LAL,47,26,21,961.0,392839,74.4,35.4,39.0,4.36,4.22,4.5,2023-24
1630560,Cam Thomas,1610612751,BKN,63,23,40,1984.0,787164,149.1,81.9,67.2,4.19,4.49,3.88,2023-24
1641715,Cam Whitmore,1610612745,HOU,47,19,28,880.0,357375,67.7,36.0,31.7,4.27,4.65,3.91,2023-24
1629661,Cameron Johnson,1610612751,BKN,57,21,36,1574.0,628707,119.1,65.9,53.1,4.25,4.6,3.88,2023-24
1626166,Cameron Payne,1610612755,PHI,77,45,32,1281.0,535228,101.4,56.0,45.4,4.4,4.87,3.93,2023-24
1627747,Caris LeVert,1610612739,CLE,68,38,30,1958.0,775426,146.9,81.2,65.7,4.17,4.59,3.74,2023-24
1641717,Cason Wallace,1610612760,OKC,82,57,25,1692.0,693799,131.4,66.8,64.6,4.34,4.54,4.16,2023-24
1626224,Cedi Osman,1610612759,SAS,72,17,55,1269.0,531042,100.6,54.4,46.1,4.38,4.73,4.01,2023-24
1629646,Charles Bassey,1610612759,SAS,19,3,16,205.0,86992,16.5,8.9,7.6,4.44,4.75,4.12,2023-24
1629718,Charlie Brown Jr.,1610612752,NYK,8,2,6,37.0,14963,2.8,1.4,1.4,4.18,4.4,3.98,2023-24
1631096,Chet Holmgren,1610612760,OKC,82,57,25,2413.0,943781,178.7,97.2,81.6,4.13,4.64,3.66,2023-24
1629002,Chimezie Metu,1610612765,DET,51,24,27,859.0,331983,62.9,32.8,30.0,4.19,4.35,4.02,2023-24
1628449,Chris Boucher,1610612761,TOR,49,16,33,674.0,273954,51.9,26.9,25.0,4.27,4.53,4.03,2023-24
1630537,Chris Duarte,1610612758,SAC,59,35,24,720.0,318108,60.2,31.5,28.7,4.7,5.01,4.4,2023-24
1641753,Chris Livingston,1610612749,MIL,21,13,8,91.0,40077,7.6,3.9,3.6,4.62,4.68,4.44,2023-24
101108,Chris Paul,1610612744,GSW,57,33,24,1502.0,538793,102.0,57.2,44.9,3.78,4.2,3.35,2023-24
1631128,Christian Braun,1610612743,DEN,80,55,25,1623.0,683937,129.5,70.4,59.1,4.44,4.8,4.08,2023-24
1626174,Christian Wood,1610612747,LAL,49,27,22,864.0,312121,59.1,31.2,27.9,3.85,4.1,3.61,2023-24
1629643,Chuma Okeke,1610612753,ORL,47,24,23,432.0,172788,32.7,17.9,14.9,4.19,4.44,3.94,2023-24
203991,Clint Capela,1610612737,ATL,73,33,40,1883.0,706366,133.8,68.6,65.2,4.0,4.12,3.87,2023-24
1629632,Coby White,1610612741,CHI,78,37,41,2840.0,1076285,203.8,108.8,95.1,4.07,4.45,3.72,2023-24
1628998,Cody Martin,1610612766,CHA,28,7,21,753.0,320138,60.6,33.3,27.3,4.53,4.86,4.17,2023-24
203469,Cody Zeller,1610612740,NOP,42,26,16,308.0,129167,24.5,13.4,11.1,4.36,4.74,3.98,2023-24
1641732,Colby Jones,1610612758,SAC,30,15,15,192.0,88472,16.8,9.1,7.6,4.86,5.27,4.38,2023-24
1630175,Cole Anthony,1610612753,ORL,81,47,34,1817.0,763373,144.6,79.2,65.4,4.42,4.72,4.11,2023-24
1631306,Cole Swider,1610612748,MIA,18,8,10,87.0,35189,6.7,3.7,3.0,4.5,5.0,4.01,2023-24
1630658,Colin Castleton,1610612747,LAL,16,9,7,59.0,23187,4.4,2.3,2.0,4.08,4.21,3.76,2023-24
1631221,Collin Gillespie,1610612743,DEN,24,15,9,225.0,92613,17.5,9.6,8.0,4.3,4.77,3.88,2023-24
1629012,Collin Sexton,1610612762,UTA,77,29,48,2039.0,798066,151.1,83.4,67.7,4.11,4.43,3.77,2023-24
1630557,Corey Kispert,1610612764,WAS,80,15,65,2067.0,879431,166.6,91.3,75.3,4.53,5.05,4.02,2023-24
202709,Cory Joseph,1610612744,GSW,26,10,16,296.0,120769,22.9,12.4,10.5,4.53,4.81,4.25,2023-24
1641854,Craig Porter Jr.,1610612739,CLE,51,30,21,649.0,257125,48.7,26.8,21.9,4.23,4.56,3.87,2023-24
1626156,D'Angelo Russell,1610612747,LAL,75,45,30,2462.0,926468,175.5,93.0,82.4,4.07,4.36,3.78,2023-24
1641793,D'Moi Hodge,1610612747,LAL,7,1,6,41.0,15939,3.0,1.6,1.4,4.06,4.52,3.63,2023-24
1630618,D.J. Carton,1610612761,TOR,4,2,2,36.0,16571,3.1,1.6,1.6,4.81,5.48,4.53,2023-24
1628391,D.J. Wilson,1610612753,ORL,2,1,1,15.0,6542,1.2,0.6,0.6,4.33,4.54,4.16,2023-24
1629610,DaQuan Jeffries,1610612752,NYK,17,11,6,46.0,16073,3.0,1.6,1.5,4.12,4.46,4.06,2023-24
1630227,Daishen Nix,1610612750,MIN,15,11,4,50.0,19767,3.7,1.9,1.8,3.92,4.0,3.84,2023-24
1630625,Dalano Banton,1610612757,POR,53,23,30,1005.0,414405,78.5,43.6,34.9,4.36,4.81,3.9,2023-24
1631207,Dalen Terry,1610612741,CHI,58,27,31,680.0,292592,55.4,28.7,26.7,4.71,5.12,4.33,2023-24
1627745,Damian Jones,1610612739,CLE,39,24,15,270.0,105790,20.0,10.7,9.4,4.11,4.23,4.03,2023-24
203081,Damian Lillard,1610612749,MIL,73,48,25,2578.0,980994,185.8,101.8,84.0,4.04,4.44,3.63,2023-24
1629655,Daniel Gafford,1610612742,DAL,73,29,44,1790.0,724383,137.2,71.3,65.9,4.29,4.53,4.06,2023-24
1628464,Daniel Theis,1610612746,LAC,59,37,22,994.0,376745,71.4,38.0,33.3,4.16,4.37,3.93,2023-24
201568,Danilo Gallinari,1610612749,MIL,49,15,34,629.0,236434,44.8,24.6,20.2,3.98,4.27,3.68,2023-24
201980,Danny Green,1610612755,PHI,2,1,1,18.0,8632,1.6,1.0,0.6,4.46,4.72,4.09,2023-24
203957,Dante Exum,1610612742,DAL,54,35,19,1070.0,451532,85.5,45.7,39.9,4.48,4.85,4.13,2023-24
1627863,Danuel House Jr.,1610612755,PHI,34,21,13,509.0,223765,42.4,22.9,19.5,4.63,4.88,4.36,2023-24
203967,Dario Saric,1610612744,GSW,63,35,28,1095.0,424317,80.4,43.9,36.4,4.16,4.44,3.85,2023-24
1641727,Dariq Whitehead,1610612751,BKN,2,1,1,24.0,9556,1.8,1.0,0.8,4.22,4.41,3.99,2023-24
1629647,Darius Bazley,1610612762,UTA,9,2,7,152.0,63325,12.0,6.5,5.5,4.36,4.76,3.96,2023-24
1629636,Darius Garland,1610612739,CLE,57,31,26,1900.0,764870,144.9,80.0,64.9,4.27,4.74,3.81,2023-24
1630561,David Duke Jr.,1610612759,SAS,4,3,1,51.0,22022,4.2,2.3,1.9,4.55,5.11,4.03,2023-24
1631223,David Roddy,1610612756,PHX,64,25,39,1171.0,470165,89.0,47.9,41.1,4.34,4.63,4.04,2023-24
1630558,Davion Mitchell,1610612758,SAC,72,41,31,1101.0,470163,89.0,47.2,41.9,4.52,4.84,4.21,2023-24
202722,Davis Bertans,1610612766,CHA,42,19,23,646.0,268096,50.8,28.4,22.4,4.39,4.95,3.84,2023-24
1630549,Day'Ron Sharpe,1610612751,BKN,59,25,34,892.0,366828,69.5,37.7,31.8,4.35,4.69,4.0,2023-24
1628368,De'Aaron Fox,1610612758,SAC,74,42,32,2659.0,1065704,201.8,108.5,93.4,4.25,4.71,3.82,2023-24
1629631,De'Andre Hunter,1610612737,ATL,57,26,31,1681.0,638437,120.9,64.8,56.2,4.05,4.43,3.69,2023-24
1629001,De'Anthony Melton,1610612755,PHI,38,25,13,1023.0,422873,80.1,43.4,36.7,4.35,4.7,4.0,2023-24
201599,DeAndre Jordan,1610612743,DEN,35,23,12,390.0,131495,24.9,13.2,11.7,3.59,3.65,3.52,2023-24
1630610,DeJon Jarreau,1610612763,MEM,9,2,7,150.0,62986,11.9,6.4,5.5,4.44,4.58,4.28,2023-24
201942,DeMar DeRozan,1610612741,CHI,78,37,41,2946.0,1060814,200.9,109.9,91.0,3.85,4.31,3.41,2023-24
1629731,Dean Wade,1610612739,CLE,54,36,18,1108.0,450140,85.3,45.1,40.1,4.31,4.54,4.06,2023-24
1629028,Deandre Ayton,1610612757,POR,54,13,41,1744.0,628398,119.0,64.1,54.9,3.84,4.11,3.56,2023-24
1627749,Dejounte Murray,1610612737,ATL,78,34,44,2783.0,1105608,209.4,114.2,95.2,4.26,4.7,3.83,2023-24
1626153,Delon Wright,1610612748,MIA,47,16,31,742.0,310702,58.8,31.8,27.0,4.39,4.69,4.08,2023-24
1630166,Deni Avdija,1610612764,WAS,75,14,61,2257.0,912836,172.9,92.3,80.6,4.31,4.72,3.92,2023-24
203471,Dennis Schröder,1610612751,BKN,79,30,49,2447.0,978920,185.4,99.6,85.9,4.22,4.56,3.89,2023-24
1628372,Dennis Smith Jr.,1610612751,BKN,54,19,35,1025.0,412083,78.0,40.5,37.5,4.24,4.43,4.05,2023-24
1641726,Dereck Lively II,1610612742,DAL,55,35,20,1294.0,535684,101.5,53.5,48.0,4.42,4.69,4.15,2023-24
1631220,Dereon Seabron,1610612740,NOP,6,3,3,55.0,22975,4.4,2.3,2.1,4.15,4.41,3.89,2023-24
1627884,Derrick Jones Jr.,1610612742,DAL,75,46,29,1765.0,712314,134.9,67.9,67.0,4.32,4.4,4.24,2023-24
201565,Derrick Rose,1610612763,MEM,24,6,18,399.0,168426,31.9,17.1,14.8,4.43,4.82,4.06,2023-24
1628401,Derrick White,1610612738,BOS,72,57,15,2346.0,903479,171.1,91.2,79.9,4.09,4.39,3.8,2023-24
1630217,Desmond Bane,1610612763,MEM,42,14,28,1443.0,585919,111.0,62.3,48.7,4.27,4.76,3.78,2023-24
1626164,Devin Booker,1610612756,PHX,68,43,25,2447.0,906142,171.6,94.8,76.8,3.98,4.35,3.61,2023-24
1630170,Devin Vassell,1610612759,SAS,68,17,51,2248.0,921080,174.4,97.9,76.6,4.33,4.93,3.75,2023-24
1628984,Devonte' Graham,1610612759,SAS,22,7,15,302.0,117056,22.2,12.0,10.1,4.08,4.41,3.7,2023-24
1641926,Dexter Dennis,1610612742,DAL,4,1,3,30.0,10254,1.9,1.0,0.9,4.41,4.93,3.95,2023-24
1628415,Dillon Brooks,1610612745,HOU,72,36,36,2227.0,856589,162.2,80.9,81.3,4.06,4.14,3.98,2023-24
1631376,Dmytro Skapintsev,1610612752,NYK,2,0,2,2.0,871,0.2,0.1,0.1,5.21,7.35,4.04,2023-24
1627734,Domantas Sabonis,1610612758,SAC,82,46,36,2928.0,1157757,219.3,115.2,104.1,4.21,4.51,3.93,2023-24
1631230,Dominick Barlow,1610612759,SAS,32,6,26,389.0,167202,31.7,17.3,14.4,4.55,4.99,4.12,2023-24
1628378,Donovan Mitchell,1610612739,CLE,55,36,19,1943.0,714723,135.4,75.2,60.2,3.9,4.34,3.46,2023-24
1628978,Donte DiVincenzo,1610612752,NYK,81,50,31,2360.0,947101,179.4,99.3,80.1,4.25,4.51,3.97,2023-24
1627827,Dorian Finney-Smith,1610612751,BKN,66,28,38,1867.0,729351,138.1,73.6,64.5,4.14,4.35,3.93,2023-24
203926,Doug McDermott,1610612754,IND,64,22,42,904.0,393200,74.5,41.6,32.8,4.59,5.14,4.04,2023-24
203110,Draymond Green,1610612744,GSW,54,33,21,1462.0,528022,100.0,53.6,46.4,3.93,4.31,3.57,2023-24
1629234,Drew Eubanks,1610612756,PHX,74,42,32,1158.0,462954,87.7,47.9,39.8,4.28,4.52,4.01,2023-24
1641809,Drew Peterson,1610612738,BOS,3,3,0,23.0,9693,1.8,1.0,0.8,4.39,4.7,4.05,2023-24
1630696,Dru Smith,1610612748,MIA,9,7,2,131.0,55838,10.6,5.7,4.8,4.45,4.59,4.21,2023-24
1629130,Duncan Robinson,1610612748,MIA,68,38,30,1906.0,775066,146.8,83.7,63.1,4.37,4.92,3.81,2023-24
1641871,Duop Reath,1610612757,POR,67,16,51,1201.0,481977,91.3,48.8,42.4,4.24,4.48,3.99,2023-24
203939,Dwight Powell,1610612742,DAL,62,37,25,824.0,348215,65.9,34.8,31.1,4.45,4.68,4.22,2023-24
1629685,Dylan Windler,1610612737,ATL,17,9,8,108.0,46912,8.9,4.7,4.2,4.51,4.6,4.42,2023-24
1630700,Dyson Daniels,1610612740,NOP,60,34,26,1342.0,563106,106.6,55.7,51.0,4.4,4.69,4.13,2023-24
1630604,E.J. Liddell,1610612740,NOP,8,3,5,23.0,9830,1.9,1.0,0.9,4.19,4.97,3.57,2023-24
1641734,Emoni Bates,1610612739,CLE,15,8,7,133.0,52191,9.9,5.2,4.7,4.13,4.29,3.97,2023-24
201569,Eric Gordon,1610612756,PHX,67,41,26,1864.0,658278,124.7,66.4,58.2,3.72,3.94,3.49,2023-24
1630647,Eugene Omoruyi,1610612764,WAS,43,5,38,393.0,162413,30.8,15.3,15.4,4.31,4.71,3.96,2023-24
203095,Evan Fournier,1610612765,DET,31,8,23,569.0,236578,44.8,24.0,20.8,4.43,4.78,4.08,2023-24
1630596,Evan Mobley,1610612739,CLE,50,29,21,1532.0,609236,115.4,61.2,54.2,4.22,4.59,3.86,2023-24
1630196,Filip Petrusev,1610612755,PHI,3,2,1,9.0,3497,0.7,0.3,0.4,4.26,4.03,4.46,2023-24
1628373,Frank Ntilikina,1610612766,CHA,5,0,5,43.0,17136,3.2,1.7,1.5,4.13,4.51,3.78,2023-24
1630532,Franz Wagner,1610612753,ORL,72,44,28,2337.0,981663,185.9,102.6,83.3,4.43,4.79,4.06,2023-24
1627832,Fred VanVleet,1610612745,HOU,73,38,35,2684.0,1027677,194.6,108.1,86.6,4.06,4.54,3.6,2023-24
1627788,Furkan Korkmaz,1610612755,PHI,35,22,13,300.0,126117,23.9,13.1,10.8,4.33,4.72,3.95,2023-24
1641713,GG Jackson,1610612763,MEM,48,14,34,1233.0,496505,94.0,50.3,43.7,4.26,4.43,4.07,2023-24
1629216,Gabe Vincent,1610612747,LAL,11,7,4,218.0,91374,17.3,8.8,8.5,4.3,4.57,4.06,2023-24
202066,Garrett Temple,1610612761,TOR,27,5,22,289.0,117563,22.3,11.8,10.5,4.3,4.66,3.95,2023-24
1629726,Garrison Mathews,1610612737,ATL,66,29,37,992.0,399202,75.6,40.3,35.3,4.28,4.52,4.04,2023-24
203914,Gary Harris,1610612753,ORL,54,35,19,1297.0,522640,99.0,51.1,47.9,4.27,4.29,4.23,2023-24
1627780,Gary Payton II,1610612744,GSW,44,27,17,680.0,306510,58.1,30.3,27.8,4.71,4.95,4.48,2023-24
1629018,Gary Trent Jr.,1610612761,TOR,70,24,46,1952.0,743939,140.9,71.7,69.2,4.03,4.2,3.87,2023-24
1627777,Georges Niang,1610612739,CLE,82,48,34,1831.0,724704,137.3,73.8,63.5,4.18,4.48,3.87,2023-24
203507,Giannis Antetokounmpo,1610612749,MIL,73,45,28,2567.0,968530,183.4,99.1,84.3,3.97,4.39,3.56,2023-24
1629048,Goga Bitadze,1610612753,ORL,62,34,28,957.0,379842,71.9,39.1,32.9,4.2,4.35,4.05,2023-24
202330,Gordon Hayward,1610612760,OKC,51,25,26,1245.0,519411,98.4,53.8,44.6,4.42,4.86,3.98,2023-24
1641711,Gradey Dick,1610612761,TOR,59,18,41,1229.0,524377,99.3,51.4,47.9,4.48,4.76,4.22,2023-24
1629684,Grant Williams,1610612766,CHA,75,33,42,2092.0,786665,149.0,78.1,70.9,3.99,4.18,3.8,2023-24
1628960,Grayson Allen,1610612756,PHX,74,45,29,2474.0,989234,187.4,100.8,86.5,4.3,4.59,4.0,2023-24
1630535,Greg Brown III,1610612742,DAL,6,3,3,40.0,10689,2.0,1.0,1.0,4.26,4.36,4.17,2023-24
1630611,Gui Santos,1610612744,GSW,22,17,5,187.0,81362,15.4,8.5,6.9,4.58,4.9,4.23,2023-24
1628977,Hamidou Diallo,1610612764,WAS,2,1,1,5.0,1548,0.3,0.2,0.1,4.79,5.54,3.76,2023-24
203084,Harrison Barnes,1610612758,SAC,82,46,36,2381.0,978557,185.3,98.7,86.6,4.41,4.8,4.04,2023-24
1628385,Harry Giles III,1610612747,LAL,23,11,12,100.0,38603,7.3,4.0,3.3,4.15,4.45,3.83,2023-24
1629312,Haywood Highsmith,1610612748,MIA,66,39,27,1366.0,587791,111.3,58.7,52.6,4.57,4.81,4.32,2023-24
1630929,Henri Drell,1610612741,CHI,4,2,2,30.0,12588,2.4,1.3,1.1,4.65,5.07,4.23,2023-24
1630529,Herbert Jones,1610612740,NOP,75,46,29,2295.0,931677,176.5,91.5,85.0,4.32,4.55,4.09,2023-24
1641816,Hunter Tyson,1610612743,DEN,17,13,4,47.0,20328,3.9,2.1,1.7,4.53,4.72,4.09,2023-24
1630641,Ibou Badji,1610612757,POR,22,5,17,226.0,89445,16.9,8.9,8.0,4.14,4.31,3.96,2023-24
1630193,Immanuel Quickley,1610612761,TOR,67,28,39,1942.0,805936,152.6,84.2,68.4,4.39,4.94,3.87,2023-24
1630171,Isaac Okoro,1610612739,CLE,69,41,28,1887.0,745398,141.2,71.3,69.8,4.19,4.26,4.11,2023-24
1628392,Isaiah Hartenstein,1610612752,NYK,75,47,28,1896.0,778922,147.5,80.6,66.9,4.38,4.6,4.14,2023-24
1630543,Isaiah Jackson,1610612754,IND,60,37,23,771.0,316902,60.0,31.9,28.1,4.32,4.62,4.02,2023-24
1630198,Isaiah Joe,1610612760,OKC,78,54,24,1445.0,621621,117.7,65.0,52.7,4.5,5.02,3.98,2023-24
1630587,Isaiah Livers,1610612765,DET,23,1,22,469.0,192540,36.5,18.9,17.5,4.31,4.6,4.01,2023-24
1630600,Isaiah Mobley,1610612739,CLE,10,2,8,72.0,28763,5.4,3.0,2.5,4.19,4.71,3.84,2023-24
1630191,Isaiah Stewart,1610612765,DET,45,9,36,1388.0,521687,98.8,51.8,47.1,4.03,4.28,3.81,2023-24
202738,Isaiah Thomas,1610612756,PHX,6,4,2,19.0,7608,1.4,0.8,0.6,3.95,4.51,3.39,2023-24
1631209,Isaiah Wong,1610612754,IND,1,1,0,4.0,1609,0.3,0.2,0.1,3.94,5.36,2.57,2023-24
202397,Ish Smith,1610612766,CHA,43,6,37,741.0,320749,60.7,35.0,25.7,4.58,5.14,3.99,2023-24
1630688,Ish Wainright,1610612756,PHX,11,2,9,62.0,26100,4.9,2.7,2.2,4.29,4.84,3.77,2023-24
1627826,Ivica Zubac,1610612746,LAC,67,41,26,1770.0,673596,127.6,69.7,57.9,4.09,4.37,3.8,2023-24
1631167,Izaiah Brockington,1610612740,NOP,1,1,0,3.0,1744,0.3,0.2,0.1,4.74,5.46,3.75,2023-24
1631120,JD Davison,1610612738,BOS,7,7,0,39.0,15727,3.0,1.7,1.3,4.34,4.71,3.95,2023-24
1630550,JT Thor,1610612766,CHA,62,15,47,768.0,322181,61.0,33.3,27.7,4.4,4.72,4.07,2023-24
1629630,Ja Morant,1610612763,MEM,9,6,3,318.0,122953,23.3,12.7,10.6,4.1,4.46,3.74,2023-24
201580,JaVale McGee,1610612758,SAC,46,28,18,339.0,134278,25.4,13.9,11.5,4.19,4.53,3.84,2023-24
1631095,Jabari Smith Jr.,1610612745,HOU,76,39,37,2424.0,954154,180.7,95.1,85.6,4.18,4.46,3.91,2023-24
1631133,Jabari Walker,1610612757,POR,72,18,54,1701.0,667789,126.5,68.4,58.1,4.15,4.4,3.9,2023-24
1631298,Jack White,1610612760,OKC,4,0,4,64.0,25765,4.9,2.8,2.1,4.28,4.56,3.95,2023-24
1631367,Jacob Gilyard,1610612751,BKN,40,12,28,681.0,286129,54.2,28.8,25.4,4.46,4.59,4.33,2023-24
1631210,Jacob Toppin,1610612752,NYK,9,2,7,38.0,16054,3.0,1.6,1.4,4.38,4.98,3.84,2023-24
1630702,Jaden Hardy,1610612742,DAL,72,43,29,985.0,405394,76.8,41.2,35.6,4.34,4.68,4.01,2023-24
1631093,Jaden Ivey,1610612765,DET,76,14,62,2181.0,899349,170.3,92.3,78.0,4.39,4.82,3.97,2023-24
1630183,Jaden McDaniels,1610612750,MIN,72,48,24,2105.0,866629,164.1,83.3,80.8,4.37,4.39,4.34,2023-24
1630531,Jaden Springer,1610612738,BOS,48,31,17,507.0,205504,38.9,20.0,18.9,4.23,4.32,4.13,2023-24
203109,Jae Crowder,1610612749,MIL,50,25,25,1156.0,457554,86.7,45.6,41.1,4.2,4.48,3.92,2023-24
1630256,Jae'Sean Tate,1610612745,HOU,65,32,33,1031.0,418861,79.3,42.1,37.2,4.29,4.6,3.98,2023-24
1630186,Jahmi'us Ramsey,1610612761,TOR,7,0,7,121.0,51371,9.7,4.8,4.9,4.48,4.68,4.31,2023-24
1631170,Jaime Jaquez Jr.,1610612748,MIA,75,44,31,2113.0,894313,169.4,92.9,76.5,4.54,4.99,4.11,2023-24
1631222,Jake LaRavia,1610612763,MEM,35,8,27,806.0,346193,65.6,35.5,30.1,4.48,4.75,4.2,2023-24
1627751,Jakob Poeltl,1610612761,TOR,50,21,29,1319.0,543765,103.0,53.4,49.6,4.38,4.67,4.09,2023-24
1628973,Jalen Brunson,1610612752,NYK,77,49,28,2726.0,1088595,206.2,120.5,85.6,4.24,4.67,3.76,2023-24
1630622,Jalen Crutcher,1610612740,NOP,1,1,0,3.0,1020,0.2,0.1,0.1,4.14,4.05,4.24,2023-24
1631105,Jalen Duren,1610612765,DET,60,13,47,1762.0,687020,130.1,69.1,61.0,4.15,4.45,3.85,2023-24
1630224,Jalen Green,1610612745,HOU,82,41,41,2601.0,1049474,198.8,109.5,89.2,4.29,4.75,3.82,2023-24
1641720,Jalen Hood-Schifino,1610612747,LAL,20,9,11,101.0,40455,7.7,4.2,3.4,4.21,4.42,3.87,2023-24
1630552,Jalen Johnson,1610612737,ATL,56,27,29,1889.0,758727,143.7,77.0,66.7,4.31,4.7,3.93,2023-24
1629667,Jalen McDaniels,1610612761,TOR,49,12,37,513.0,215304,40.8,21.7,19.1,4.41,4.72,4.11,2023-24
1629618,Jalen Pickett,1610612743,DEN,26,19,7,120.0,48268,9.1,5.2,3.9,4.18,4.76,3.59,2023-24
1641771,Jalen Slawson,1610612758,SAC,12,8,4,37.0,15152,2.9,1.6,1.3,4.31,4.65,3.95,2023-24
1630188,Jalen Smith,1610612754,IND,61,36,25,1047.0,426338,80.7,42.9,37.9,4.32,4.66,4.0,2023-24
1630591,Jalen Suggs,1610612753,ORL,75,43,32,2025.0,807971,153.0,81.8,71.2,4.23,4.4,4.05,2023-24
1631114,Jalen Williams,1610612760,OKC,71,51,20,2224.0,941697,178.4,98.6,79.7,4.48,5.11,3.88,2023-24
1630592,Jalen Wilson,1610612751,BKN,41,14,27,612.0,251857,47.7,25.6,22.1,4.33,4.62,4.05,2023-24
1631288,Jamal Cain,1610612748,MIA,26,14,12,259.0,108985,20.6,10.6,10.0,4.48,4.56,4.4,2023-24
1627750,Jamal Murray,1610612743,DEN,57,42,15,1790.0,697369,132.1,73.9,58.2,4.14,4.54,3.72,2023-24
1631123,Jamaree Bouyea,1610612759,SAS,9,2,7,95.0,39744,7.5,4.0,3.5,4.39,4.63,4.15,2023-24
1630547,James Bouknight,1610612766,CHA,14,0,14,81.0,32245,6.1,3.4,2.7,4.16,4.55,3.75,2023-24
201935,James Harden,1610612746,LAC,71,45,26,2436.0,824781,156.2,85.0,71.2,3.61,3.86,3.35,2023-24
201949,James Johnson,1610612754,IND,9,4,5,47.0,17770,3.4,1.7,1.7,3.97,4.34,3.65,2023-24
1630164,James Wiseman,1610612765,DET,62,9,53,1061.0,436974,82.8,43.9,38.9,4.37,4.7,4.05,2023-24
1641716,Jarace Walker,1610612754,IND,33,18,15,340.0,134830,25.5,13.8,11.7,4.15,4.53,3.77,2023-24
1630215,Jared Butler,1610612764,WAS,40,6,34,566.0,231738,43.9,23.1,20.8,4.33,4.82,3.89,2023-24
1631197,Jared Rhoden,1610612765,DET,17,2,15,245.0,102414,19.4,10.3,9.1,4.4,4.7,4.1,2023-24
1628991,Jaren Jackson Jr.,1610612763,MEM,66,22,44,2124.0,807469,152.9,82.4,70.5,4.01,4.32,3.71,2023-24
1629020,Jarred Vanderbilt,1610612747,LAL,28,13,15,567.0,224289,42.5,21.3,21.2,4.5,4.51,4.49,2023-24
1628386,Jarrett Allen,1610612739,CLE,77,46,31,2442.0,934735,177.0,92.3,84.7,4.08,4.28,3.89,2023-24
1630554,Jason Preston,1610612762,UTA,7,2,5,71.0,28709,5.4,2.9,2.5,4.26,4.63,3.89,2023-24
1631241,Javon Freeman-Liberty,1610612761,TOR,21,3,18,385.0,163216,30.9,16.3,14.6,4.5,4.85,4.15,2023-24
1629750,Javonte Green,1610612741,CHI,9,5,4,230.0,95221,18.0,9.3,8.7,4.41,4.76,4.08,2023-24
1630606,Javonte Smart,1610612755,PHI,1,1,0,1.0,204,0.0,0.0,0.0,0.0,0.0,0.0,2023-24
1629637,Jaxson Hayes,1610612747,LAL,69,40,29,860.0,342853,64.9,34.9,30.0,4.25,4.56,3.93,2023-24
1630643,Jay Huff,1610612743,DEN,19,15,4,48.0,18633,3.5,1.9,1.6,3.94,4.01,3.86,2023-24
1627759,Jaylen Brown,1610612738,BOS,69,51,18,2308.0,861083,163.1,85.0,78.1,3.96,4.16,3.76,2023-24
1629669,Jaylen Nowell,1610612758,SAC,13,3,10,214.0,86277,16.3,8.3,8.1,4.26,4.39,4.19,2023-24
1631119,Jaylin Williams,1610612760,OKC,69,48,21,897.0,342628,64.9,35.1,29.8,4.05,4.33,3.77,2023-24
1628369,Jayson Tatum,1610612738,BOS,73,56,17,2603.0,894626,169.4,91.1,78.4,3.64,3.92,3.37,2023-24
1630288,Jeff Dowtin Jr.,1610612755,PHI,11,6,5,134.0,52680,10.0,5.3,4.7,4.14,4.45,3.84,2023-24
201145,Jeff Green,1610612745,HOU,78,39,39,1307.0,474083,89.8,46.0,43.7,3.83,3.99,3.67,2023-24
203924,Jerami Grant,1610612757,POR,54,17,37,1830.0,714836,135.4,72.3,63.1,4.13,4.37,3.89,2023-24
1630526,Jeremiah Robinson-Earl,1610612740,NOP,38,22,16,328.0,145594,27.6,14.8,12.8,4.63,5.08,4.2,2023-24
1631110,Jeremy Sochan,1610612759,SAS,73,17,56,2169.0,917391,173.7,93.0,80.7,4.49,4.88,4.12,2023-24
1630579,Jericho Sims,1610612752,NYK,45,30,15,585.0,227384,43.1,23.2,19.8,4.21,4.39,4.0,2023-24
1631257,Jermaine Samuels Jr.,1610612745,HOU,14,8,6,60.0,26340,5.0,2.7,2.3,4.54,4.97,4.12,2023-24
1629010,Jerome Robinson,1610612744,GSW,21,17,4,79.0,35027,6.6,3.7,2.9,4.56,4.88,4.21,2023-24
1641724,Jett Howard,1610612753,ORL,18,9,9,67.0,25965,4.9,2.7,2.2,3.95,4.37,3.53,2023-24
1628975,Jevon Carter,1610612741,CHI,71,35,36,997.0,409153,77.5,38.9,38.6,4.4,4.52,4.29,2023-24
202710,Jimmy Butler III,1610612748,MIA,60,33,27,2042.0,784874,148.7,78.7,69.9,4.09,4.31,3.86,2023-24
1629111,Jock Landale,1610612745,HOU,56,28,28,763.0,304158,57.6,30.1,27.5,4.25,4.49,4.0,2023-24
203925,Joe Harris,1610612765,DET,16,4,12,170.0,73781,14.0,8.1,5.8,4.46,4.98,3.82,2023-24
204060,Joe Ingles,1610612753,ORL,68,42,26,1169.0,439574,83.3,45.4,37.9,3.97,4.17,3.75,2023-24
203954,Joel Embiid,1610612755,PHI,39,31,8,1309.0,447756,84.8,45.4,39.4,3.6,3.83,3.36,2023-24
1628381,John Collins,1610612762,UTA,67,27,40,1868.0,750981,142.2,77.8,64.5,4.23,4.5,3.96,2023-24
1629723,John Konchar,1610612763,MEM,55,18,37,1174.0,495968,93.9,49.7,44.2,4.51,4.65,4.36,2023-24
1631098,Johnny Davis,1610612764,WAS,50,8,42,613.0,266141,50.4,25.3,25.1,4.46,4.68,4.26,2023-24
1630548,Johnny Juzang,1610612762,UTA,19,5,14,366.0,160407,30.4,16.7,13.7,4.62,4.88,4.33,2023-24
202685,Jonas Valanciunas,1610612740,NOP,81,49,32,1902.0,716046,135.6,72.0,63.6,4.02,4.27,3.78,2023-24
1628371,Jonathan Isaac,1610612753,ORL,58,35,23,915.0,372744,70.6,38.2,32.4,4.3,4.61,3.99,2023-24
1630228,Jonathan Kuminga,1610612744,GSW,73,40,33,1919.0,801469,151.8,81.9,69.9,4.51,4.92,4.11,2023-24
1629007,Jontay Porter,1610612765,DET,25,6,19,360.0,145700,27.6,14.5,13.1,4.3,4.7,3.93,2023-24
203903,Jordan Clarkson,1610612762,UTA,54,22,32,1654.0,667953,126.5,71.9,54.6,4.23,4.65,3.79,2023-24
1630259,Jordan Ford,1610612758,SAC,6,2,4,22.0,9433,1.8,0.9,0.9,4.54,4.96,4.18,2023-24
1630692,Jordan Goodwin,1610612763,MEM,57,30,27,1056.0,444964,84.3,44.9,39.3,4.45,4.56,4.31,2023-24
1641722,Jordan Hawkins,1610612740,NOP,66,38,28,1149.0,493796,93.5,49.7,43.8,4.5,4.75,4.24,2023-24
1629162,Jordan McLaughlin,1610612750,MIN,56,35,21,626.0,275386,52.2,28.8,23.4,4.66,5.15,4.17,2023-24
1641757,Jordan Miller,1610612746,LAC,7,4,3,28.0,9260,1.8,1.0,0.8,4.25,4.63,3.86,2023-24
1629670,Jordan Nwora,1610612761,TOR,51,14,37,699.0,299694,56.8,30.0,26.8,4.52,4.92,4.14,2023-24
1629673,Jordan Poole,1610612764,WAS,78,15,63,2346.0,911410,172.6,95.8,76.8,4.1,4.65,3.58,2023-24
1641775,Jordan Walsh,1610612738,BOS,9,9,0,83.0,33075,6.3,3.4,2.9,4.24,4.31,4.17,2023-24
1630631,Jose Alvarado,1610612740,NOP,55,38,17,1008.0,428884,81.2,41.6,39.6,4.47,4.59,4.34,2023-24
1630581,Josh Giddey,1610612760,OKC,80,56,24,2012.0,838693,158.8,84.2,74.6,4.42,4.8,4.06,2023-24
1630182,Josh Green,1610612742,DAL,56,31,25,1478.0,640590,121.3,61.2,60.2,4.6,4.7,4.52,2023-24
1628404,Josh Hart,1610612752,NYK,81,49,32,2707.0,1043665,197.7,110.2,87.5,4.07,4.33,3.79,2023-24
1631169,Josh Minott,1610612750,MIN,32,23,9,91.0,40663,7.7,4.2,3.5,4.49,4.86,4.12,2023-24
1629006,Josh Okogie,1610612756,PHX,60,37,23,960.0,388631,73.6,36.6,37.0,4.33,4.23,4.43,2023-24
1626196,Josh Richardson,1610612748,MIA,43,24,19,1103.0,435665,82.5,44.7,37.8,4.27,4.6,3.94,2023-24
1630563,Joshua Primo,1610612746,LAC,2,2,0,10.0,2204,0.4,0.2,0.2,4.11,3.72,4.59,2023-24
201950,Jrue Holiday,1610612738,BOS,68,52,16,2228.0,868101,164.4,85.7,78.7,4.13,4.37,3.9,2023-24
1629308,Juan Toscano-Anderson,1610612758,SAC,11,7,4,53.0,20852,3.9,2.1,1.8,4.6,5.18,4.07,2023-24
1631262,Jules Bernard,1610612764,WAS,19,2,17,149.0,61265,11.6,6.2,5.5,4.36,4.8,4.02,2023-24
1630577,Julian Champagnie,1610612759,SAS,73,18,55,1434.0,619045,117.2,62.3,54.9,4.61,5.04,4.2,2023-24
1641763,Julian Phillips,1610612741,CHI,39,20,19,317.0,134987,25.6,13.4,12.2,4.62,4.92,4.33,2023-24
1631124,Julian Strawther,1610612743,DEN,48,32,16,533.0,223672,42.4,23.4,19.0,4.44,4.85,4.03,2023-24
203944,Julius Randle,1610612752,NYK,46,29,17,1630.0,596287,112.9,62.9,50.1,3.88,4.09,3.64,2023-24
1630551,Justin Champagnie,1610612764,WAS,15,3,12,235.0,100619,19.1,9.9,9.2,4.5,4.78,4.23,2023-24
203200,Justin Holiday,1610612743,DEN,57,37,20,837.0,336586,63.7,34.4,29.3,4.23,4.5,3.96,2023-24
1628382,Justin Jackson,1610612750,MIN,2,2,0,1.0,211,0.0,0.0,0.0,0.0,0.0,0.0,2023-24
1631303,Justin Minaya,1610612757,POR,34,3,31,381.0,172997,32.8,16.9,15.8,4.78,4.85,4.67,2023-24
203994,Jusuf Nurkić,1610612756,PHX,75,48,27,2050.0,770156,145.9,77.6,68.2,4.05,4.25,3.85,2023-24
1630231,KJ Martin,1610612755,PHI,60,33,27,747.0,297152,56.3,30.1,26.2,4.18,4.43,3.92,2023-24
1629232,Kaiser Gates,1610612740,NOP,1,0,1,7.0,3522,0.7,0.3,0.3,5.29,4.85,4.24,2023-24
1626157,Karl-Anthony Towns,1610612750,MIN,62,42,20,2026.0,743503,140.8,72.5,68.3,3.88,3.95,3.81,2023-24
202695,Kawhi Leonard,1610612746,LAC,67,43,24,2292.0,894259,169.4,92.3,77.1,4.14,4.45,3.82,2023-24
1631099,Keegan Murray,1610612758,SAC,77,43,34,2589.0,1077795,204.1,108.1,96.1,4.43,4.8,4.09,2023-24
1628966,Keita Bates-Diop,1610612751,BKN,53,29,24,665.0,262476,49.7,26.5,23.3,4.25,4.46,4.04,2023-24
1629640,Keldon Johnson,1610612759,SAS,68,16,52,2007.0,810911,153.6,82.7,70.9,4.25,4.61,3.9,2023-24
203482,Kelly Olynyk,1610612761,TOR,77,31,46,1726.0,667037,126.3,68.2,58.1,4.05,4.41,3.69,2023-24
1626162,Kelly Oubre Jr.,1610612755,PHI,67,39,28,2031.0,829038,157.0,83.5,73.5,4.32,4.53,4.1,2023-24
1631112,Kendall Brown,1610612754,IND,15,10,5,63.0,25574,4.8,2.4,2.4,4.2,4.31,4.09,2023-24
1631254,Kenneth Lofton Jr.,1610612762,UTA,21,7,14,198.0,76789,14.5,7.7,6.8,4.05,4.37,3.73,2023-24
1629026,Kenrich Williams,1610612760,OKC,69,49,20,1029.0,420662,79.7,41.9,37.8,4.32,4.69,3.98,2023-24
203484,Kentavious Caldwell-Pope,1610612743,DEN,74,52,22,2341.0,855600,162.0,84.4,77.6,3.88,4.01,3.75,2023-24
1631165,Keon Ellis,1610612758,SAC,57,33,24,978.0,420524,79.6,40.8,38.8,4.58,4.79,4.39,2023-24
1630553,Keon Johnson,1610612751,BKN,4,0,4,51.0,20637,3.9,2.0,1.9,4.28,4.51,4.05,2023-24
1630556,Kessler Edwards,1610612758,SAC,54,32,22,275.0,117460,22.2,11.8,10.4,4.53,4.95,4.14,2023-24
201142,Kevin Durant,1610612756,PHX,74,44,30,2753.0,965785,182.9,98.7,84.3,3.72,3.97,3.47,2023-24
1628989,Kevin Huerter,1610612758,SAC,64,37,27,1562.0,669811,126.9,68.5,58.4,4.59,5.1,4.1,2023-24
1628995,Kevin Knox II,1610612757,POR,31,4,27,560.0,228212,43.2,23.2,20.0,4.3,4.64,3.96,2023-24
201567,Kevin Love,1610612748,MIA,55,31,24,924.0,338748,64.2,34.4,29.8,3.97,4.26,3.67,2023-24
1630284,Kevon Harris,1610612753,ORL,2,1,1,6.0,2568,0.5,0.3,0.2,4.33,5.63,3.22,2023-24
1626172,Kevon Looney,1610612744,GSW,74,43,31,1194.0,461728,87.4,46.0,41.4,4.1,4.23,3.96,2023-24
1641749,Keyontae Johnson,1610612760,OKC,9,7,2,66.0,26165,5.0,2.7,2.2,4.24,4.34,3.94,2023-24
1641718,Keyonte George,1610612762,UTA,74,27,47,1984.0,753301,142.7,79.6,63.1,3.99,4.29,3.68,2023-24
203114,Khris Middleton,1610612749,MIL,55,31,24,1487.0,583554,110.5,59.3,51.2,4.16,4.52,3.8,2023-24
1630165,Killian Hayes,1610612765,DET,42,7,35,1008.0,400980,75.9,41.6,34.4,4.19,4.63,3.77,2023-24
1630184,Kira Lewis Jr.,1610612762,UTA,27,10,17,258.0,113719,21.5,11.5,10.1,4.5,4.71,4.32,2023-24
202691,Klay Thompson,1610612744,GSW,76,41,35,2259.0,889266,168.4,95.0,73.4,4.25,4.81,3.7,2023-24
1641738,Kobe Brown,1610612746,LAC,43,26,17,393.0,158261,30.0,16.3,13.7,4.25,4.51,3.97,2023-24
1641723,Kobe Bufkin,1610612737,ATL,17,8,9,196.0,79111,15.0,8.2,6.8,4.24,4.55,3.92,2023-24
1628424,Kobi Simmons,1610612761,TOR,4,0,4,67.0,28875,5.5,2.8,2.7,4.5,4.79,4.24,2023-24
1627739,Kris Dunn,1610612762,UTA,65,25,40,1234.0,509896,96.6,51.1,45.5,4.37,4.55,4.18,2023-24
1631200,Kris Murray,1610612757,POR,61,11,50,1324.0,556099,105.3,54.9,50.4,4.45,4.63,4.27,2023-24
204001,Kristaps Porziņģis,1610612738,BOS,57,43,14,1690.0,623177,118.0,63.2,54.8,3.91,4.22,3.61,2023-24
203937,Kyle Anderson,1610612750,MIN,79,55,24,1782.0,691683,131.0,69.5,61.5,4.07,4.35,3.79,2023-24
1628398,Kyle Kuzma,1610612764,WAS,70,13,57,2281.0,914402,173.2,93.7,79.5,4.26,4.72,3.82,2023-24
200768,Kyle Lowry,1610612755,PHI,59,31,28,1667.0,601220,113.9,62.5,51.4,3.89,4.22,3.55,2023-24
202681,Kyrie Irving,1610612742,DAL,57,38,19,2000.0,747507,141.6,76.4,65.2,3.97,4.33,3.61,2023-24
1630163,LaMelo Ball,1610612766,CHA,22,7,15,711.0,299125,56.7,31.5,25.2,4.39,4.93,3.85,2023-24
1630205,Lamar Stevens,1610612763,MEM,38,22,16,559.0,221524,42.0,22.6,19.4,4.18,4.47,3.89,2023-24
1629013,Landry Shamet,1610612764,WAS,46,6,40,727.0,322620,61.1,33.6,27.5,4.7,5.33,4.11,2023-24
1626204,Larry Nance Jr.,1610612740,NOP,61,34,27,1216.0,470228,89.1,47.5,41.5,4.07,4.35,3.77,2023-24
1628374,Lauri Markkanen,1610612762,UTA,55,22,33,1820.0,725469,137.4,76.1,61.3,4.18,4.53,3.82,2023-24
2544,LeBron James,1610612747,LAL,70,40,30,2481.0,843991,159.8,86.4,73.5,3.68,4.03,3.35,2023-24
1641778,Leaky Black,1610612766,CHA,26,2,24,284.0,117082,22.2,12.0,10.1,4.38,4.62,4.08,2023-24
1631159,Leonard Miller,1610612750,MIN,17,13,4,52.0,22623,4.3,2.3,2.0,4.46,4.69,4.22,2023-24
1631311,Lester Quiñones,1610612744,GSW,36,24,12,385.0,172534,32.7,17.8,14.8,4.68,4.98,4.33,2023-24
1629623,Lindell Wigginton,1610612749,MIL,3,3,0,8.0,3164,0.6,0.3,0.3,4.29,3.74,5.05,2023-24
1630322,Lindy Waters III,1610612760,OKC,38,25,13,280.0,119116,22.6,12.5,10.1,4.5,4.86,4.12,2023-24
1629022,Lonnie Walker IV,1610612751,BKN,57,23,34,982.0,373337,70.7,38.0,32.7,4.0,4.3,3.7,2023-24
1629652,Luguentz Dort,1610612760,OKC,79,54,25,2246.0,905993,171.6,89.4,82.2,4.26,4.56,3.98,2023-24
1629029,Luka Dončić,1610612742,DAL,69,45,24,2587.0,895637,169.6,94.8,74.9,3.68,4.12,3.24,2023-24
1630568,Luka Garza,1610612750,MIN,25,17,8,122.0,54926,10.4,5.7,4.7,4.66,4.99,4.31,2023-24
1629677,Luka Samanic,1610612762,UTA,42,15,27,390.0,162284,30.7,16.4,14.4,4.36,4.72,4.04,2023-24
1628379,Luke Kennard,1610612763,MEM,39,15,24,999.0,392827,74.4,41.2,33.2,4.15,4.46,3.82,2023-24
1628436,Luke Kornet,1610612738,BOS,62,47,15,964.0,379860,71.9,38.1,33.8,4.18,4.38,3.98,2023-24
1630201,Malachi Flynn,1610612765,DET,68,28,40,875.0,367548,69.6,37.2,32.4,4.41,4.73,4.1,2023-24
1631103,Malaki Branham,1610612759,SAS,74,17,57,1565.0,669757,126.8,68.3,58.5,4.53,4.92,4.15,2023-24
1627763,Malcolm Brogdon,1610612757,POR,39,15,24,1121.0,418273,79.2,43.9,35.3,3.95,4.31,3.58,2023-24
1630608,Malcolm Cazalon,1610612765,DET,1,0,1,3.0,930,0.2,0.1,0.1,4.05,4.29,3.84,2023-24
1627736,Malik Beasley,1610612749,MIL,79,46,33,2337.0,927459,175.7,90.5,85.1,4.21,4.37,4.05,2023-24
1628370,Malik Monk,1610612758,SAC,72,42,30,1872.0,771441,146.1,81.9,64.2,4.34,4.92,3.77,2023-24
1642013,Malik Williams,1610612761,TOR,7,2,5,107.0,43318,8.2,4.3,3.9,4.32,4.55,4.09,2023-24
1629603,Mamadi Diakite,1610612752,NYK,6,5,1,24.0,9949,1.9,1.0,0.9,4.29,4.61,3.97,2023-24
1641970,Maozinha Pereira,1610612763,MEM,7,2,5,122.0,53306,10.1,5.4,4.7,4.69,4.88,4.49,2023-24
1630699,MarJon Beauchamp,1610612749,MIL,48,30,18,608.0,258970,49.0,25.4,23.7,4.39,4.62,4.18,2023-24
202694,Marcus Morris Sr.,1610612739,CLE,49,26,23,817.0,317610,60.2,32.5,27.6,4.11,4.36,3.83,2023-24
1631204,Marcus Sasser,1610612765,DET,70,11,59,1333.0,534277,101.2,55.3,45.9,4.23,4.59,3.86,2023-24
203935,Marcus Smart,1610612763,MEM,20,7,13,605.0,225473,42.7,22.8,19.9,3.88,4.24,3.54,2023-24
1631109,Mark Williams,1610612766,CHA,19,7,12,508.0,201003,38.1,20.2,17.9,4.19,4.45,3.93,2023-24
1628365,Markelle Fultz,1610612753,ORL,43,25,18,910.0,384054,72.7,38.8,34.0,4.47,4.66,4.28,2023-24
202693,Markieff Morris,1610612742,DAL,25,14,11,213.0,75722,14.3,7.6,6.8,3.74,3.94,3.58,2023-24
1641806,Markquis Nowell,1610612761,TOR,1,0,1,4.0,1685,0.3,0.2,0.2,4.78,7.31,5.63,2023-24
1629716,Marques Bolden,1610612766,CHA,11,5,6,121.0,47543,9.0,4.7,4.3,4.1,4.37,3.84,2023-24
1628963,Marvin Bagley III,1610612764,WAS,50,7,43,1053.0,436204,82.6,43.8,38.8,4.4,4.68,4.13,2023-24
1630222,Mason Jones,1610612758,SAC,5,3,2,28.0,11978,2.3,1.3,1.0,4.58,5.46,3.78,2023-24
203486,Mason Plumlee,1610612746,LAC,46,29,17,674.0,280653,53.2,29.2,24.0,4.39,4.68,4.07,2023-24
1629680,Matisse Thybulle,1610612757,POR,64,17,47,1455.0,587516,111.3,56.4,54.9,4.26,4.31,4.21,2023-24
1630562,Matt Hurt,1610612763,MEM,8,2,6,113.0,46114,8.7,4.8,3.9,4.29,4.51,4.04,2023-24
1630346,Matt Ryan,1610612740,NOP,28,14,14,390.0,166960,31.6,17.1,14.5,4.38,4.72,4.05,2023-24
1631108,Max Christie,1610612747,LAL,66,37,29,927.0,380717,72.1,38.7,33.4,4.37,4.68,4.05,2023-24
1629622,Max Strus,1610612739,CLE,70,43,27,2239.0,955118,180.9,100.1,80.8,4.53,5.08,3.98,2023-24
1628467,Maxi Kleber,1610612742,DAL,42,26,16,854.0,322207,61.0,31.7,29.3,3.96,4.14,3.78,2023-24
1641721,Maxwell Lewis,1610612747,LAL,33,17,16,95.0,36700,7.0,3.5,3.4,4.02,3.94,4.0,2023-24
1630695,Micah Potter,1610612762,UTA,16,3,13,186.0,77169,14.6,7.6,7.0,4.34,4.42,4.26,2023-24
1629008,Michael Porter Jr.,1610612743,DEN,79,55,24,2508.0,943049,178.6,94.4,84.2,4.01,4.15,3.87,2023-24
1628969,Mikal Bridges,1610612751,BKN,79,32,47,2759.0,1117836,211.7,117.3,94.5,4.3,4.67,3.91,2023-24
201144,Mike Conley,1610612750,MIN,76,53,23,2193.0,879772,166.6,92.5,74.1,4.25,4.64,3.85,2023-24
203488,Mike Muscala,1610612760,OKC,53,17,36,600.0,249655,47.3,25.7,21.6,4.39,4.69,4.07,2023-24
1628970,Miles Bridges,1610612766,CHA,68,16,52,2542.0,1012178,191.7,105.8,85.9,4.23,4.63,3.83,2023-24
1630540,Miles McBride,1610612752,NYK,68,42,26,1328.0,546692,103.5,55.2,48.3,4.38,4.48,4.26,2023-24
1629011,Mitchell Robinson,1610612752,NYK,31,19,12,768.0,291356,55.2,30.0,25.2,3.98,4.01,3.94,2023-24
1628964,Mo Bamba,1610612755,PHI,56,29,27,722.0,281330,53.3,29.0,24.2,4.14,4.33,3.91,2023-24
1628420,Monte Morris,1610612750,MIN,33,21,12,476.0,188614,35.7,19.5,16.2,4.19,4.57,3.81,2023-24
1629021,Moritz Wagner,1610612753,ORL,80,46,34,1415.0,570942,108.1,59.2,48.9,4.24,4.52,3.95,2023-24
1629650,Moses Brown,1610612757,POR,22,4,18,200.0,80001,15.2,8.3,6.8,4.25,4.51,3.92,2023-24
1630541,Moses Moody,1610612744,GSW,65,38,27,1130.0,456717,86.5,47.3,39.2,4.26,4.55,3.96,2023-24
1631338,Mouhamadou Gueye,1610612761,TOR,11,0,11,120.0,51610,9.8,5.1,4.7,4.55,4.86,4.27,2023-24
1631243,Mouhamed Gueye,1610612737,ATL,6,2,4,73.0,31363,5.9,3.2,2.7,4.32,4.33,4.31,2023-24
1631217,Moussa Diabaté,1610612746,LAC,11,7,4,64.0,27994,5.3,2.8,2.5,4.43,4.54,4.31,2023-24
1626167,Myles Turner,1610612754,IND,77,45,32,2076.0,811698,153.7,81.2,72.5,4.17,4.54,3.81,2023-24
1630230,Naji Marshall,1610612740,NOP,65,41,24,1245.0,507380,96.1,49.9,46.2,4.3,4.49,4.12,2023-24
1629642,Nassir Little,1610612756,PHX,45,28,17,458.0,184213,34.9,18.6,16.3,4.23,4.47,3.99,2023-24
1630207,Nate Hinton,1610612745,HOU,15,8,7,75.0,33694,6.4,3.4,3.0,4.74,5.19,4.32,2023-24
1641877,Nate Mensah,1610612766,CHA,25,3,22,307.0,120651,22.9,12.3,10.5,4.15,4.24,4.02,2023-24
1631466,Nate Williams,1610612745,HOU,22,11,11,129.0,56043,10.6,5.4,5.2,4.48,4.79,4.21,2023-24
1629675,Naz Reid,1610612750,MIN,81,56,25,1964.0,772800,146.4,77.5,68.9,4.15,4.41,3.9,2023-24
1629674,Neemias Queta,1610612738,BOS,28,24,4,333.0,133050,25.2,13.5,11.7,4.24,4.43,4.03,2023-24
1629651,Nic Claxton,1610612751,BKN,68,27,41,2033.0,805968,152.6,80.8,71.8,4.22,4.41,4.02,2023-24
1630208,Nick Richards,1610612766,CHA,66,13,53,1728.0,708006,134.1,71.1,63.0,4.36,4.53,4.19,2023-24
1641733,Nick Smith Jr.,1610612766,CHA,50,8,42,712.0,305968,57.9,31.7,26.2,4.55,4.89,4.19,2023-24
1629638,Nickeil Alexander-Walker,1610612750,MIN,82,56,26,1921.0,831420,157.5,83.8,73.7,4.56,4.89,4.24,2023-24
201587,Nicolas Batum,1610612755,PHI,59,35,24,1509.0,632477,119.8,63.0,56.8,4.43,4.61,4.26,2023-24
203999,Nikola Jokić,1610612743,DEN,77,53,24,2670.0,958040,181.4,101.1,80.4,3.81,4.19,3.43,2023-24
1631107,Nikola Jović,1610612748,MIA,46,24,22,896.0,358650,67.9,36.5,31.4,4.41,4.82,4.0,2023-24
202696,Nikola Vučević,1610612741,CHI,75,36,39,2574.0,912845,172.9,89.9,83.0,3.83,4.05,3.62,2023-24
1641730,Noah Clowney,1610612751,BKN,22,10,12,329.0,132853,25.2,13.4,11.8,4.26,4.44,4.06,2023-24
1626181,Norman Powell,1610612746,LAC,75,47,28,1963.0,752024,142.4,76.6,65.8,4.03,4.3,3.76,2023-24
1628384,OG Anunoby,1610612752,NYK,50,31,19,1702.0,653796,123.8,64.0,59.9,4.06,4.14,3.99,2023-24
1630167,Obi Toppin,1610612754,IND,82,47,35,1731.0,762382,144.4,76.4,68.0,4.64,4.97,4.31,2023-24
1630534,Ochai Agbaji,1610612761,TOR,77,31,46,1620.0,681433,129.1,68.3,60.8,4.43,4.7,4.15,2023-24
1630846,Olivier Sarr,1610612760,OKC,15,8,7,98.0,40244,7.6,4.3,3.3,4.37,4.93,3.8,2023-24
1641765,Olivier-Maxence Prosper,1610612742,DAL,40,24,16,336.0,143461,27.2,14.2,13.0,4.53,4.69,4.36,2023-24
1630209,Omer Yurtseven,1610612762,UTA,47,17,30,541.0,218063,41.3,22.6,18.7,4.26,4.43,4.06,2023-24
1641931,Onuralp Bitim,1610612741,CHI,22,11,11,258.0,105877,20.1,10.4,9.6,4.34,4.59,4.06,2023-24
1630168,Onyeka Okongwu,1610612737,ATL,55,23,32,1405.0,536776,101.7,51.7,50.0,4.11,4.23,3.99,2023-24
1631115,Orlando Robinson,1610612748,MIA,36,20,16,304.0,123212,23.3,12.4,10.9,4.25,4.39,4.1,2023-24
1631131,Oscar Tshiebwe,1610612754,IND,8,2,6,42.0,17736,3.4,1.7,1.7,4.39,4.56,4.22,2023-24
1629052,Oshae Brissett,1610612738,BOS,55,46,9,630.0,256995,48.7,26.1,22.6,4.32,4.49,4.14,2023-24
203490,Otto Porter Jr.,1610612761,TOR,15,6,9,174.0,72181,13.7,7.3,6.3,4.31,4.56,3.99,2023-24
1631172,Ousmane Dieng,1610612760,OKC,33,21,12,365.0,150025,28.4,15.7,12.7,4.37,4.75,3.98,2023-24
200782,P.J. Tucker,1610612746,LAC,31,13,18,486.0,190099,36.0,18.7,17.3,4.11,4.19,4.03,2023-24
1629023,P.J. Washington,1610612742,DAL,72,29,43,2192.0,868382,164.5,87.9,76.6,4.2,4.51,3.89,2023-24
1631094,Paolo Banchero,1610612753,ORL,80,46,34,2799.0,1065719,201.8,113.4,88.4,4.02,4.38,3.63,2023-24
1627783,Pascal Siakam,1610612754,IND,80,38,42,2658.0,1067449,202.2,109.0,93.2,4.25,4.71,3.81,2023-24
1626192,Pat Connaughton,1610612749,MIL,76,45,31,1676.0,681206,129.0,68.8,60.3,4.26,4.56,3.97,2023-24
1630311,Pat Spencer,1610612744,GSW,5,4,1,24.0,10374,2.0,1.1,0.8,4.57,5.01,3.66,2023-24
1631116,Patrick Baldwin Jr.,1610612764,WAS,38,6,32,494.0,208814,39.5,21.0,18.6,4.47,5.02,3.99,2023-24
201976,Patrick Beverley,1610612749,MIL,73,43,30,1463.0,596039,112.9,60.7,52.2,4.29,4.56,4.01,2023-24
1630172,Patrick Williams,1610612741,CHI,43,19,24,1174.0,471096,89.2,47.3,42.0,4.27,4.62,3.95,2023-24
201988,Patty Mills,1610612748,MIA,32,15,17,415.0,181243,34.3,18.5,15.9,4.64,4.94,4.35,2023-24
202331,Paul George,1610612746,LAC,73,47,26,2462.0,923840,175.0,95.6,79.4,4.01,4.31,3.7,2023-24
1630194,Paul Reed,1610612755,PHI,81,46,35,1560.0,642773,121.7,65.2,56.6,4.35,4.61,4.1,2023-24
1630202,Payton Pritchard,1610612738,BOS,81,63,18,1803.0,725657,137.4,74.4,63.1,4.27,4.54,3.99,2023-24
1631250,Pete Nance,1610612739,CLE,8,3,5,27.0,10243,1.9,1.0,0.9,3.82,3.94,3.7,2023-24
1631212,Peyton Watson,1610612743,DEN,78,54,24,1442.0,601374,113.9,60.2,53.7,4.4,4.61,4.18,2023-24
1630173,Precious Achiuwa,1610612752,NYK,74,40,34,1624.0,641096,121.4,65.3,56.1,4.18,4.31,4.03,2023-24
1629656,Quentin Grimes,1610612765,DET,51,32,19,1025.0,392572,74.4,39.8,34.5,4.09,4.23,3.93,2023-24
1631245,Quenton Jackson,1610612754,IND,3,3,0,11.0,4054,0.8,0.4,0.4,4.11,4.37,3.88,2023-24
1630181,R.J. Hampton,1610612748,MIA,8,3,5,76.0,31613,6.0,3.2,2.8,4.48,4.77,4.2,2023-24
1629628,RJ Barrett,1610612761,TOR,58,26,32,1838.0,751551,142.3,75.5,66.8,4.35,4.72,3.99,2023-24
1630564,RaiQuan Gray,1610612759,SAS,3,2,1,39.0,15715,3.0,1.6,1.4,4.3,4.7,3.92,2023-24
1641712,Rayan Rupert,1610612757,POR,38,6,32,621.0,269749,51.1,27.3,23.8,4.6,4.89,4.31,2023-24
203493,Reggie Bullock Jr.,1610612745,HOU,44,24,20,417.0,161917,30.7,16.0,14.7,4.18,4.47,3.9,2023-24
202704,Reggie Jackson,1610612743,DEN,80,55,25,1792.0,690999,130.9,72.0,58.9,4.09,4.41,3.75,2023-24
1626158,Richaun Holmes,1610612764,WAS,40,13,27,554.0,214286,40.6,20.9,19.7,4.11,4.22,4.0,2023-24
1641741,Ricky Council IV,1610612755,PHI,31,14,17,281.0,119107,22.6,11.7,10.8,4.42,4.75,4.08,2023-24
203496,Robert Covington,1610612755,PHI,29,20,9,488.0,191341,36.2,19.5,16.8,4.08,4.32,3.86,2023-24
1629057,Robert Williams III,1610612757,POR,6,2,4,119.0,46158,8.7,4.7,4.1,4.0,4.32,3.78,2023-24
201577,Robin Lopez,1610612749,MIL,16,10,6,65.0,25043,4.7,2.6,2.1,4.01,4.27,3.73,2023-24
1631199,Ron Harper Jr.,1610612761,TOR,1,1,0,4.0,1724,0.3,0.2,0.1,4.22,4.7,3.51,2023-24
1626220,Royce O'Neale,1610612756,PHX,77,38,39,1895.0,767011,145.3,82.0,63.3,4.26,4.72,3.78,2023-24
203497,Rudy Gobert,1610612750,MIN,76,53,23,2593.0,1025004,194.1,102.1,92.0,4.18,4.37,3.99,2023-24
1629060,Rui Hachimura,1610612747,LAL,67,39,28,1804.0,706564,133.8,70.0,63.8,4.22,4.44,4.01,2023-24
201566,Russell Westbrook,1610612746,LAC,68,45,23,1529.0,583460,110.5,59.9,50.6,4.01,4.38,3.64,2023-24
1627853,Ryan Arcidiacono,1610612752,NYK,20,15,5,45.0,18233,3.5,1.9,1.6,4.53,5.02,4.05,2023-24
1631157,Ryan Rollins,1610612749,MIL,13,1,12,78.0,33883,6.4,3.0,3.4,4.4,4.91,4.04,2023-24
1630240,Saben Lee,1610612756,PHX,23,15,8,181.0,75301,14.3,7.4,6.8,4.49,4.67,4.25,2023-24
1630180,Saddiq Bey,1610612737,ATL,63,28,35,2062.0,809755,153.4,78.8,74.5,4.23,4.39,4.06,2023-24
1630573,Sam Hauser,1610612738,BOS,78,61,17,1723.0,735123,139.2,75.9,63.3,4.52,4.91,4.13,2023-24
1630241,Sam Merrill,1610612739,CLE,61,36,25,1069.0,442619,83.8,45.9,38.0,4.38,4.76,4.0,2023-24
1630572,Sandro Mamukelashvili,1610612759,SAS,45,11,34,445.0,191020,36.2,19.8,16.4,4.54,5.08,4.03,2023-24
1630583,Santi Aldama,1610612763,MEM,61,23,38,1618.0,660589,125.1,67.2,57.9,4.33,4.54,4.12,2023-24
1628426,Sasha Vezenkov,1610612758,SAC,42,22,20,511.0,219113,41.5,22.4,19.1,4.55,4.95,4.16,2023-24
1630703,Scoot Henderson,1610612757,POR,61,17,44,1739.0,723170,137.0,72.7,64.3,4.38,4.63,4.13,2023-24
1630567,Scottie Barnes,1610612761,TOR,60,22,38,2094.0,844687,160.0,84.8,75.2,4.25,4.65,3.88,2023-24
1630590,Scotty Pippen Jr.,1610612763,MEM,21,5,16,527.0,224081,42.4,22.7,19.7,4.53,4.7,4.36,2023-24
203552,Seth Curry,1610612766,CHA,44,25,19,615.0,242954,46.0,24.8,21.2,4.23,4.47,3.98,2023-24
1641754,Seth Lundy,1610612737,ATL,9,2,7,52.0,21330,4.0,2.1,2.0,4.31,4.74,4.12,2023-24
1631101,Shaedon Sharpe,1610612757,POR,32,8,24,1059.0,423042,80.1,42.9,37.3,4.2,4.51,3.91,2023-24
1628983,Shai Gilgeous-Alexander,1610612760,OKC,75,55,20,2553.0,993833,188.2,102.7,85.5,4.1,4.61,3.62,2023-24
1629003,Shake Milton,1610612752,NYK,48,32,16,581.0,233920,44.3,24.0,20.3,4.22,4.57,3.87,2023-24
1627885,Shaquille Harrison,1610612763,MEM,3,1,2,6.0,2313,0.4,0.2,0.2,3.58,3.47,3.69,2023-24
1631321,Sidy Cissoko,1610612759,SAS,12,5,7,141.0,58262,11.0,5.9,5.1,4.35,4.8,3.93,2023-24
1631323,Simone Fontecchio,1610612765,DET,65,29,36,1612.0,685402,129.8,71.1,58.7,4.49,4.85,4.12,2023-24
1630219,Skylar Mays,1610612747,LAL,38,14,24,433.0,167212,31.7,17.2,14.5,4.08,4.34,3.8,2023-24
203915,Spencer Dinwiddie,1610612747,LAL,75,38,37,2120.0,770739,146.0,79.3,66.7,3.9,4.19,3.6,2023-24
1630649,Stanley Umude,1610612765,DET,23,4,19,294.0,117791,22.3,11.7,10.6,4.2,4.48,3.93,2023-24
201939,Stephen Curry,1610612744,GSW,74,43,31,2422.0,951424,180.2,103.9,76.3,4.24,4.9,3.58,2023-24
1629004,Svi Mykhailiuk,1610612738,BOS,41,32,9,413.0,167032,31.6,17.3,14.4,4.28,4.54,4.02,2023-24
204456,T.J. McConnell,1610612754,IND,71,40,31,1291.0,574503,108.8,58.3,50.5,4.68,5.02,4.35,2023-24
203933,T.J. Warren,1610612750,MIN,11,7,4,125.0,50825,9.6,5.0,4.7,4.32,4.52,4.21,2023-24
201959,Taj Gibson,1610612765,DET,20,8,12,204.0,77549,14.7,7.8,6.9,4.15,4.23,4.07,2023-24
1629659,Talen Horton-Tucker,1610612762,UTA,50,14,36,1000.0,381895,72.3,40.1,32.2,3.99,4.41,3.57,2023-24
1631106,Tari Eason,1610612745,HOU,22,12,10,480.0,196101,37.1,20.0,17.1,4.24,4.51,3.96,2023-24
1627752,Taurean Prince,1610612747,LAL,77,43,34,2084.0,774796,146.7,74.4,72.3,3.99,4.09,3.89,2023-24
1641707,Taylor Hendricks,1610612762,UTA,40,13,27,856.0,353424,66.9,35.2,31.7,4.37,4.45,4.28,2023-24
1631386,Taze Moore,1610612757,POR,4,1,3,40.0,17616,3.3,1.8,1.5,4.5,4.73,4.25,2023-24
1629611,Terance Mann,1610612746,LAC,74,46,28,1848.0,740654,140.3,73.5,66.8,4.3,4.39,4.21,2023-24
1631173,Terquavion Smith,1610612755,PHI,15,7,8,79.0,32878,6.2,3.2,3.1,4.32,4.85,4.01,2023-24
1626179,Terry Rozier,1610612748,MIA,61,22,39,2040.0,843999,159.8,88.0,71.8,4.4,4.75,4.03,2023-24
1630678,Terry Taylor,1610612741,CHI,30,12,18,187.0,78673,14.9,7.5,7.4,4.46,4.76,4.19,2023-24
201152,Thaddeus Young,1610612756,PHX,33,12,21,440.0,172593,32.7,17.2,15.5,4.15,4.47,3.85,2023-24
203648,Thanasis Antetokounmpo,1610612749,MIL,34,21,13,155.0,63872,12.1,6.2,5.9,4.29,4.33,4.25,2023-24
1630177,Theo Maledon,1610612756,PHX,17,5,12,213.0,93007,17.6,9.7,7.9,4.44,4.89,3.99,2023-24
1628418,Thomas Bryant,1610612748,MIA,38,22,16,441.0,165043,31.3,16.9,14.4,4.12,4.37,3.85,2023-24
203501,Tim Hardaway Jr.,1610612742,DAL,78,48,30,2103.0,784117,148.5,79.5,69.0,4.0,4.31,3.7,2023-24
1641851,Timmy Allen,1610612763,MEM,5,0,5,125.0,52965,10.0,5.7,4.4,4.4,4.75,4.11,2023-24
202699,Tobias Harris,1610612755,PHI,69,40,29,2338.0,924928,175.2,95.5,79.7,4.18,4.47,3.88,2023-24
1628470,Torrey Craig,1610612741,CHI,52,22,30,1035.0,430888,81.6,42.9,38.7,4.54,4.81,4.27,2023-24
1641787,Tosan Evbuomwan,1610612765,DET,17,1,16,367.0,152039,28.8,14.9,13.9,4.42,4.62,4.23,2023-24
1641739,Toumani Camara,1610612757,POR,69,18,51,1707.0,742397,140.6,72.4,68.2,4.6,4.73,4.48,2023-24
1629027,Trae Young,1610612737,ATL,54,22,32,1942.0,727250,137.7,75.7,62.1,4.0,4.45,3.56,2023-24
1631218,Trayce Jackson-Davis,1610612744,GSW,67,39,28,1107.0,447647,84.8,45.0,39.8,4.32,4.58,4.06,2023-24
1630200,Tre Jones,1610612759,SAS,76,20,56,2107.0,912966,172.9,91.2,81.8,4.58,4.97,4.22,2023-24
1630544,Tre Mann,1610612766,CHA,41,21,20,987.0,405743,76.8,42.0,34.8,4.39,4.79,3.98,2023-24
1630570,Trendon Watford,1610612751,BKN,61,25,36,805.0,321634,60.9,33.7,27.2,4.2,4.6,3.8,2023-24
1630235,Trent Forrest,1610612737,ATL,38,18,20,414.0,163037,30.9,16.5,14.4,4.21,4.37,4.05,2023-24
1630243,Trevelin Queen,1610612753,ORL,14,5,9,165.0,65321,12.4,6.5,5.9,4.15,4.35,3.94,2023-24
1641998,Trey Jemison III,1610612763,MEM,25,5,20,574.0,230907,43.7,24.0,19.7,4.26,4.37,4.12,2023-24
1626168,Trey Lyles,1610612758,SAC,58,33,25,1158.0,481393,91.2,48.5,42.7,4.38,4.79,4.0,2023-24
1630530,Trey Murphy III,1610612740,NOP,56,35,21,1668.0,657473,124.5,65.0,59.5,4.19,4.39,3.99,2023-24
202684,Tristan Thompson,1610612739,CLE,49,28,21,549.0,214585,40.6,21.3,19.3,4.1,4.21,3.98,2023-24
1641774,Tristan Vukcevic,1610612764,WAS,10,3,7,153.0,61802,11.7,6.0,5.7,4.28,4.64,3.97,2023-24
1628972,Troy Brown Jr.,1610612765,DET,58,30,28,824.0,342450,64.9,34.1,30.7,4.43,4.75,4.12,2023-24
1629660,Ty Jerome,1610612739,CLE,2,1,1,15.0,6433,1.2,0.7,0.5,4.19,4.62,3.7,2023-24
1631102,TyTy Washington Jr.,1610612749,MIL,11,5,6,56.0,22031,4.2,2.3,1.9,4.16,4.64,3.69,2023-24
1629639,Tyler Herro,1610612748,MIA,42,23,19,1407.0,573623,108.6,59.5,49.1,4.43,4.91,3.96,2023-24
1630169,Tyrese Haliburton,1610612754,IND,69,40,29,2224.0,905218,171.4,95.8,75.6,4.32,5.0,3.7,2023-24
1630178,Tyrese Maxey,1610612755,PHI,69,42,27,2597.0,1059511,200.7,115.3,85.4,4.31,4.85,3.75,2023-24
1626145,Tyus Jones,1610612764,WAS,66,11,55,1933.0,797380,151.0,81.6,69.4,4.38,4.82,3.95,2023-24
1628962,Udoka Azubuike,1610612756,PHX,16,12,4,113.0,43444,8.2,4.3,3.9,4.02,4.19,3.86,2023-24
1630586,Usman Garuba,1610612744,GSW,6,5,1,18.0,7239,1.4,0.7,0.6,4.28,3.92,4.03,2023-24
203995,Vasilije Micic,1610612766,CHA,59,33,26,1144.0,460644,87.2,48.7,38.6,4.28,4.78,3.78,2023-24
1641705,Victor Wembanyama,1610612759,SAS,71,19,52,2106.0,849289,160.9,85.8,75.0,4.27,4.7,3.87,2023-24
1631246,Vince Williams Jr.,1610612763,MEM,52,18,34,1437.0,610056,115.5,59.7,55.9,4.51,4.58,4.44,2023-24
1630249,Vít Krejčí,1610612737,ATL,22,9,13,541.0,215418,40.8,21.9,18.9,4.24,4.48,3.98,2023-24
1631117,Walker Kessler,1610612762,UTA,63,26,37,1469.0,613832,116.3,63.9,52.3,4.41,4.69,4.11,2023-24
1628976,Wendell Carter Jr.,1610612753,ORL,55,30,25,1406.0,524058,99.3,52.4,46.8,3.96,4.09,3.81,2023-24
1631111,Wendell Moore Jr.,1610612750,MIN,25,18,7,75.0,32001,6.1,3.2,2.9,4.44,4.6,4.27,2023-24
1629117,Wenyen Gabriel,1610612738,BOS,5,1,4,81.0,32606,6.2,3.4,2.8,4.42,4.78,4.05,2023-24
202083,Wesley Matthews,1610612737,ATL,36,11,25,413.0,169852,32.2,17.0,15.2,4.35,4.68,4.03,2023-24
1629875,Xavier Moon,1610612746,LAC,14,7,7,119.0,46665,8.8,4.9,3.9,4.3,4.55,4.02,2023-24
1630214,Xavier Tillman,1610612738,BOS,54,30,24,975.0,397411,75.3,40.1,35.2,4.35,4.61,4.09,2023-24
1629139,Yuta Watanabe,1610612763,MEM,34,18,16,464.0,194496,36.8,20.3,16.5,4.46,4.77,4.12,2023-24
1628380,Zach Collins,1610612759,SAS,68,18,50,1504.0,600899,113.8,60.6,53.2,4.22,4.52,3.92,2023-24
203897,Zach LaVine,1610612741,CHI,25,10,15,872.0,344118,65.2,35.3,29.9,4.17,4.63,3.73,2023-24
1630285,Zavier Simpson,1610612765,DET,7,1,6,161.0,68268,12.9,7.3,5.6,4.4,4.65,4.11,2023-24
1630192,Zeke Nnaji,1610612743,DEN,56,39,17,555.0,223632,42.4,22.2,20.1,4.19,4.36,4.0,2023-24
1630533,Ziaire Williams,1610612763,MEM,51,20,31,1038.0,412648,78.2,40.5,37.6,4.19,4.28,4.09,2023-24
1629627,Zion Williamson,1610612740,NOP,69,42,27,2181.0,856940,162.3,86.9,75.4,4.15,4.51,3.81,2023-24
1630639,A.J. Lawson,1610612761,TOR,26,14,12,486.0,220282,41.7,21.7,20.0,4.76,5.02,4.51,2024-25
1631260,AJ Green,1610612749,MIL,73,44,29,1659.0,696965,132.0,71.6,60.4,4.47,4.89,4.06,2024-25
1642358,AJ Johnson,1610612764,WAS,29,8,21,638.0,270166,51.2,27.9,23.3,4.49,4.91,4.08,2024-25
203932,Aaron Gordon,1610612743,DEN,51,33,18,1447.0,545589,103.3,54.0,49.4,4.0,4.29,3.73,2024-25
1628988,Aaron Holiday,1610612745,HOU,62,39,23,792.0,312659,59.2,31.4,27.8,4.13,4.36,3.9,2024-25
1630174,Aaron Nesmith,1610612754,IND,45,29,16,1122.0,475129,90.0,45.5,44.5,4.48,4.79,4.21,2024-25
1630598,Aaron Wiggins,1610612760,OKC,76,62,14,1744.0,762372,144.4,76.6,67.8,4.64,5.08,4.22,2024-25
1641745,Adam Flagler,1610612760,OKC,37,34,3,203.0,80405,15.2,8.2,7.0,4.17,4.33,4.0,2024-25
1641766,Adama Sanogo,1610612741,CHI,4,2,2,22.0,8752,1.7,0.9,0.8,4.41,4.67,4.16,2024-25
1641737,Adem Bona,1610612755,PHI,58,12,46,905.0,373235,70.7,37.3,33.4,4.35,4.53,4.16,2024-25
1642349,Ajay Mitchell,1610612760,OKC,36,31,5,597.0,259997,49.2,26.1,23.2,4.6,4.97,4.27,2024-25
201143,Al Horford,1610612738,BOS,60,44,16,1659.0,606729,114.9,60.4,54.5,3.98,4.04,3.91,2024-25
202692,Alec Burks,1610612748,MIA,49,26,23,863.0,339564,64.3,34.2,30.2,4.18,4.33,4.03,2024-25
1627936,Alex Caruso,1610612760,OKC,54,44,10,1041.0,438663,83.1,43.3,39.8,4.42,4.78,4.09,2024-25
1642505,Alex Ducas,1610612760,OKC,21,20,1,125.0,51411,9.7,5.4,4.4,4.29,4.52,4.13,2024-25
203458,Alex Len,1610612747,LAL,46,21,25,380.0,157817,29.9,15.8,14.1,4.41,4.65,4.17,2024-25
1642024,Alex Reese,1610612755,PHI,15,4,11,216.0,92982,17.6,9.2,8.4,4.54,4.87,4.21,2024-25
1642259,Alex Sarr,1610612764,WAS,67,13,54,1814.0,748624,141.8,74.9,66.9,4.41,4.76,4.07,2024-25
1631214,Alondes Williams,1610612746,LAC,1,0,1,4.0,1488,0.3,0.1,0.2,4.27,4.01,4.41,2024-25
1630578,Alperen Sengun,1610612745,HOU,76,52,24,2395.0,895930,169.7,88.9,80.8,3.97,4.07,3.87,2024-25
1641708,Amen Thompson,1610612745,HOU,69,43,26,2225.0,912172,172.8,91.3,81.5,4.33,4.55,4.11,2024-25
1629599,Amir Coffey,1610612746,LAC,72,41,31,1748.0,662368,125.4,64.4,61.0,4.0,4.04,3.96,2024-25
203083,Andre Drummond,1610612755,PHI,40,12,28,751.0,283934,53.8,27.7,26.1,4.02,4.06,3.99,2024-25
1641748,Andre Jackson Jr.,1610612749,MIL,67,39,28,980.0,442686,83.8,44.0,39.8,4.83,5.01,4.65,2024-25
1629614,Andrew Nembhard,1610612754,IND,65,44,21,1881.0,795942,150.7,76.2,74.5,4.49,4.7,4.29,2024-25
203952,Andrew Wiggins,1610612748,MIA,60,27,33,1842.0,721261,136.6,73.3,63.3,4.17,4.51,3.84,2024-25
1629014,Anfernee Simons,1610612757,POR,70,28,42,2292.0,921894,174.6,94.8,79.8,4.27,4.68,3.87,2024-25
1641710,Anthony Black,1610612753,ORL,78,39,39,1887.0,737920,139.8,73.8,65.9,4.11,4.2,4.0,2024-25
203076,Anthony Davis,1610612742,DAL,51,30,21,1705.0,601072,113.8,60.2,53.7,3.75,3.91,3.59,2024-25
1630162,Anthony Edwards,1610612750,MIN,79,48,31,2871.0,1061870,201.1,111.2,90.0,3.92,4.3,3.54,2024-25
1630264,Anthony Gill,1610612764,WAS,51,7,44,398.0,164166,31.1,16.4,14.7,4.31,4.54,4.08,2024-25
1641817,Anton Watson,1610612752,NYK,9,5,4,22.0,9293,1.8,1.0,0.8,4.32,4.78,3.85,2024-25
1641810,Antonio Reeves,1610612740,NOP,44,6,38,660.0,272356,51.6,27.8,23.8,4.37,4.64,4.09,2024-25
1630574,Ariel Hukporti,1610612752,NYK,25,17,8,217.0,91150,17.3,9.1,8.2,4.42,4.56,4.27,2024-25
1642422,Armel Traore,1610612747,LAL,9,5,4,67.0,29980,5.7,3.1,2.6,4.78,5.05,4.48,2024-25
1641709,Ausar Thompson,1610612765,DET,59,34,25,1328.0,550406,104.2,53.2,51.0,4.41,4.62,4.21,2024-25
1630559,Austin Reaves,1610612747,LAL,73,46,27,2550.0,991001,187.7,104.6,83.1,4.13,4.51,3.74,2024-25
1630245,Ayo Dosunmu,1610612741,CHI,46,17,29,1394.0,573189,108.6,57.3,51.3,4.37,4.79,3.97,2024-25
1628389,Bam Adebayo,1610612748,MIA,78,36,42,2674.0,991608,187.8,99.4,88.4,3.94,4.12,3.75,2024-25
1631248,Baylor Scheierman,1610612738,BOS,31,27,4,384.0,150254,28.5,15.2,13.3,4.15,4.28,4.0,2024-25
1641767,Ben Sheppard,1610612754,IND,63,40,23,1230.0,549958,104.2,53.0,51.2,4.72,4.85,4.6,2024-25
1627732,Ben Simmons,1610612746,LAC,51,26,25,1120.0,421328,79.8,43.1,36.7,3.99,4.27,3.71,2024-25
1631097,Bennedict Mathurin,1610612754,IND,72,43,29,2149.0,871485,165.1,85.3,79.8,4.3,4.57,4.04,2024-25
1641731,Bilal Coulibaly,1610612764,WAS,59,13,46,1948.0,803156,152.1,79.9,72.2,4.38,4.65,4.12,2024-25
202687,Bismack Biyombo,1610612759,SAS,28,10,18,527.0,204019,38.6,20.3,18.3,4.16,4.39,3.94,2024-25
1631104,Blake Wesley,1610612759,SAS,58,23,35,683.0,294404,55.8,28.7,27.1,4.58,4.85,4.33,2024-25
1626171,Bobby Portis Jr.,1610612749,MIL,49,30,19,1244.0,498605,94.4,50.0,44.4,4.26,4.51,4.01,2024-25
1641752,Bobi Klintman,1610612765,DET,8,4,4,42.0,17743,3.4,1.8,1.5,4.34,4.59,3.83,2024-25
203992,Bogdan Bogdanović,1610612746,LAC,54,33,21,1348.0,548188,103.8,56.2,47.6,4.31,4.71,3.92,2024-25
1629626,Bol Bol,1610612756,PHX,36,10,26,448.0,185658,35.2,18.8,16.3,4.43,4.59,4.23,2024-25
1630538,Bones Hyland,1610612750,MIN,24,11,13,239.0,93595,17.7,9.7,8.0,4.12,4.44,3.79,2024-25
203078,Bradley Beal,1610612756,PHX,53,22,31,1702.0,667188,126.4,68.1,58.2,4.16,4.32,3.98,2024-25
1642382,Branden Carlson,1610612760,OKC,32,29,3,246.0,103653,19.6,10.6,9.0,4.39,4.71,4.07,2024-25
1641764,Brandin Podziemski,1610612744,GSW,64,38,26,1716.0,729533,138.2,75.5,62.6,4.49,4.85,4.12,2024-25
1630527,Brandon Boston Jr.,1610612740,NOP,42,8,34,993.0,400274,75.8,39.7,36.1,4.3,4.43,4.16,2024-25
1629634,Brandon Clarke,1610612763,MEM,64,40,24,1207.0,511393,96.9,50.4,46.5,4.53,4.92,4.17,2024-25
1627742,Brandon Ingram,1610612761,TOR,18,5,13,595.0,225158,42.6,24.0,18.6,4.02,4.34,3.67,2024-25
1641706,Brandon Miller,1610612766,CHA,27,8,19,924.0,365500,69.2,38.8,30.4,4.17,4.6,3.74,2024-25
1630314,Brandon Williams,1610612742,DAL,33,15,18,487.0,208112,39.4,20.9,18.5,4.52,4.82,4.21,2024-25
1630296,Braxton Key,1610612744,GSW,3,3,0,11.0,4786,0.9,0.5,0.4,4.57,4.49,4.69,2024-25
1641729,Brice Sensabaugh,1610612762,UTA,71,14,57,1432.0,559973,106.1,56.3,49.7,4.13,4.25,3.99,2024-25
1642355,Bronny James,1610612747,LAL,27,17,10,181.0,73142,13.9,7.9,5.9,4.25,4.48,3.9,2024-25
201572,Brook Lopez,1610612749,MIL,80,47,33,2546.0,922851,174.8,90.6,84.1,3.88,3.99,3.78,2024-25
1628971,Bruce Brown,1610612740,NOP,41,15,26,922.0,364677,69.1,37.2,31.9,4.19,4.55,3.84,2024-25
1628981,Bruno Fernando,1610612761,TOR,17,2,15,147.0,57347,10.9,5.6,5.2,4.16,4.31,3.93,2024-25
1631121,Bryce McGowens,1610612757,POR,13,8,5,32.0,13708,2.6,1.3,1.3,4.27,4.34,4.21,2024-25
1642267,Bub Carrington,1610612764,WAS,82,18,64,2458.0,1024662,194.1,104.2,89.9,4.43,4.77,4.1,2024-25
1627741,Buddy Hield,1610612744,GSW,82,48,34,1863.0,820392,155.4,85.0,70.3,4.67,5.07,4.26,2024-25
203468,CJ McCollum,1610612740,NOP,56,17,39,1832.0,765966,145.1,79.9,65.1,4.44,4.92,3.95,2024-25
1630595,Cade Cunningham,1610612765,DET,70,38,32,2452.0,987135,187.0,104.7,82.2,4.29,4.87,3.73,2024-25
1631216,Caleb Houstan,1610612753,ORL,58,29,29,788.0,337922,64.0,35.5,28.5,4.49,4.86,4.1,2024-25
1628997,Caleb Martin,1610612742,DAL,45,17,28,1218.0,515155,97.6,52.7,44.8,4.45,4.74,4.15,2024-25
1642353,Cam Christie,1610612746,LAC,13,10,3,59.0,24623,4.7,2.5,2.1,4.35,4.53,3.98,2024-25
1629629,Cam Reddish,1610612747,LAL,33,15,18,589.0,235952,44.7,21.7,23.0,4.24,4.03,4.47,2024-25
1642285,Cam Spencer,1610612763,MEM,25,14,11,252.0,114102,21.6,11.6,10.0,4.76,5.17,4.36,2024-25
1630560,Cam Thomas,1610612751,BKN,25,8,17,781.0,309510,58.6,31.7,26.9,4.19,4.39,3.98,2024-25
1641715,Cam Whitmore,1610612745,HOU,51,30,21,827.0,314693,59.6,32.1,27.5,4.02,4.24,3.79,2024-25
1629661,Cameron Johnson,1610612751,BKN,57,21,36,1800.0,726950,137.7,76.7,61.0,4.27,4.6,3.92,2024-25
1626166,Cameron Payne,1610612752,NYK,72,46,26,1090.0,433636,82.1,45.5,36.6,4.26,4.69,3.82,2024-25
1627747,Caris LeVert,1610612737,ATL,64,46,18,1596.0,659011,124.8,67.0,57.8,4.34,4.83,3.88,2024-25
1641717,Cason Wallace,1610612760,OKC,68,55,13,1876.0,767818,145.4,73.1,72.4,4.34,4.52,4.18,2024-25
1629646,Charles Bassey,1610612759,SAS,36,14,22,376.0,154652,29.3,15.6,13.7,4.37,4.6,4.14,2024-25
1631096,Chet Holmgren,1610612760,OKC,32,26,6,877.0,348090,65.9,34.8,31.2,4.23,4.7,3.81,2024-25
1628449,Chris Boucher,1610612761,TOR,50,18,32,862.0,352842,66.8,34.8,32.1,4.33,4.51,4.15,2024-25
1630537,Chris Duarte,1610612741,CHI,17,4,13,74.0,31510,6.0,3.0,2.9,4.44,5.0,3.87,2024-25
1641753,Chris Livingston,1610612749,MIL,21,15,6,106.0,45004,8.5,4.4,4.1,4.38,4.69,4.09,2024-25
101108,Chris Paul,1610612759,SAS,82,34,48,2292.0,787748,149.2,80.5,68.7,3.66,3.95,3.38,2024-25
1631128,Christian Braun,1610612743,DEN,79,48,31,2675.0,1083370,205.2,108.2,97.0,4.35,4.72,3.99,2024-25
1631132,Christian Koloko,1610612747,LAL,37,23,14,342.0,141377,26.8,14.1,12.6,4.34,4.47,4.17,2024-25
1629643,Chuma Okeke,1610612739,CLE,9,2,7,197.0,82013,15.5,8.1,7.4,4.43,4.63,4.23,2024-25
203991,Clint Capela,1610612737,ATL,55,27,28,1176.0,460332,87.2,45.5,41.7,4.17,4.47,3.89,2024-25
1629632,Coby White,1610612741,CHI,74,35,39,2450.0,968030,183.3,98.6,84.7,4.19,4.69,3.73,2024-25
1628998,Cody Martin,1610612756,PHX,53,16,37,1173.0,497273,94.2,50.9,43.2,4.46,4.77,4.14,2024-25
1642262,Cody Williams,1610612762,UTA,50,9,41,1060.0,460563,87.2,46.0,41.2,4.59,4.67,4.5,2024-25
1641732,Colby Jones,1610612764,WAS,39,12,27,515.0,231146,43.8,23.9,19.9,4.75,5.17,4.33,2024-25
1630175,Cole Anthony,1610612763,MEM,67,35,32,1234.0,507978,96.2,53.1,43.1,4.35,4.66,4.02,2024-25
1631306,Cole Swider,1610612754,IND,10,5,5,170.0,74332,14.1,7.5,6.6,4.63,4.99,4.28,2024-25
1630658,Colin Castleton,1610612761,TOR,26,15,11,432.0,172882,32.7,17.2,15.5,4.22,4.44,4.01,2024-25
1631221,Collin Gillespie,1610612756,PHX,33,12,21,461.0,200167,37.9,20.5,17.4,4.59,4.74,4.43,2024-25
1629012,Collin Sexton,1610612762,UTA,63,14,49,1758.0,672095,127.3,70.9,56.3,4.04,4.34,3.71,2024-25
1630557,Corey Kispert,1610612764,WAS,61,14,47,1602.0,694326,131.5,72.9,58.6,4.59,5.09,4.08,2024-25
202709,Cory Joseph,1610612753,ORL,50,26,24,612.0,261227,49.5,26.5,23.0,4.52,4.66,4.37,2024-25
1641854,Craig Porter Jr.,1610612739,CLE,51,40,11,513.0,214066,40.5,20.9,19.6,4.39,4.57,4.22,2024-25
1642385,Cui Cui,1610612751,BKN,5,2,3,10.0,4447,0.8,0.5,0.4,4.2,5.09,4.36,2024-25
1626156,D'Angelo Russell,1610612751,BKN,58,26,32,1480.0,584186,110.6,60.9,49.7,4.17,4.53,3.81,2024-25
1630618,D.J. Carton,1610612761,TOR,4,1,3,33.0,16126,3.1,1.6,1.4,5.15,5.42,4.57,2024-25
1629610,DaQuan Jeffries,1610612766,CHA,47,9,38,1071.0,430632,81.6,43.3,38.3,4.27,4.48,4.06,2024-25
1631342,Daeqwon Plowden,1610612737,ATL,6,3,3,72.0,31269,5.9,3.1,2.8,4.59,5.14,4.1,2024-25
1630227,Daishen Nix,1610612750,MIN,3,3,0,13.0,4935,0.9,0.5,0.4,3.7,3.88,3.49,2024-25
1630625,Dalano Banton,1610612757,POR,67,28,39,1120.0,457269,86.6,45.7,40.9,4.31,4.63,4.0,2024-25
1631207,Dalen Terry,1610612741,CHI,73,33,40,987.0,442079,83.7,44.0,39.8,4.74,5.21,4.32,2024-25
1642261,Dalton Knecht,1610612747,LAL,78,47,31,1494.0,597849,113.2,62.0,51.3,4.23,4.52,3.94,2024-25
203081,Damian Lillard,1610612749,MIL,58,32,26,2093.0,804647,152.4,84.9,67.5,4.1,4.56,3.63,2024-25
1641878,Damion Baugh,1610612766,CHA,15,1,14,370.0,153067,29.0,15.0,14.0,4.35,4.46,4.23,2024-25
1627814,Damion Lee,1610612756,PHX,25,6,19,144.0,60588,11.5,6.4,5.1,4.44,4.93,3.96,2024-25
1629655,Daniel Gafford,1610612742,DAL,57,28,29,1226.0,501549,95.0,49.2,45.8,4.35,4.52,4.18,2024-25
1628464,Daniel Theis,1610612740,NOP,38,10,28,621.0,242811,46.0,24.2,21.8,4.13,4.28,3.97,2024-25
1642450,Daniss Jenkins,1610612765,DET,7,3,4,23.0,9012,1.7,0.9,0.9,3.95,4.29,4.08,2024-25
203957,Dante Exum,1610612742,DAL,20,7,13,372.0,152801,28.9,16.3,12.7,4.38,4.78,3.97,2024-25
203967,Dario Saric,1610612743,DEN,16,7,9,210.0,75222,14.2,7.2,7.0,4.08,4.16,4.01,2024-25
1641727,Dariq Whitehead,1610612751,BKN,20,6,14,246.0,96182,18.2,9.5,8.8,4.11,4.28,3.98,2024-25
1629636,Darius Garland,1610612739,CLE,75,60,15,2301.0,918673,174.0,93.4,80.5,4.25,4.72,3.8,2024-25
1630561,David Duke Jr.,1610612759,SAS,6,0,6,34.0,13619,2.6,1.3,1.3,4.25,5.06,3.66,2024-25
1631223,David Roddy,1610612745,HOU,33,9,24,410.0,172264,32.6,17.6,15.0,4.46,4.94,4.01,2024-25
1630558,Davion Mitchell,1610612748,MIA,74,25,49,2027.0,820185,155.3,79.7,75.7,4.29,4.46,4.13,2024-25
1630549,Day'Ron Sharpe,1610612751,BKN,50,14,36,907.0,370167,70.1,37.6,32.5,4.29,4.53,4.05,2024-25
1628368,De'Aaron Fox,1610612759,SAS,62,27,35,2241.0,899817,170.4,91.7,78.7,4.25,4.75,3.78,2024-25
1629631,De'Andre Hunter,1610612739,CLE,64,38,26,1740.0,685685,129.9,69.7,60.2,4.14,4.68,3.66,2024-25
1629001,De'Anthony Melton,1610612751,BKN,6,4,2,121.0,51418,9.7,5.3,4.4,4.47,5.05,3.92,2024-25
201599,DeAndre Jordan,1610612743,DEN,56,37,19,691.0,228655,43.3,23.0,20.3,3.63,3.75,3.5,2024-25
201942,DeMar DeRozan,1610612758,SAC,77,38,39,2768.0,1034117,195.9,106.7,89.2,3.97,4.33,3.62,2024-25
1629731,Dean Wade,1610612739,CLE,59,47,12,1252.0,522690,99.0,52.2,46.8,4.45,4.89,4.04,2024-25
1629028,Deandre Ayton,1610612757,POR,40,17,23,1206.0,436049,82.6,43.6,38.9,3.86,4.08,3.63,2024-25
1627749,Dejounte Murray,1610612740,NOP,31,9,22,1012.0,417476,79.1,42.8,36.2,4.37,4.73,4.0,2024-25
1626153,Delon Wright,1610612752,NYK,40,22,18,635.0,260007,49.2,26.9,22.3,4.33,4.55,4.1,2024-25
1630166,Deni Avdija,1610612757,POR,72,33,39,2161.0,854510,161.8,86.1,75.8,4.2,4.5,3.9,2024-25
203471,Dennis Schröder,1610612765,DET,75,37,38,2105.0,870745,164.9,89.2,75.8,4.36,4.64,4.07,2024-25
1641726,Dereck Lively II,1610612742,DAL,36,21,15,833.0,340214,64.4,33.3,31.1,4.37,4.59,4.15,2024-25
1627884,Derrick Jones Jr.,1610612746,LAC,77,48,29,1873.0,753936,142.8,74.8,68.0,4.27,4.41,4.13,2024-25
1628401,Derrick White,1610612738,BOS,76,58,18,2574.0,969863,183.7,99.5,84.2,4.01,4.22,3.79,2024-25
1630217,Desmond Bane,1610612753,ORL,69,38,31,2205.0,913783,173.1,93.1,79.9,4.46,4.97,3.97,2024-25
1626164,Devin Booker,1610612756,PHX,75,35,40,2795.0,1050053,198.9,111.6,87.2,4.0,4.33,3.65,2024-25
1642269,Devin Carter,1610612758,SAC,36,18,18,396.0,171656,32.5,17.1,15.4,4.57,4.59,4.55,2024-25
1630170,Devin Vassell,1610612759,SAS,64,24,40,1983.0,800601,151.6,81.9,69.8,4.29,4.68,3.91,2024-25
1628415,Dillon Brooks,1610612745,HOU,75,49,26,2388.0,904811,171.4,87.4,83.9,4.02,4.06,3.98,2024-25
1641794,Dillon Jones,1610612760,OKC,54,45,9,552.0,225052,42.6,22.9,19.7,4.29,4.59,3.99,2024-25
1627734,Domantas Sabonis,1610612758,SAC,70,36,34,2429.0,958580,181.5,95.3,86.3,4.2,4.51,3.92,2024-25
1631230,Dominick Barlow,1610612737,ATL,35,13,22,375.0,163743,31.0,16.2,14.8,4.58,5.08,4.12,2024-25
1642270,Donovan Clingan,1610612757,POR,67,29,38,1324.0,521605,98.8,51.7,47.1,4.2,4.45,3.95,2024-25
1628378,Donovan Mitchell,1610612739,CLE,71,55,16,2232.0,847720,160.6,86.9,73.6,4.02,4.58,3.51,2024-25
1628978,Donte DiVincenzo,1610612750,MIN,62,37,25,1606.0,648336,122.8,65.8,57.0,4.26,4.64,3.89,2024-25
1627827,Dorian Finney-Smith,1610612747,LAL,63,36,27,1819.0,716426,135.7,71.8,63.9,4.17,4.32,4.02,2024-25
203926,Doug McDermott,1610612758,SAC,42,21,21,342.0,145756,27.6,14.9,12.7,4.5,4.97,4.04,2024-25
203110,Draymond Green,1610612744,GSW,68,42,26,1983.0,730048,138.3,74.0,64.3,3.91,4.26,3.57,2024-25
1629234,Drew Eubanks,1610612746,LAC,61,25,36,746.0,308526,58.4,31.5,27.0,4.36,4.59,4.14,2024-25
1641809,Drew Peterson,1610612738,BOS,25,17,8,186.0,74817,14.2,7.6,6.5,4.21,4.28,4.08,2024-25
1631166,Drew Timme,1610612751,BKN,9,3,6,254.0,104812,19.9,10.6,9.3,4.38,4.61,4.14,2024-25
1630696,Dru Smith,1610612748,MIA,14,8,6,268.0,111685,21.2,11.0,10.2,4.37,4.55,4.2,2024-25
1629130,Duncan Robinson,1610612748,MIA,74,30,44,1786.0,741060,140.4,78.3,62.1,4.4,4.9,3.9,2024-25
1641871,Duop Reath,1610612757,POR,46,19,27,469.0,189139,35.8,18.6,17.3,4.23,4.4,4.08,2024-25
203939,Dwight Powell,1610612742,DAL,55,25,30,551.0,232334,44.0,22.8,21.2,4.46,4.68,4.25,2024-25
1630700,Dyson Daniels,1610612737,ATL,76,37,39,2571.0,1083986,205.3,107.6,97.7,4.49,4.95,4.07,2024-25
1630604,E.J. Liddell,1610612741,CHI,12,6,6,53.0,21931,4.2,2.2,1.9,4.36,5.0,3.62,2024-25
203901,Elfrid Payton,1610612740,NOP,24,3,21,511.0,203415,38.5,20.3,18.3,4.24,4.49,4.01,2024-25
1641989,Elijah Harkless,1610612762,UTA,10,1,9,138.0,54789,10.4,5.3,5.1,4.17,4.13,4.22,2024-25
1641801,Emanuel Miller,1610612741,CHI,6,4,2,25.0,10270,1.9,1.0,1.0,4.2,4.81,4.08,2024-25
1641734,Emoni Bates,1610612739,CLE,10,9,1,75.0,30829,5.8,3.3,2.5,4.25,4.37,4.09,2024-25
1642402,Enrique Freeman,1610612754,IND,22,7,15,181.0,81805,15.5,8.0,7.5,4.64,4.89,4.4,2024-25
201569,Eric Gordon,1610612755,PHI,39,12,27,769.0,276794,52.4,28.7,23.7,3.78,4.01,3.54,2024-25
1630596,Evan Mobley,1610612739,CLE,71,58,13,2167.0,864633,163.8,86.3,77.5,4.22,4.7,3.8,2024-25
1630532,Franz Wagner,1610612753,ORL,60,33,27,2023.0,847065,160.4,89.8,70.7,4.43,4.84,4.01,2024-25
1627832,Fred VanVleet,1610612745,HOU,60,41,19,2111.0,811507,153.7,85.4,68.3,4.08,4.44,3.71,2024-25
1641713,GG Jackson,1610612763,MEM,29,19,10,459.0,191730,36.3,18.8,17.5,4.42,4.83,4.05,2024-25
1629216,Gabe Vincent,1610612747,LAL,72,46,26,1527.0,612149,115.9,62.7,53.2,4.23,4.46,3.98,2024-25
202066,Garrett Temple,1610612761,TOR,28,11,17,227.0,94526,17.9,9.5,8.4,4.36,4.71,4.03,2024-25
1629726,Garrison Mathews,1610612737,ATL,47,21,26,830.0,346364,65.6,34.7,30.9,4.4,4.82,4.02,2024-25
203914,Gary Harris,1610612753,ORL,48,28,20,711.0,291854,55.3,28.7,26.6,4.33,4.35,4.3,2024-25
1627780,Gary Payton II,1610612744,GSW,62,36,26,927.0,420732,79.7,40.6,39.1,4.8,5.09,4.54,2024-25
1629018,Gary Trent Jr.,1610612749,MIL,74,44,30,1893.0,715074,135.4,68.4,67.1,4.0,4.09,3.92,2024-25
1627777,Georges Niang,1610612737,ATL,79,55,24,1697.0,694825,131.6,69.6,62.0,4.31,4.81,3.86,2024-25
203507,Giannis Antetokounmpo,1610612749,MIL,67,40,27,2289.0,858431,162.6,88.8,73.8,4.0,4.42,3.58,2024-25
1629048,Goga Bitadze,1610612753,ORL,70,38,32,1429.0,554762,105.1,56.2,48.9,4.11,4.24,3.97,2024-25
1641711,Gradey Dick,1610612761,TOR,54,15,39,1587.0,687723,130.3,67.3,63.0,4.59,4.89,4.3,2024-25
1629684,Grant Williams,1610612766,CHA,16,6,10,479.0,176074,33.3,18.2,15.2,3.87,4.15,3.61,2024-25
1628960,Grayson Allen,1610612756,PHX,64,29,35,1544.0,629580,119.2,66.2,53.0,4.29,4.58,3.98,2024-25
1627824,Guerschon Yabusele,1610612755,PHI,70,23,47,1895.0,739376,140.0,74.8,65.2,4.12,4.3,3.94,2024-25
1630611,Gui Santos,1610612744,GSW,56,36,20,762.0,333384,63.1,34.2,29.0,4.63,4.93,4.34,2024-25
203084,Harrison Barnes,1610612759,SAS,82,34,48,2230.0,920256,174.3,93.8,80.5,4.42,4.76,4.07,2024-25
1631127,Harrison Ingram,1610612759,SAS,5,0,5,35.0,13779,2.6,1.2,1.4,4.13,4.66,3.77,2024-25
1629312,Haywood Highsmith,1610612748,MIA,74,35,39,1818.0,778303,147.4,77.9,69.5,4.55,4.74,4.35,2024-25
1630529,Herbert Jones,1610612740,NOP,20,5,15,648.0,265979,50.4,25.9,24.4,4.35,4.54,4.14,2024-25
1641816,Hunter Tyson,1610612743,DEN,51,30,21,400.0,173604,32.9,17.5,15.4,4.54,4.86,4.22,2024-25
1630193,Immanuel Quickley,1610612761,TOR,33,12,21,918.0,384509,72.8,38.3,34.5,4.43,4.87,4.02,2024-25
1642403,Isaac Jones,1610612758,SAC,40,19,21,304.0,126339,23.9,12.5,11.5,4.4,4.64,4.2,2024-25
1630171,Isaac Okoro,1610612739,CLE,55,44,11,1053.0,437536,82.9,41.8,41.0,4.42,4.66,4.19,2024-25
1642268,Isaiah Collier,1610612762,UTA,71,14,57,1839.0,735379,139.3,77.0,62.2,4.23,4.58,3.85,2024-25
1642384,Isaiah Crawford,1610612758,SAC,15,7,8,46.0,18607,3.5,1.8,1.7,4.19,4.5,3.91,2024-25
1628392,Isaiah Hartenstein,1610612760,OKC,57,49,8,1590.0,662984,125.6,66.0,59.5,4.44,4.76,4.12,2024-25
1630543,Isaiah Jackson,1610612754,IND,5,1,4,84.0,33743,6.4,3.3,3.1,4.28,4.7,3.92,2024-25
1630198,Isaiah Joe,1610612760,OKC,74,63,11,1604.0,670146,126.9,68.2,58.7,4.42,4.8,4.04,2024-25
1630600,Isaiah Mobley,1610612755,PHI,1,0,1,17.0,7431,1.4,0.8,0.6,4.44,4.79,4.03,2024-25
1641815,Isaiah Stevens,1610612748,MIA,3,3,0,6.0,2147,0.4,0.2,0.2,3.95,3.75,4.18,2024-25
1630191,Isaiah Stewart,1610612765,DET,72,38,34,1434.0,557692,105.6,54.9,50.7,4.11,4.27,3.96,2024-25
1631209,Isaiah Wong,1610612766,CHA,20,2,18,266.0,115118,21.8,12.0,9.8,4.53,4.82,4.22,2024-25
1627826,Ivica Zubac,1610612746,LAC,80,50,30,2624.0,967400,183.2,96.9,86.4,3.93,4.1,3.77,2024-25
1631120,JD Davison,1610612738,BOS,16,13,3,93.0,36596,6.9,3.9,3.0,4.09,4.47,3.69,2024-25
1630550,JT Thor,1610612764,WAS,20,10,10,249.0,102992,19.5,10.5,9.1,4.36,4.54,4.2,2024-25
1629630,Ja Morant,1610612763,MEM,50,30,20,1519.0,615321,116.5,61.6,55.0,4.36,4.81,3.95,2024-25
1642266,Ja'Kobe Walter,1610612761,TOR,52,19,33,1103.0,489047,92.6,48.1,44.5,4.67,4.98,4.38,2024-25
1631095,Jabari Smith Jr.,1610612745,HOU,57,40,17,1716.0,676406,128.1,67.8,60.3,4.18,4.35,4.0,2024-25
1631133,Jabari Walker,1610612757,POR,60,23,37,749.0,297935,56.4,29.6,26.8,4.15,4.42,3.89,2024-25
1629098,Jack McVeigh,1610612745,HOU,9,5,4,43.0,18236,3.5,1.7,1.7,4.48,4.72,4.03,2024-25
1642050,Jackson Rowe,1610612744,GSW,6,4,2,52.0,23494,4.4,2.4,2.0,4.65,4.93,4.36,2024-25
1631210,Jacob Toppin,1610612737,ATL,17,13,4,75.0,31724,6.0,3.3,2.7,4.45,4.75,4.13,2024-25
1630702,Jaden Hardy,1610612742,DAL,57,30,27,907.0,370520,70.2,37.4,32.7,4.31,4.63,3.99,2024-25
1631093,Jaden Ivey,1610612765,DET,30,14,16,898.0,370099,70.1,37.8,32.3,4.37,4.74,3.99,2024-25
1630183,Jaden McDaniels,1610612750,MIN,82,49,33,2614.0,1071045,202.8,104.6,98.2,4.36,4.47,4.25,2024-25
1630531,Jaden Springer,1610612762,UTA,43,22,21,365.0,141663,26.8,13.7,13.2,4.07,4.07,4.1,2024-25
203109,Jae Crowder,1610612758,SAC,9,3,6,103.0,39108,7.4,4.1,3.3,4.03,4.47,3.6,2024-25
1630256,Jae'Sean Tate,1610612745,HOU,52,38,14,588.0,241604,45.8,24.3,21.4,4.29,4.53,4.03,2024-25
1626143,Jahlil Okafor,1610612754,IND,1,0,1,3.0,1483,0.3,0.1,0.2,4.74,3.7,5.53,2024-25
1642443,Jahmir Young,1610612741,CHI,6,4,2,30.0,12116,2.3,1.3,1.0,4.28,4.99,3.61,2024-25
1631170,Jaime Jaquez Jr.,1610612748,MIA,66,32,34,1368.0,594043,112.5,61.2,51.3,4.6,5.01,4.2,2024-25
1631222,Jake LaRavia,1610612758,SAC,66,40,26,1349.0,606059,114.8,60.3,54.5,4.71,4.96,4.46,2024-25
1627751,Jakob Poeltl,1610612761,TOR,57,21,36,1686.0,694534,131.5,67.7,63.8,4.37,4.66,4.1,2024-25
1641779,Jalen Bridges,1610612756,PHX,8,1,7,30.0,13165,2.5,1.2,1.2,4.53,4.62,4.11,2024-25
1628973,Jalen Brunson,1610612752,NYK,65,40,25,2301.0,905910,171.6,99.1,72.5,4.23,4.65,3.76,2024-25
1631105,Jalen Duren,1610612765,DET,78,43,35,2034.0,810103,153.4,78.8,74.6,4.24,4.42,4.07,2024-25
1630224,Jalen Green,1610612745,HOU,82,52,30,2697.0,1087240,205.9,114.3,91.6,4.27,4.65,3.88,2024-25
1641720,Jalen Hood-Schifino,1610612755,PHI,15,3,12,315.0,127009,24.1,13.7,10.3,4.27,4.65,3.81,2024-25
1630552,Jalen Johnson,1610612737,ATL,36,18,18,1284.0,531498,100.7,53.4,47.2,4.39,4.83,3.97,2024-25
1629667,Jalen McDaniels,1610612758,SAC,4,2,2,7.0,2880,0.5,0.3,0.3,3.59,4.52,4.12,2024-25
1629618,Jalen Pickett,1610612743,DEN,49,31,18,666.0,268654,50.9,27.9,23.0,4.25,4.66,3.84,2024-25
1630188,Jalen Smith,1610612741,CHI,64,28,36,962.0,398865,75.5,39.8,35.8,4.38,4.88,3.94,2024-25
1630591,Jalen Suggs,1610612753,ORL,35,20,15,1002.0,387505,73.4,39.3,34.1,4.07,4.29,3.83,2024-25
1631114,Jalen Williams,1610612760,OKC,69,55,14,2237.0,923998,175.0,95.7,79.3,4.4,4.97,3.86,2024-25
1630592,Jalen Wilson,1610612751,BKN,79,25,54,2031.0,848561,160.7,87.0,73.7,4.41,4.61,4.2,2024-25
1631288,Jamal Cain,1610612740,NOP,37,6,31,502.0,212394,40.2,20.5,19.7,4.46,4.56,4.36,2024-25
1627750,Jamal Murray,1610612743,DEN,67,41,26,2418.0,926211,175.4,94.9,80.6,4.14,4.52,3.77,2024-25
1642347,Jamal Shead,1610612761,TOR,75,28,47,1467.0,598875,113.4,60.2,53.2,4.3,4.64,3.97,2024-25
1631123,Jamaree Bouyea,1610612749,MIL,5,4,1,62.0,24367,4.6,2.4,2.2,4.18,4.3,4.05,2024-25
201935,James Harden,1610612746,LAC,79,50,29,2789.0,925444,175.3,95.6,79.7,3.52,3.75,3.27,2024-25
201949,James Johnson,1610612754,IND,12,5,7,37.0,13589,2.6,1.4,1.2,3.85,4.26,3.47,2024-25
1630164,James Wiseman,1610612754,IND,1,1,0,5.0,2076,0.4,0.2,0.2,4.94,6.58,3.96,2024-25
1642419,Jamison Battle,1610612761,TOR,59,21,38,1042.0,441544,83.6,43.3,40.4,4.48,4.71,4.27,2024-25
1641716,Jarace Walker,1610612754,IND,75,45,30,1187.0,479646,90.8,47.8,43.0,4.26,4.48,4.04,2024-25
1630215,Jared Butler,1610612755,PHI,60,6,54,1044.0,424195,80.3,43.5,36.8,4.29,4.72,3.88,2024-25
1642272,Jared McCain,1610612755,PHI,23,7,16,592.0,244056,46.2,25.5,20.7,4.34,4.73,3.94,2024-25
1631197,Jared Rhoden,1610612761,TOR,14,8,6,226.0,97244,18.4,9.7,8.7,4.54,4.79,4.29,2024-25
1628991,Jaren Jackson Jr.,1610612763,MEM,74,42,32,2207.0,855739,162.1,85.3,76.7,4.16,4.52,3.81,2024-25
1629020,Jarred Vanderbilt,1610612747,LAL,36,25,11,581.0,244368,46.3,23.9,22.4,4.42,4.39,4.45,2024-25
1628386,Jarrett Allen,1610612739,CLE,82,64,18,2296.0,898145,170.1,87.5,82.6,4.17,4.45,3.92,2024-25
1629750,Javonte Green,1610612739,CLE,68,24,44,1258.0,525614,99.5,51.9,47.6,4.42,4.54,4.29,2024-25
1629637,Jaxson Hayes,1610612747,LAL,56,38,18,1093.0,422007,79.9,42.6,37.3,4.11,4.3,3.92,2024-25
1630643,Jay Huff,1610612763,MEM,64,37,27,748.0,317813,60.2,32.1,28.1,4.49,4.89,4.1,2024-25
1627759,Jaylen Brown,1610612738,BOS,63,46,17,2158.0,794990,150.6,79.2,71.3,3.99,4.11,3.86,2024-25
1641740,Jaylen Clark,1610612750,MIN,40,28,12,522.0,212077,40.2,19.6,20.6,4.29,4.15,4.42,2024-25
1641798,Jaylen Martin,1610612764,WAS,16,3,13,239.0,98455,18.6,10.2,8.5,4.35,4.69,4.03,2024-25
1629669,Jaylen Nowell,1610612764,WAS,8,1,7,168.0,68719,13.0,7.0,6.0,4.28,4.39,4.15,2024-25
1631301,Jaylen Sims,1610612766,CHA,6,0,6,112.0,43615,8.3,4.4,3.9,4.13,4.36,3.9,2024-25
1642377,Jaylen Wells,1610612763,MEM,79,47,32,2044.0,865778,164.0,79.6,84.3,4.55,4.54,4.55,2024-25
1631119,Jaylin Williams,1610612760,OKC,47,40,7,784.0,287730,54.5,29.0,25.5,3.9,4.15,3.65,2024-25
1642281,Jaylon Tyson,1610612739,CLE,47,37,10,453.0,194258,36.8,19.8,17.0,4.52,4.76,4.26,2024-25
1628369,Jayson Tatum,1610612738,BOS,72,53,19,2624.0,889747,168.5,91.5,77.0,3.65,3.85,3.43,2024-25
1641789,Jazian Gortman,1610612742,DAL,16,8,8,57.0,24587,4.7,2.4,2.3,4.55,4.53,4.55,2024-25
1630288,Jeff Dowtin Jr.,1610612755,PHI,41,10,31,621.0,241959,45.8,25.0,20.9,4.11,4.39,3.83,2024-25
201145,Jeff Green,1610612745,HOU,32,20,12,396.0,146606,27.8,14.5,13.2,3.95,4.05,3.81,2024-25
203924,Jerami Grant,1610612757,POR,47,22,25,1524.0,588027,111.4,57.3,54.1,4.1,4.25,3.96,2024-25
1630526,Jeremiah Robinson-Earl,1610612740,NOP,66,17,49,1239.0,543326,102.9,55.1,47.8,4.64,4.96,4.32,2024-25
1631110,Jeremy Sochan,1610612759,SAS,54,21,33,1364.0,572254,108.4,56.1,52.3,4.44,4.68,4.22,2024-25
1630579,Jericho Sims,1610612749,MIL,53,34,19,631.0,261239,49.5,27.1,22.4,4.38,4.57,4.17,2024-25
1642399,Jesse Edwards,1610612750,MIN,2,2,0,5.0,2177,0.4,0.2,0.2,4.66,3.8,6.04,2024-25
1641724,Jett Howard,1610612753,ORL,60,29,31,701.0,272892,51.7,27.6,24.1,4.07,4.29,3.84,2024-25
1628975,Jevon Carter,1610612741,CHI,36,13,23,321.0,133313,25.2,12.9,12.4,4.39,4.65,4.17,2024-25
202710,Jimmy Butler III,1610612744,GSW,55,36,19,1746.0,694954,131.6,70.6,61.0,4.22,4.4,4.03,2024-25
1629111,Jock Landale,1610612745,HOU,42,26,16,500.0,204721,38.8,20.3,18.4,4.32,4.52,4.1,2024-25
204060,Joe Ingles,1610612750,MIN,19,12,7,114.0,44412,8.4,4.5,3.9,4.12,4.35,3.87,2024-25
203954,Joel Embiid,1610612755,PHI,19,8,11,574.0,192256,36.4,18.8,17.7,3.55,3.67,3.44,2024-25
1628381,John Collins,1610612762,UTA,40,12,28,1220.0,496384,94.0,51.4,42.6,4.29,4.59,3.96,2024-25
1629723,John Konchar,1610612763,MEM,46,26,20,558.0,247904,47.0,24.4,22.5,4.68,4.92,4.43,2024-25
1631098,Johnny Davis,1610612764,WAS,34,4,30,242.0,101547,19.2,9.8,9.4,4.34,4.59,4.1,2024-25
1642277,Johnny Furphy,1610612754,IND,50,31,19,379.0,174490,33.0,17.6,15.4,4.77,5.13,4.41,2024-25
1630548,Johnny Juzang,1610612762,UTA,64,15,49,1270.0,570082,108.0,58.6,49.3,4.76,4.97,4.51,2024-25
202685,Jonas Valanciunas,1610612758,SAC,81,23,58,1524.0,578266,109.5,58.2,51.3,4.02,4.15,3.88,2024-25
1628371,Jonathan Isaac,1610612753,ORL,71,35,36,1090.0,443436,84.0,44.9,39.0,4.27,4.46,4.06,2024-25
1630228,Jonathan Kuminga,1610612744,GSW,47,28,19,1144.0,483935,91.7,49.4,42.3,4.49,4.91,4.09,2024-25
1642367,Jonathan Mogbo,1610612761,TOR,63,18,45,1286.0,524757,99.4,49.8,49.5,4.3,4.4,4.2,2024-25
203903,Jordan Clarkson,1610612762,UTA,37,10,27,962.0,385428,73.0,40.3,32.7,4.23,4.52,3.92,2024-25
1630692,Jordan Goodwin,1610612747,LAL,29,17,12,543.0,227674,43.1,23.2,19.9,4.44,4.51,4.36,2024-25
1641722,Jordan Hawkins,1610612740,NOP,56,18,38,1320.0,562710,106.6,56.2,50.4,4.51,4.77,4.24,2024-25
1629162,Jordan McLaughlin,1610612759,SAS,46,17,29,314.0,137191,26.0,13.8,12.2,4.61,5.04,4.2,2024-25
1641757,Jordan Miller,1610612746,LAC,37,21,16,420.0,176334,33.4,18.3,15.1,4.42,4.65,4.16,2024-25
1629673,Jordan Poole,1610612764,WAS,68,15,53,2001.0,774412,146.7,83.0,63.6,4.12,4.68,3.56,2024-25
1641775,Jordan Walsh,1610612738,BOS,52,39,13,403.0,161350,30.6,16.0,14.5,4.19,4.21,4.14,2024-25
1630631,Jose Alvarado,1610612740,NOP,56,19,37,1366.0,562056,106.5,56.3,50.1,4.37,4.59,4.14,2024-25
1630528,Josh Christopher,1610612748,MIA,14,9,5,69.0,29091,5.5,2.9,2.6,4.34,4.68,4.01,2024-25
1630581,Josh Giddey,1610612741,CHI,70,33,37,2117.0,880785,166.8,89.1,77.7,4.47,5.0,4.0,2024-25
1630182,Josh Green,1610612766,CHA,68,17,51,1888.0,814804,154.3,77.2,77.1,4.6,4.57,4.62,2024-25
1628404,Josh Hart,1610612752,NYK,77,48,29,2897.0,1114255,211.0,116.1,94.9,4.11,4.37,3.84,2024-25
1631169,Josh Minott,1610612750,MIN,46,32,14,276.0,116469,22.1,11.4,10.7,4.4,4.68,4.13,2024-25
1629006,Josh Okogie,1610612766,CHA,40,11,29,625.0,256489,48.6,25.0,23.5,4.34,4.39,4.27,2024-25
1626196,Josh Richardson,1610612748,MIA,8,4,4,149.0,62576,11.9,6.6,5.3,4.39,4.59,4.17,2024-25
201950,Jrue Holiday,1610612738,BOS,62,47,15,1896.0,725497,137.4,71.5,65.9,4.14,4.24,4.03,2024-25
1630577,Julian Champagnie,1610612759,SAS,82,34,48,1932.0,797764,151.1,79.6,71.5,4.38,4.63,4.14,2024-25
1641763,Julian Phillips,1610612741,CHI,79,37,42,1123.0,490188,92.8,47.3,45.5,4.62,4.98,4.3,2024-25
1631124,Julian Strawther,1610612743,DEN,65,41,24,1384.0,561765,106.4,56.5,49.9,4.36,4.71,4.02,2024-25
203944,Julius Randle,1610612750,MIN,69,44,25,2226.0,841999,159.5,85.1,74.4,4.01,4.23,3.79,2024-25
1630551,Justin Champagnie,1610612764,WAS,62,16,46,1341.0,562422,106.5,55.7,50.8,4.44,4.66,4.22,2024-25
1642348,Justin Edwards,1610612755,PHI,44,11,33,1155.0,460425,87.2,46.3,40.9,4.22,4.42,4.02,2024-25
1631303,Justin Minaya,1610612757,POR,19,8,11,101.0,46435,8.8,4.4,4.4,4.78,4.85,4.7,2024-25
203994,Jusuf Nurkić,1610612766,CHA,51,18,33,1063.0,410734,77.8,42.4,35.4,4.13,4.36,3.88,2024-25
1630231,KJ Martin,1610612762,UTA,43,11,32,912.0,359481,68.1,36.1,32.0,4.16,4.34,3.96,2024-25
1642354,KJ Simpson,1610612766,CHA,36,3,33,842.0,344655,65.3,34.8,30.5,4.34,4.53,4.15,2024-25
1630539,Kai Jones,1610612742,DAL,40,20,20,468.0,199962,37.9,21.0,16.9,4.53,4.93,4.12,2024-25
1626157,Karl-Anthony Towns,1610612752,NYK,72,46,26,2517.0,907362,171.8,89.4,82.4,3.87,3.89,3.85,2024-25
1631255,Karlo Matković,1610612740,NOP,42,12,30,791.0,332258,62.9,33.0,29.9,4.42,4.75,4.1,2024-25
202695,Kawhi Leonard,1610612746,LAC,37,26,11,1180.0,455133,86.2,46.5,39.7,4.14,4.42,3.85,2024-25
1630811,Keaton Wallace,1610612737,ATL,31,15,16,501.0,210546,39.9,21.1,18.8,4.45,4.88,4.06,2024-25
1631099,Keegan Murray,1610612758,SAC,76,36,40,2610.0,1083236,205.2,106.6,98.6,4.41,4.67,4.17,2024-25
1631232,Keion Brooks Jr.,1610612740,NOP,14,2,12,332.0,136698,25.9,13.5,12.3,4.38,4.54,4.18,2024-25
1642276,Kel'el Ware,1610612748,MIA,64,28,36,1422.0,545501,103.3,54.6,48.8,4.09,4.32,3.86,2024-25
1629640,Keldon Johnson,1610612759,SAS,77,31,46,1838.0,751259,142.3,76.0,66.3,4.31,4.62,4.0,2024-25
203482,Kelly Olynyk,1610612740,NOP,44,12,32,891.0,351083,66.5,35.4,31.1,4.18,4.54,3.84,2024-25
1626162,Kelly Oubre Jr.,1610612755,PHI,60,21,39,2078.0,825187,156.3,82.0,74.3,4.19,4.33,4.06,2024-25
1629026,Kenrich Williams,1610612760,OKC,69,58,11,1132.0,449343,85.1,44.4,40.7,4.2,4.48,3.93,2024-25
203484,Kentavious Caldwell-Pope,1610612763,MEM,77,38,39,2279.0,845590,160.1,85.4,74.7,3.93,4.04,3.82,2024-25
1631165,Keon Ellis,1610612758,SAC,80,39,41,1948.0,811172,153.6,78.1,75.5,4.43,4.52,4.33,2024-25
1630553,Keon Johnson,1610612751,BKN,79,25,54,1925.0,801999,151.9,79.9,72.0,4.39,4.5,4.27,2024-25
1642352,Keshad Johnson,1610612748,MIA,16,10,6,98.0,41157,7.8,4.0,3.8,4.38,4.69,4.08,2024-25
1630556,Kessler Edwards,1610612742,DAL,40,17,23,608.0,258614,49.0,26.4,22.6,4.53,4.86,4.19,2024-25
201142,Kevin Durant,1610612756,PHX,62,33,29,2265.0,796076,150.8,81.7,69.0,3.74,3.9,3.56,2024-25
1628989,Kevin Huerter,1610612741,CHI,69,39,30,1679.0,706348,133.8,71.7,62.1,4.48,4.97,4.02,2024-25
1628995,Kevin Knox II,1610612744,GSW,14,11,3,84.0,34715,6.6,3.6,2.9,4.36,4.62,3.94,2024-25
201567,Kevin Love,1610612748,MIA,23,13,10,251.0,96631,18.3,9.9,8.4,4.09,4.34,3.82,2024-25
1641755,Kevin McCullar Jr.,1610612752,NYK,4,4,0,29.0,12883,2.4,1.3,1.1,4.43,4.65,4.2,2024-25
1629645,Kevin Porter Jr.,1610612749,MIL,75,43,32,1482.0,613312,116.2,61.7,54.5,4.38,4.65,4.12,2024-25
1626172,Kevon Looney,1610612744,GSW,76,45,31,1142.0,450879,85.4,44.6,40.8,4.19,4.33,4.04,2024-25
1641718,Keyonte George,1610612762,UTA,67,13,54,2108.0,820606,155.4,84.9,70.6,4.1,4.35,3.84,2024-25
203114,Khris Middleton,1610612764,WAS,37,18,19,843.0,338937,64.2,34.9,29.3,4.27,4.75,3.82,2024-25
1630165,Killian Hayes,1610612751,BKN,6,1,5,162.0,68644,13.0,7.0,6.0,4.42,4.67,4.17,2024-25
202691,Klay Thompson,1610612742,DAL,72,33,39,1965.0,784767,148.6,81.6,67.0,4.28,4.73,3.84,2024-25
1641738,Kobe Brown,1610612746,LAC,40,25,15,272.0,110095,20.9,11.2,9.6,4.22,4.44,3.94,2024-25
1641723,Kobe Bufkin,1610612737,ATL,10,6,4,124.0,54535,10.3,5.7,4.7,4.63,5.19,4.17,2024-25
1627739,Kris Dunn,1610612746,LAC,74,45,29,1783.0,746889,141.5,73.9,67.6,4.46,4.63,4.28,2024-25
1631200,Kris Murray,1610612757,POR,69,31,38,1040.0,443392,84.0,41.9,42.0,4.47,4.56,4.37,2024-25
204001,Kristaps Porziņģis,1610612738,BOS,42,30,12,1210.0,430615,81.6,43.7,37.8,3.9,4.07,3.72,2024-25
203937,Kyle Anderson,1610612748,MIA,61,30,31,1002.0,398762,75.5,40.5,35.0,4.24,4.53,3.95,2024-25
1642271,Kyle Filipowski,1610612762,UTA,72,13,59,1522.0,617802,117.0,62.9,54.1,4.29,4.46,4.11,2024-25
1628398,Kyle Kuzma,1610612749,MIL,65,25,40,1936.0,783064,148.3,79.9,68.4,4.31,4.65,3.97,2024-25
200768,Kyle Lowry,1610612755,PHI,35,14,21,659.0,246044,46.6,26.1,20.5,3.92,4.27,3.55,2024-25
1630283,Kylor Kelley,1610612747,LAL,11,3,8,126.0,52671,10.0,5.3,4.7,4.46,4.67,4.25,2024-25
202681,Kyrie Irving,1610612742,DAL,50,28,22,1804.0,661552,125.3,66.9,58.4,3.9,4.18,3.63,2024-25
1642273,Kyshawn George,1610612764,WAS,68,15,53,1802.0,776354,147.0,78.9,68.2,4.57,5.0,4.16,2024-25
1630163,LaMelo Ball,1610612766,CHA,47,16,31,1505.0,622391,117.9,66.5,51.4,4.39,4.91,3.85,2024-25
1630205,Lamar Stevens,1610612763,MEM,17,7,10,156.0,64706,12.3,6.2,6.0,4.34,4.83,3.87,2024-25
1629013,Landry Shamet,1610612752,NYK,50,30,20,762.0,321542,60.9,33.5,27.4,4.53,4.88,4.16,2024-25
1626204,Larry Nance Jr.,1610612737,ATL,24,10,14,463.0,186223,35.3,18.5,16.7,4.25,4.58,3.91,2024-25
1628374,Lauri Markkanen,1610612762,UTA,47,9,38,1476.0,595480,112.8,61.4,51.4,4.27,4.5,4.02,2024-25
2544,LeBron James,1610612747,LAL,70,44,26,2444.0,840329,159.2,86.3,72.9,3.64,3.89,3.39,2024-25
1631159,Leonard Miller,1610612750,MIN,13,11,2,32.0,13833,2.6,1.5,1.2,4.44,4.91,4.28,2024-25
1631311,Lester Quiñones,1610612740,NOP,13,3,10,183.0,79072,15.0,8.1,6.9,4.54,4.89,4.19,2024-25
1641857,Liam Robbins,1610612749,MIL,13,8,5,57.0,23075,4.4,2.4,2.0,4.2,4.5,3.9,2024-25
1630322,Lindy Waters III,1610612765,DET,52,27,25,778.0,336593,63.7,34.1,29.7,4.61,4.98,4.26,2024-25
1629022,Lonnie Walker IV,1610612755,PHI,20,3,17,477.0,182149,34.5,18.7,15.8,4.07,4.37,3.75,2024-25
1628366,Lonzo Ball,1610612741,CHI,35,16,19,777.0,313364,59.3,31.4,27.9,4.29,4.8,3.83,2024-25
1629652,Luguentz Dort,1610612760,OKC,71,57,14,2073.0,802110,151.9,77.4,74.6,4.12,4.3,3.94,2024-25
1629029,Luka Dončić,1610612747,LAL,50,31,19,1769.0,619908,117.4,63.8,53.6,3.73,4.05,3.41,2024-25
1630568,Luka Garza,1610612750,MIN,39,28,11,219.0,98843,18.7,9.8,8.9,4.67,4.98,4.36,2024-25
1628379,Luke Kennard,1610612763,MEM,65,37,28,1472.0,623633,118.1,63.7,54.4,4.55,4.97,4.15,2024-25
1628436,Luke Kornet,1610612738,BOS,73,53,20,1361.0,529741,100.3,53.0,47.3,4.2,4.28,4.11,2024-25
1631247,Luke Travers,1610612739,CLE,12,10,2,88.0,37032,7.0,3.8,3.2,4.42,4.73,4.1,2024-25
1630644,Mac McClung,1610612753,ORL,2,1,1,10.0,4293,0.8,0.5,0.4,4.32,4.76,4.98,2024-25
1630201,Malachi Flynn,1610612759,SAS,4,2,2,44.0,18639,3.5,1.8,1.8,4.38,4.77,4.27,2024-25
1631103,Malaki Branham,1610612759,SAS,47,18,29,427.0,176663,33.5,17.2,16.2,4.33,4.59,4.05,2024-25
1627763,Malcolm Brogdon,1610612764,WAS,24,6,18,564.0,222860,42.2,23.2,19.0,4.2,4.66,3.76,2024-25
1642502,Malevy Leons,1610612760,OKC,6,6,0,21.0,9269,1.8,1.0,0.8,4.58,4.5,4.68,2024-25
1627736,Malik Beasley,1610612765,DET,82,44,38,2283.0,887732,168.1,89.4,78.7,4.1,4.35,3.85,2024-25
1628370,Malik Monk,1610612758,SAC,65,36,29,2054.0,838488,158.8,87.6,71.2,4.33,4.85,3.82,2024-25
1630699,MarJon Beauchamp,1610612752,NYK,35,19,16,156.0,65473,12.4,6.3,6.1,4.29,4.47,4.12,2024-25
1630542,Marcus Bagley,1610612755,PHI,10,1,9,253.0,115409,21.9,11.4,10.4,4.84,4.93,4.7,2024-25
1630585,Marcus Garrett,1610612766,CHA,4,1,3,79.0,31997,6.1,3.2,2.8,4.26,4.39,3.97,2024-25
1631204,Marcus Sasser,1610612765,DET,57,30,27,811.0,332073,62.9,33.2,29.7,4.31,4.57,4.06,2024-25
203935,Marcus Smart,1610612764,WAS,34,17,17,680.0,264801,50.2,26.3,23.8,4.09,4.43,3.76,2024-25
1631109,Mark Williams,1610612766,CHA,44,9,35,1171.0,452011,85.6,45.5,40.1,4.14,4.34,3.94,2024-25
1628365,Markelle Fultz,1610612758,SAC,21,9,12,184.0,76873,14.6,7.6,7.0,4.44,4.7,4.19,2024-25
202693,Markieff Morris,1610612747,LAL,15,7,8,164.0,57177,10.8,5.8,5.1,3.68,3.75,3.67,2024-25
1628963,Marvin Bagley III,1610612763,MEM,31,7,24,265.0,113167,21.4,11.0,10.4,4.49,4.75,4.24,2024-25
1630222,Mason Jones,1610612758,SAC,10,4,6,45.0,19259,3.6,2.0,1.7,4.38,5.04,4.0,2024-25
203486,Mason Plumlee,1610612756,PHX,74,33,41,1300.0,546245,103.5,58.2,45.2,4.45,4.81,4.05,2024-25
1641824,Matas Buzelis,1610612741,CHI,80,39,41,1511.0,636633,120.6,63.1,57.5,4.49,4.88,4.13,2024-25
1629680,Matisse Thybulle,1610612757,POR,15,8,7,312.0,126614,24.0,12.0,12.0,4.33,4.31,4.35,2024-25
1630346,Matt Ryan,1610612740,NOP,19,14,5,68.0,28703,5.4,3.1,2.4,4.37,4.6,4.27,2024-25
1631108,Max Christie,1610612742,DAL,78,40,38,2127.0,862054,163.3,87.2,76.1,4.31,4.59,4.02,2024-25
1629622,Max Strus,1610612739,CLE,50,39,11,1273.0,562816,106.6,57.2,49.4,4.69,5.3,4.14,2024-25
1628467,Maxi Kleber,1610612747,LAL,34,18,16,637.0,243363,46.1,24.4,21.7,4.04,4.26,3.83,2024-25
1641721,Maxwell Lewis,1610612751,BKN,28,9,19,328.0,136440,25.8,13.5,12.3,4.39,4.58,4.19,2024-25
1630695,Micah Potter,1610612762,UTA,38,10,28,705.0,289565,54.8,29.2,25.6,4.34,4.45,4.23,2024-25
1629008,Michael Porter Jr.,1610612743,DEN,77,47,30,2593.0,964063,182.6,92.9,89.6,4.01,4.17,3.85,2024-25
1628969,Mikal Bridges,1610612752,NYK,82,51,31,3036.0,1220001,231.1,126.0,105.0,4.3,4.51,4.08,2024-25
201144,Mike Conley,1610612750,MIN,71,44,27,1756.0,715843,135.6,74.5,61.1,4.35,4.68,4.01,2024-25
1628970,Miles Bridges,1610612766,CHA,64,16,48,2029.0,798995,151.3,82.2,69.1,4.19,4.55,3.82,2024-25
1630540,Miles McBride,1610612752,NYK,64,39,25,1593.0,645465,122.2,65.3,56.9,4.36,4.59,4.13,2024-25
1641936,Miles Norris,1610612738,BOS,3,2,1,35.0,14351,2.7,1.4,1.3,4.35,4.68,4.05,2024-25
1629011,Mitchell Robinson,1610612752,NYK,17,10,7,290.0,106686,20.2,10.6,9.6,4.02,4.06,3.97,2024-25
1628964,Mo Bamba,1610612740,NOP,32,19,13,413.0,158240,30.0,16.0,13.9,4.06,4.14,3.94,2024-25
1628420,Monte Morris,1610612756,PHX,45,21,24,571.0,229998,43.6,24.0,19.6,4.26,4.59,3.91,2024-25
1629021,Moritz Wagner,1610612753,ORL,30,18,12,564.0,228532,43.3,23.3,20.0,4.25,4.48,4.01,2024-25
1629650,Moses Brown,1610612742,DAL,13,5,8,119.0,48683,9.2,4.9,4.3,4.28,4.64,3.94,2024-25
1630541,Moses Moody,1610612744,GSW,74,45,29,1649.0,658090,124.6,67.1,57.5,4.22,4.5,3.93,2024-25
1631243,Mouhamed Gueye,1610612737,ATL,33,15,18,533.0,232557,44.0,23.1,21.0,4.68,5.16,4.26,2024-25
1631217,Moussa Diabaté,1610612766,CHA,71,15,56,1241.0,512120,97.0,50.2,46.8,4.34,4.46,4.21,2024-25
1626167,Myles Turner,1610612754,IND,72,44,28,2174.0,855930,162.1,83.8,78.3,4.19,4.47,3.93,2024-25
1642368,N'Faly Dante,1610612745,HOU,4,0,4,51.0,21686,4.1,2.1,2.0,4.51,4.82,4.22,2024-25
1641772,Nae'Qwan Tomlin,1610612739,CLE,5,4,1,63.0,28002,5.3,3.0,2.4,4.67,4.84,4.66,2024-25
1630230,Naji Marshall,1610612742,DAL,69,32,37,1919.0,750017,142.0,74.5,67.6,4.14,4.36,3.93,2024-25
1631466,Nate Williams,1610612745,HOU,20,14,6,147.0,63017,11.9,6.1,5.8,4.42,4.55,4.29,2024-25
1629675,Naz Reid,1610612750,MIN,80,47,33,2200.0,858589,162.6,85.5,77.1,4.13,4.38,3.89,2024-25
1629674,Neemias Queta,1610612738,BOS,62,46,16,863.0,330432,62.6,32.3,30.2,4.08,4.1,4.06,2024-25
1629651,Nic Claxton,1610612751,BKN,70,20,50,1882.0,748861,141.8,75.7,66.2,4.21,4.31,4.11,2024-25
1630208,Nick Richards,1610612756,PHX,57,17,40,1256.0,520334,98.5,53.6,44.9,4.43,4.64,4.21,2024-25
1641733,Nick Smith Jr.,1610612766,CHA,60,14,46,1369.0,581723,110.2,61.7,48.5,4.52,4.96,4.06,2024-25
1629638,Nickeil Alexander-Walker,1610612750,MIN,82,49,33,2073.0,883909,167.4,88.5,78.9,4.49,4.8,4.2,2024-25
201587,Nicolas Batum,1610612746,LAC,78,47,31,1367.0,547899,103.8,54.5,49.3,4.22,4.34,4.09,2024-25
203999,Nikola Jokić,1610612743,DEN,70,46,24,2571.0,919009,174.1,93.5,80.5,3.79,4.23,3.38,2024-25
1631107,Nikola Jović,1610612748,MIA,46,21,25,1156.0,473723,89.7,48.1,41.6,4.32,4.6,4.04,2024-25
202696,Nikola Vučević,1610612741,CHI,73,34,39,2278.0,844833,160.0,82.1,77.9,3.95,4.21,3.72,2024-25
1641730,Noah Clowney,1610612751,BKN,46,11,35,1042.0,420445,79.6,44.1,35.5,4.27,4.55,3.97,2024-25
1626181,Norman Powell,1610612746,LAC,60,39,21,1958.0,752957,142.6,77.8,64.8,4.08,4.42,3.74,2024-25
1628384,OG Anunoby,1610612752,NYK,74,45,29,2706.0,987157,187.0,97.2,89.8,3.92,3.93,3.91,2024-25
1630167,Obi Toppin,1610612754,IND,79,48,31,1545.0,678134,128.4,67.5,61.0,4.63,4.98,4.3,2024-25
1630534,Ochai Agbaji,1610612761,TOR,64,19,45,1739.0,753705,142.7,72.0,70.8,4.58,4.82,4.37,2024-25
1641765,Olivier-Maxence Prosper,1610612742,DAL,52,27,25,584.0,256597,48.6,25.6,23.0,4.65,4.84,4.46,2024-25
1630168,Onyeka Okongwu,1610612737,ATL,74,35,39,2064.0,810917,153.6,79.0,74.6,4.17,4.52,3.85,2024-25
1631115,Orlando Robinson,1610612761,TOR,44,23,21,770.0,317716,60.2,30.9,29.3,4.35,4.49,4.21,2024-25
1631131,Oscar Tshiebwe,1610612762,UTA,14,3,11,255.0,106135,20.1,10.8,9.3,4.4,4.69,4.11,2024-25
1629052,Oshae Brissett,1610612755,PHI,6,1,5,142.0,57457,10.9,5.8,5.0,4.3,4.51,4.0,2024-25
1642345,Oso Ighodaro,1610612756,PHX,61,25,36,1046.0,417733,79.1,42.8,36.3,4.23,4.46,3.98,2024-25
1631172,Ousmane Dieng,1610612760,OKC,37,30,7,405.0,163967,31.1,16.7,14.4,4.28,4.53,4.03,2024-25
200782,P.J. Tucker,1610612752,NYK,3,1,2,58.0,22040,4.2,2.2,2.0,3.97,4.05,3.9,2024-25
1629023,P.J. Washington,1610612742,DAL,57,31,26,1835.0,721866,136.7,72.6,64.1,4.19,4.46,3.91,2024-25
1628408,PJ Dozier,1610612750,MIN,9,7,2,35.0,14614,2.8,1.4,1.3,4.37,4.51,3.94,2024-25
1641790,PJ Hall,1610612743,DEN,19,12,7,66.0,26149,5.0,2.7,2.3,4.1,4.38,3.81,2024-25
1642359,Pacôme Dadiet,1610612752,NYK,18,14,4,111.0,48673,9.2,5.2,4.0,4.58,4.84,4.28,2024-25
1631094,Paolo Banchero,1610612753,ORL,46,21,25,1582.0,604545,114.5,63.6,50.9,4.05,4.31,3.77,2024-25
1627783,Pascal Siakam,1610612754,IND,78,47,31,2548.0,1009702,191.2,99.7,91.5,4.2,4.52,3.9,2024-25
1626192,Pat Connaughton,1610612749,MIL,41,19,22,603.0,248976,47.2,26.6,20.5,4.39,4.84,3.9,2024-25
1630311,Pat Spencer,1610612744,GSW,39,24,15,250.0,112421,21.3,11.7,9.6,4.75,5.24,4.26,2024-25
1631116,Patrick Baldwin Jr.,1610612746,LAC,24,3,21,107.0,45276,8.6,4.4,4.2,4.37,4.83,3.97,2024-25
1630172,Patrick Williams,1610612741,CHI,63,31,32,1576.0,647496,122.6,65.0,57.7,4.35,4.8,3.94,2024-25
201988,Patty Mills,1610612746,LAC,29,12,17,321.0,137905,26.1,14.4,11.8,4.54,4.8,4.28,2024-25
202331,Paul George,1610612755,PHI,41,15,26,1334.0,512533,97.1,53.4,43.6,4.06,4.43,3.68,2024-25
1630194,Paul Reed,1610612765,DET,45,22,23,438.0,181721,34.4,17.7,16.7,4.37,4.64,4.11,2024-25
1630202,Payton Pritchard,1610612738,BOS,80,59,21,2271.0,888019,168.2,92.4,75.8,4.18,4.4,3.94,2024-25
1641796,Pelle Larsson,1610612748,MIA,55,24,31,782.0,335428,63.5,33.2,30.3,4.53,4.86,4.22,2024-25
1631250,Pete Nance,1610612749,MIL,13,8,5,138.0,54766,10.4,5.7,4.7,4.18,4.51,3.84,2024-25
1631212,Peyton Watson,1610612743,DEN,68,40,28,1656.0,661815,125.3,63.9,61.5,4.31,4.51,4.12,2024-25
1630762,Phillip Wheeler,1610612755,PHI,5,0,5,44.0,18677,3.5,1.9,1.7,4.45,5.06,4.13,2024-25
1630173,Precious Achiuwa,1610612752,NYK,57,36,21,1170.0,463115,87.7,46.6,41.1,4.2,4.3,4.1,2024-25
1629656,Quentin Grimes,1610612755,PHI,75,29,46,2013.0,813917,154.2,82.3,71.9,4.29,4.62,3.97,2024-25
1631245,Quenton Jackson,1610612754,IND,28,14,14,381.0,169970,32.2,16.7,15.5,4.66,5.03,4.33,2024-25
1642439,Quincy Olivari,1610612747,LAL,2,1,1,10.0,4478,0.8,0.5,0.4,4.24,4.67,4.89,2024-25
1642366,Quinten Post,1610612744,GSW,42,26,16,686.0,286211,54.2,28.8,25.4,4.44,4.63,4.25,2024-25
1629628,RJ Barrett,1610612761,TOR,58,23,35,1869.0,772717,146.3,77.5,68.8,4.37,4.78,3.99,2024-25
1642484,RayJ Dennis,1610612754,IND,11,7,4,70.0,31370,5.9,3.0,2.9,4.6,4.9,4.32,2024-25
1641712,Rayan Rupert,1610612757,POR,52,23,29,460.0,203904,38.6,19.4,19.2,4.61,4.71,4.51,2024-25
1641736,Reece Beekman,1610612751,BKN,36,13,23,469.0,198507,37.6,19.7,17.8,4.44,4.76,4.12,2024-25
1642263,Reed Sheppard,1610612745,HOU,52,30,22,654.0,277325,52.5,28.1,24.4,4.49,4.82,4.17,2024-25
202704,Reggie Jackson,1610612755,PHI,31,11,20,384.0,148892,28.2,15.3,12.9,4.07,4.36,3.76,2024-25
1626158,Richaun Holmes,1610612764,WAS,31,9,22,534.0,200928,38.1,19.7,18.3,4.0,4.14,3.84,2024-25
1641741,Ricky Council IV,1610612755,PHI,73,16,57,1250.0,516720,97.9,53.4,44.4,4.35,4.69,4.0,2024-25
1642434,Riley Minix,1610612759,SAS,1,0,1,7.0,2831,0.5,0.3,0.3,4.23,5.32,4.87,2024-25
1642265,Rob Dillingham,1610612750,MIN,49,30,19,516.0,220662,41.8,22.6,19.2,4.5,4.92,4.09,2024-25
1629057,Robert Williams III,1610612757,POR,20,7,13,351.0,136374,25.8,13.6,12.2,4.09,4.34,3.85,2024-25
1631199,Ron Harper Jr.,1610612765,DET,1,0,1,17.0,6686,1.3,0.6,0.6,4.18,4.09,3.65,2024-25
1641842,Ronald Holland II,1610612765,DET,81,44,37,1266.0,523176,99.1,50.6,48.5,4.36,4.45,4.27,2024-25
1626220,Royce O'Neale,1610612756,PHX,75,33,42,1837.0,730834,138.4,77.3,61.1,4.21,4.55,3.84,2024-25
203497,Rudy Gobert,1610612750,MIN,72,43,29,2388.0,939149,177.9,93.5,84.3,4.19,4.34,4.03,2024-25
1629060,Rui Hachimura,1610612747,LAL,59,37,22,1869.0,744242,141.0,74.2,66.8,4.24,4.39,4.09,2024-25
201566,Russell Westbrook,1610612743,DEN,75,43,32,2092.0,767233,145.3,77.3,68.0,3.93,4.36,3.54,2024-25
1642346,Ryan Dunn,1610612756,PHX,74,32,42,1410.0,601023,113.8,58.9,54.9,4.55,4.6,4.5,2024-25
1631157,Ryan Rollins,1610612749,MIL,56,30,26,820.0,349170,66.1,33.9,32.3,4.54,4.65,4.44,2024-25
1630573,Sam Hauser,1610612738,BOS,71,52,19,1541.0,641188,121.4,66.4,55.1,4.48,4.73,4.21,2024-25
1630241,Sam Merrill,1610612739,CLE,71,54,17,1401.0,586430,111.1,57.0,54.1,4.43,4.78,4.12,2024-25
1630572,Sandro Mamukelashvili,1610612759,SAS,61,23,38,681.0,290646,55.0,29.6,25.4,4.52,4.93,4.12,2024-25
1630583,Santi Aldama,1610612763,MEM,65,38,27,1660.0,714744,135.4,72.6,62.8,4.63,5.08,4.19,2024-25
1630703,Scoot Henderson,1610612757,POR,66,30,36,1759.0,733974,139.0,71.2,67.8,4.41,4.62,4.21,2024-25
1630567,Scottie Barnes,1610612761,TOR,65,26,39,2134.0,870420,164.9,86.5,78.4,4.32,4.72,3.94,2024-25
1630590,Scotty Pippen Jr.,1610612763,MEM,79,46,33,1683.0,739845,140.1,72.8,67.3,4.7,5.05,4.36,2024-25
203552,Seth Curry,1610612766,CHA,68,17,51,1062.0,419584,79.5,43.2,36.2,4.2,4.38,3.99,2024-25
1631101,Shaedon Sharpe,1610612757,POR,72,32,40,2252.0,906560,171.7,91.2,80.5,4.28,4.56,4.0,2024-25
1628983,Shai Gilgeous-Alexander,1610612760,OKC,76,63,13,2598.0,982190,186.0,101.0,85.0,4.0,4.43,3.59,2024-25
1629003,Shake Milton,1610612747,LAL,57,29,28,836.0,331385,62.8,34.1,28.7,4.17,4.3,4.04,2024-25
1631321,Sidy Cissoko,1610612757,POR,22,11,11,114.0,45118,8.5,4.5,4.0,4.1,4.51,3.73,2024-25
1631323,Simone Fontecchio,1610612765,DET,75,38,37,1237.0,530930,100.6,54.3,46.2,4.54,4.9,4.18,2024-25
1627746,Skal Labissiere,1610612758,SAC,4,2,2,12.0,4841,0.9,0.5,0.4,4.18,4.53,3.82,2024-25
203915,Spencer Dinwiddie,1610612742,DAL,79,37,42,2136.0,774941,146.8,79.5,67.3,3.86,4.14,3.57,2024-25
1642461,Spencer Jones,1610612743,DEN,20,13,7,125.0,54149,10.3,5.4,4.9,4.55,4.81,4.29,2024-25
1630649,Stanley Umude,1610612749,MIL,22,15,7,86.0,34307,6.5,3.4,3.1,4.08,4.3,3.86,2024-25
201939,Stephen Curry,1610612744,GSW,70,41,29,2252.0,900421,170.5,96.2,74.3,4.26,4.83,3.7,2024-25
1642264,Stephon Castle,1610612759,SAS,81,33,48,2162.0,860683,163.0,85.6,77.4,4.23,4.54,3.93,2024-25
203500,Steven Adams,1610612745,HOU,58,38,20,794.0,305970,57.9,31.2,26.7,4.06,4.22,3.9,2024-25
1629004,Svi Mykhailiuk,1610612762,UTA,38,6,32,760.0,308931,58.5,31.9,26.7,4.34,4.59,4.09,2024-25
204456,T.J. McConnell,1610612754,IND,79,49,30,1415.0,640254,121.3,64.3,57.0,4.78,5.12,4.46,2024-25
201959,Taj Gibson,1610612766,CHA,37,10,27,409.0,155381,29.4,15.6,13.8,4.05,4.14,3.94,2024-25
1629659,Talen Horton-Tucker,1610612741,CHI,58,26,32,724.0,290418,55.0,28.9,26.1,4.24,4.76,3.77,2024-25
1631106,Tari Eason,1610612745,HOU,57,36,21,1420.0,568539,107.7,56.8,50.9,4.22,4.4,4.03,2024-25
1627752,Taurean Prince,1610612749,MIL,80,46,34,2166.0,824526,156.2,80.1,76.0,4.08,4.17,3.99,2024-25
1641707,Taylor Hendricks,1610612762,UTA,3,0,3,75.0,31105,5.9,3.1,2.8,4.45,4.36,4.56,2024-25
1631386,Taze Moore,1610612757,POR,2,0,2,20.0,8615,1.6,0.8,0.8,4.5,4.53,4.47,2024-25
1629611,Terance Mann,1610612737,ATL,67,37,30,1414.0,580332,109.9,57.5,52.4,4.32,4.55,4.1,2024-25
1629056,Terence Davis,1610612758,SAC,1,1,0,8.0,2912,0.6,0.3,0.2,4.32,4.17,2.98,2024-25
1630545,Terrence Shannon Jr,1610612750,MIN,32,21,11,339.0,135589,25.7,13.2,12.5,4.21,4.53,3.93,2024-25
1626179,Terry Rozier,1610612748,MIA,64,27,37,1658.0,688097,130.3,69.0,61.3,4.4,4.61,4.19,2024-25
1630678,Terry Taylor,1610612758,SAC,3,1,2,6.0,2375,0.4,0.2,0.2,3.34,3.69,3.04,2024-25
1628418,Thomas Bryant,1610612754,IND,66,44,22,963.0,376189,71.2,37.0,34.3,4.13,4.26,4.0,2024-25
1642275,Tidjane Salaün,1610612766,CHA,60,12,48,1244.0,526517,99.7,54.4,45.3,4.47,4.73,4.19,2024-25
203501,Tim Hardaway Jr.,1610612765,DET,77,41,36,2153.0,832117,157.6,81.6,76.0,4.1,4.28,3.93,2024-25
202699,Tobias Harris,1610612765,DET,73,40,33,2305.0,899278,170.3,89.7,80.6,4.14,4.38,3.89,2024-25
1642449,Tolu Smith,1610612765,DET,1,0,1,22.0,8773,1.7,0.8,0.8,4.15,4.0,3.82,2024-25
1628396,Tony Bradley,1610612754,IND,14,11,3,113.0,45913,8.7,4.4,4.3,4.28,4.49,4.09,2024-25
1628470,Torrey Craig,1610612738,BOS,26,16,10,314.0,128616,24.4,13.0,11.4,4.37,4.57,4.17,2024-25
1641787,Tosan Evbuomwan,1610612751,BKN,28,8,20,665.0,278746,52.8,28.1,24.7,4.41,4.73,4.1,2024-25
1641739,Toumani Camara,1610612757,POR,78,33,45,2548.0,1095069,207.4,104.5,102.9,4.57,4.66,4.49,2024-25
1629027,Trae Young,1610612737,ATL,76,36,40,2739.0,1049440,198.8,109.0,89.8,4.05,4.64,3.51,2024-25
1631218,Trayce Jackson-Davis,1610612744,GSW,62,33,29,967.0,394728,74.8,39.2,35.5,4.36,4.53,4.17,2024-25
1630200,Tre Jones,1610612741,CHI,46,21,25,905.0,383357,72.6,38.3,34.3,4.5,4.89,4.13,2024-25
1630544,Tre Mann,1610612766,CHA,13,6,7,319.0,132589,25.1,14.1,11.0,4.36,4.74,3.96,2024-25
1630570,Trendon Watford,1610612751,BKN,44,16,28,913.0,359945,68.2,37.6,30.6,4.15,4.41,3.88,2024-25
1642280,Trentyn Flowers,1610612746,LAC,6,4,2,27.0,10892,2.1,1.1,1.0,4.28,4.32,4.24,2024-25
1630243,Trevelin Queen,1610612753,ORL,31,15,16,430.0,175998,33.3,17.4,15.9,4.29,4.42,4.15,2024-25
1641725,Trey Alexander,1610612743,DEN,23,14,9,116.0,48447,9.2,5.2,4.0,4.37,4.8,3.92,2024-25
1641998,Trey Jemison III,1610612747,LAL,38,17,21,392.0,161518,30.6,16.3,14.3,4.33,4.52,4.14,2024-25
1626168,Trey Lyles,1610612758,SAC,69,34,35,1350.0,543838,103.0,54.4,48.6,4.25,4.45,4.05,2024-25
1630530,Trey Murphy III,1610612740,NOP,53,14,39,1854.0,729966,138.3,73.6,64.7,4.17,4.46,3.88,2024-25
202684,Tristan Thompson,1610612739,CLE,40,31,9,328.0,123199,23.3,12.4,11.0,3.93,4.03,3.87,2024-25
1641774,Tristan Vukcevic,1610612764,WAS,35,7,28,513.0,199764,37.8,19.7,18.2,4.11,4.31,3.93,2024-25
1641783,Tristan da Silva,1610612753,ORL,74,35,39,1629.0,672591,127.4,69.7,57.6,4.37,4.61,4.11,2024-25
1641803,Tristen Newton,1610612750,MIN,8,2,6,16.0,7685,1.5,0.8,0.7,4.36,4.37,4.35,2024-25
1629660,Ty Jerome,1610612739,CLE,70,55,15,1392.0,556410,105.4,56.9,48.4,4.23,4.75,3.74,2024-25
1631102,TyTy Washington Jr.,1610612756,PHX,16,4,12,118.0,46764,8.9,4.8,4.0,4.19,4.56,3.73,2024-25
1629639,Tyler Herro,1610612748,MIA,77,37,40,2725.0,1128800,213.8,118.6,95.1,4.4,4.85,3.94,2024-25
1642278,Tyler Kolek,1610612752,NYK,41,27,14,296.0,120460,22.8,12.9,9.9,4.28,4.71,3.83,2024-25
1641890,Tyler Smith,1610612749,MIL,23,12,11,122.0,51135,9.7,5.1,4.6,4.32,4.74,3.94,2024-25
1630169,Tyrese Haliburton,1610612754,IND,73,46,27,2450.0,1004719,190.3,103.6,86.7,4.36,4.88,3.86,2024-25
1631213,Tyrese Martin,1610612751,BKN,60,16,44,1315.0,568205,107.6,58.9,48.7,4.55,4.83,4.25,2024-25
1630178,Tyrese Maxey,1610612755,PHI,52,20,32,1960.0,794210,150.4,86.3,64.1,4.28,4.76,3.76,2024-25
1630623,Tyson Etienne,1610612751,BKN,7,1,6,151.0,70177,13.3,7.0,6.3,4.88,5.14,4.63,2024-25
1626145,Tyus Jones,1610612756,PHX,81,36,45,2174.0,876723,166.0,92.1,74.0,4.3,4.59,4.0,2024-25
1642279,Ulrich Chomche,1610612761,TOR,7,3,4,32.0,12923,2.4,1.3,1.1,4.1,4.54,3.69,2024-25
203995,Vasilije Micic,1610612756,PHX,41,8,33,785.0,309934,58.7,33.1,25.6,4.19,4.62,3.75,2024-25
1641705,Victor Wembanyama,1610612759,SAS,46,21,25,1527.0,588455,111.4,58.4,53.1,4.09,4.33,3.86,2024-25
1631246,Vince Williams Jr.,1610612763,MEM,27,10,17,499.0,210866,39.9,20.6,19.4,4.66,4.94,4.42,2024-25
1628427,Vlatko Cancar,1610612743,DEN,13,2,11,136.0,51895,9.8,5.3,4.6,4.01,4.34,3.77,2024-25
1630249,Vít Krejčí,1610612737,ATL,57,28,29,1153.0,482653,91.4,49.0,42.4,4.45,4.98,3.96,2024-25
1631117,Walker Kessler,1610612762,UTA,58,14,44,1740.0,702509,133.1,71.1,61.9,4.28,4.41,4.14,2024-25
1628976,Wendell Carter Jr.,1610612753,ORL,68,31,37,1758.0,652578,123.6,64.9,58.7,3.93,4.0,3.86,2024-25
1631111,Wendell Moore Jr.,1610612766,CHA,36,11,25,499.0,211848,40.1,21.2,18.9,4.46,4.64,4.27,2024-25
1630214,Xavier Tillman,1610612738,BOS,33,26,7,231.0,88774,16.8,8.8,8.0,4.02,4.12,3.91,2024-25
1642530,Yuki Kawamura,1610612763,MEM,22,17,5,93.0,39677,7.5,4.1,3.4,4.42,4.65,4.18,2024-25
1641879,Yuri Collins,1610612744,GSW,2,2,0,16.0,6539,1.2,0.7,0.5,4.08,4.46,3.64,2024-25
1642274,Yves Missi,1610612740,NOP,73,19,54,1956.0,781181,148.0,77.8,70.2,4.26,4.43,4.07,2024-25
1642258,Zaccharie Risacher,1610612737,ATL,75,38,37,1843.0,820518,155.4,80.5,74.9,4.79,5.19,4.43,2024-25
1628380,Zach Collins,1610612741,CHI,64,34,30,977.0,388896,73.7,38.9,34.8,4.24,4.57,3.92,2024-25
1641744,Zach Edey,1610612763,MEM,66,35,31,1416.0,565275,107.1,55.8,51.3,4.32,4.58,4.06,2024-25
203897,Zach LaVine,1610612758,SAC,74,32,42,2603.0,1040777,197.1,106.5,90.6,4.26,4.64,3.88,2024-25
1630192,Zeke Nnaji,1610612743,DEN,57,36,21,608.0,247440,46.9,24.3,22.6,4.32,4.5,4.15,2024-25
1630533,Ziaire Williams,1610612751,BKN,63,22,41,1541.0,634365,120.1,62.0,58.1,4.34,4.34,4.35,2024-25
1629627,Zion Williamson,1610612740,NOP,30,10,20,857.0,344766,65.3,35.0,30.3,4.25,4.68,3.84,2024-25
1642389,Zyon Pullin,1610612763,MEM,3,1,2,3.0,1103,0.2,0.1,0.1,4.19,4.42,4.0,2024-25
1630639,A.J. Lawson,1610612761,TOR,24,12,12,226.0,98250,18.6,9.2,9.4,4.62,4.9,4.38,2025-26
1631260,AJ Green,1610612749,MIL,78,31,47,2270.0,912284,172.8,94.9,77.8,4.45,4.81,4.07,2025-26
1642358,AJ Johnson,1610612742,DAL,48,9,39,453.0,193898,36.7,20.0,16.7,4.55,5.04,4.08,2025-26
203932,Aaron Gordon,1610612743,DEN,36,27,9,1005.0,358827,68.0,36.2,31.7,3.96,4.13,3.77,2025-26
1628988,Aaron Holiday,1610612745,HOU,57,38,19,781.0,287377,54.4,28.9,25.5,4.05,4.14,3.94,2025-26
1630174,Aaron Nesmith,1610612754,IND,45,10,35,1335.0,553171,104.8,56.5,48.3,4.51,4.94,4.1,2025-26
1630598,Aaron Wiggins,1610612760,OKC,65,50,15,1414.0,599460,113.5,60.3,53.2,4.64,5.07,4.24,2025-26
1642846,Ace Bailey,1610612762,UTA,72,19,53,1988.0,760850,144.1,74.7,69.4,4.2,4.32,4.07,2025-26
1642380,Adama Bal,1610612763,MEM,8,1,7,241.0,100122,19.0,9.6,9.3,4.41,4.4,4.38,2025-26
1641737,Adem Bona,1610612755,PHI,71,41,30,1234.0,507704,96.2,50.5,45.7,4.43,4.67,4.2,2025-26
1642876,Adou Thiero,1610612747,LAL,25,15,10,149.0,61281,11.6,6.1,5.5,4.47,4.62,4.32,2025-26
1642349,Ajay Mitchell,1610612760,OKC,57,50,7,1473.0,604067,114.4,61.1,53.3,4.58,5.01,4.16,2025-26
201143,Al Horford,1610612744,GSW,45,22,23,969.0,362584,68.7,37.2,31.5,4.07,4.28,3.85,2025-26
1630828,Alex Antetokounmpo,1610612749,MIL,6,2,4,21.0,7737,1.5,0.8,0.7,3.98,4.31,3.66,2025-26
1627936,Alex Caruso,1610612760,OKC,56,47,9,1020.0,410969,77.8,40.0,37.8,4.36,4.71,4.05,2025-26
1631457,Alex Morales,1610612753,ORL,4,3,1,24.0,9692,1.8,1.0,0.9,4.16,4.71,4.08,2025-26
1642259,Alex Sarr,1610612764,WAS,48,11,37,1305.0,509385,96.5,50.9,45.5,4.38,4.72,4.04,2025-26
1642918,Alijah Martin,1610612761,TOR,23,10,13,146.0,62387,11.8,6.1,5.7,4.44,4.64,4.25,2025-26
1631214,Alondes Williams,1610612764,WAS,4,2,2,101.0,41006,7.8,3.9,3.8,4.34,4.52,4.06,2025-26
1630578,Alperen Sengun,1610612745,HOU,72,46,26,2398.0,848873,160.8,86.5,74.3,3.89,3.96,3.82,2025-26
1642873,Amari Williams,1610612738,BOS,22,15,7,146.0,55611,10.5,5.9,4.6,4.04,4.13,3.94,2025-26
1641708,Amen Thompson,1610612745,HOU,79,49,30,2953.0,1138535,215.6,118.4,97.2,4.22,4.44,3.98,2025-26
1629599,Amir Coffey,1610612756,PHX,46,20,26,491.0,186564,35.3,18.1,17.3,4.16,4.23,4.1,2025-26
1643158,Andersson Garcia,1610612762,UTA,5,1,4,169.0,69676,13.2,6.7,6.5,4.37,4.54,4.21,2025-26
203083,Andre Drummond,1610612755,PHI,63,33,30,1231.0,450753,85.4,43.7,41.6,4.08,4.14,4.02,2025-26
1641748,Andre Jackson Jr.,1610612749,MIL,48,12,36,408.0,172532,32.7,17.9,14.8,4.54,4.91,4.16,2025-26
1629614,Andrew Nembhard,1610612754,IND,57,13,44,1786.0,699324,132.4,71.9,60.5,4.31,4.77,3.86,2025-26
203952,Andrew Wiggins,1610612748,MIA,68,35,33,2063.0,802699,152.0,79.0,73.0,4.32,4.78,3.92,2025-26
1629014,Anfernee Simons,1610612741,CHI,55,31,24,1372.0,542697,102.8,55.8,46.9,4.4,4.56,4.22,2025-26
1641710,Anthony Black,1610612753,ORL,64,36,28,1910.0,741034,140.3,72.1,68.3,4.3,4.41,4.19,2025-26
203076,Anthony Davis,1610612764,WAS,20,10,10,626.0,207482,39.3,20.7,18.5,3.74,3.83,3.63,2025-26
1630162,Anthony Edwards,1610612750,MIN,61,37,24,2137.0,772112,146.2,79.5,66.7,4.0,4.32,3.67,2025-26
1630264,Anthony Gill,1610612764,WAS,55,6,49,951.0,389471,73.8,39.7,34.0,4.34,4.6,4.06,2025-26
1641810,Antonio Reeves,1610612766,CHA,10,4,6,68.0,25185,4.8,2.6,2.1,4.31,4.34,4.09,2025-26
1630574,Ariel Hukporti,1610612752,NYK,54,35,19,498.0,202158,38.3,19.9,18.4,4.41,4.47,4.35,2025-26
1642854,Asa Newell,1610612737,ATL,44,23,21,500.0,216983,41.1,22.0,19.0,4.77,5.12,4.39,2025-26
1641709,Ausar Thompson,1610612765,DET,73,53,20,1896.0,755545,143.1,72.6,70.5,4.37,4.53,4.22,2025-26
1630559,Austin Reaves,1610612747,LAL,51,36,15,1762.0,631557,119.6,66.0,53.6,3.99,4.35,3.62,2025-26
1630245,Ayo Dosunmu,1610612750,MIN,69,36,33,1881.0,743811,140.9,74.9,66.0,4.34,4.74,3.96,2025-26
1628389,Bam Adebayo,1610612748,MIA,73,37,36,2365.0,908459,172.1,90.0,82.1,4.22,4.71,3.79,2025-26
1631248,Baylor Scheierman,1610612738,BOS,77,54,23,1429.0,557396,105.6,56.2,49.4,4.21,4.23,4.19,2025-26
1642879,Ben Saraf,1610612751,BKN,44,10,34,916.0,372080,70.5,38.6,31.9,4.38,4.7,4.04,2025-26
1641767,Ben Sheppard,1610612754,IND,65,16,49,1390.0,590635,111.9,58.7,53.1,4.71,4.96,4.45,2025-26
1631097,Bennedict Mathurin,1610612746,LAC,54,22,32,1620.0,634746,120.2,63.4,56.8,4.28,4.55,4.01,2025-26
1643016,Bez Mbeng,1610612762,UTA,15,2,13,492.0,209628,39.7,20.4,19.3,4.5,4.78,4.23,2025-26
1641731,Bilal Coulibaly,1610612764,WAS,56,14,42,1468.0,591259,112.0,59.1,52.8,4.43,4.7,4.16,2025-26
202687,Bismack Biyombo,1610612759,SAS,25,20,5,141.0,52868,10.0,5.5,4.5,4.13,4.24,4.0,2025-26
1642396,Blake Hinson,1610612762,UTA,14,4,10,285.0,115636,21.9,11.4,10.5,4.31,4.52,4.1,2025-26
1631104,Blake Wesley,1610612757,POR,31,20,11,361.0,153778,29.1,15.1,14.0,4.61,4.82,4.41,2025-26
1626171,Bobby Portis Jr.,1610612749,MIL,67,26,41,1619.0,616199,116.7,61.5,55.2,4.22,4.43,4.01,2025-26
1641752,Bobi Klintman,1610612765,DET,12,8,4,71.0,29748,5.6,2.9,2.8,4.73,5.0,4.63,2025-26
203992,Bogdan Bogdanović,1610612746,LAC,23,8,15,452.0,167805,31.8,17.1,14.7,4.18,4.5,3.87,2025-26
1630538,Bones Hyland,1610612750,MIN,71,42,29,1177.0,477691,90.5,48.2,42.3,4.38,4.69,4.07,2025-26
203078,Bradley Beal,1610612746,LAC,6,2,4,121.0,43718,8.3,4.4,3.9,4.4,4.45,4.34,2025-26
1642382,Branden Carlson,1610612760,OKC,42,32,10,488.0,192217,36.4,19.1,17.3,4.35,4.67,4.05,2025-26
1641764,Brandin Podziemski,1610612744,GSW,82,37,45,2333.0,935263,177.1,98.7,78.4,4.38,4.69,4.05,2025-26
1629634,Brandon Clarke,1610612763,MEM,2,1,1,20.0,8014,1.5,0.7,0.8,4.18,4.12,4.24,2025-26
1627742,Brandon Ingram,1610612761,TOR,77,43,34,2604.0,940705,178.2,93.4,84.7,3.99,4.26,3.73,2025-26
1641706,Brandon Miller,1610612766,CHA,65,41,24,1968.0,775653,146.9,82.7,64.3,4.24,4.58,3.88,2025-26
1630314,Brandon Williams,1610612742,DAL,66,23,43,1463.0,608888,115.3,62.3,53.0,4.56,4.97,4.16,2025-26
1641729,Brice Sensabaugh,1610612762,UTA,75,18,57,1762.0,685443,129.8,68.7,61.2,4.21,4.47,3.96,2025-26
1642355,Bronny James,1610612747,LAL,42,24,18,375.0,144440,27.4,15.2,12.1,4.19,4.45,3.87,2025-26
201572,Brook Lopez,1610612746,LAC,75,41,34,1635.0,586498,111.1,57.0,54.1,3.88,3.94,3.82,2025-26
1642964,Brooks Barnhizer,1610612760,OKC,40,29,11,348.0,144297,27.3,14.2,13.1,4.57,4.82,4.34,2025-26
1628971,Bruce Brown,1610612743,DEN,82,54,28,1998.0,742080,140.5,75.3,65.2,4.04,4.25,3.83,2025-26
1631121,Bryce McGowens,1610612740,NOP,42,14,28,880.0,361629,68.5,36.1,32.4,4.51,4.78,4.26,2025-26
1642267,Bub Carrington,1610612764,WAS,82,17,65,2271.0,903755,171.2,92.2,78.9,4.4,4.74,4.05,2025-26
1631205,Buddy Boeheim,1610612760,OKC,4,2,2,15.0,6131,1.2,0.6,0.6,4.52,4.56,4.49,2025-26
1627741,Buddy Hield,1610612737,ATL,51,25,26,819.0,351595,66.6,36.2,30.4,4.85,5.06,4.61,2025-26
1643047,CJ Huntley,1610612756,PHX,4,3,1,40.0,16425,3.1,1.7,1.4,4.29,4.29,4.29,2025-26
203468,CJ McCollum,1610612737,ATL,76,37,39,2263.0,934036,176.9,97.4,79.5,4.56,5.09,4.05,2025-26
1630595,Cade Cunningham,1610612765,DET,64,47,17,2172.0,829201,157.0,87.6,69.5,4.28,4.87,3.73,2025-26
1631216,Caleb Houstan,1610612737,ATL,18,12,6,75.0,30156,5.7,3.2,2.5,4.37,4.72,3.99,2025-26
1631126,Caleb Love,1610612757,POR,49,24,25,1013.0,401401,76.0,40.3,35.7,4.36,4.58,4.13,2025-26
1628997,Caleb Martin,1610612742,DAL,58,20,38,856.0,359414,68.1,36.1,31.9,4.55,4.91,4.19,2025-26
1642353,Cam Christie,1610612746,LAC,55,26,29,480.0,194043,36.8,19.3,17.5,4.46,4.66,4.26,2025-26
1642285,Cam Spencer,1610612763,MEM,72,23,49,1714.0,698757,132.3,72.1,60.2,4.48,4.94,4.04,2025-26
1630560,Cam Thomas,1610612749,MIL,42,12,30,881.0,346015,65.5,36.3,29.2,4.28,4.58,3.97,2025-26
1641715,Cam Whitmore,1610612764,WAS,21,3,18,354.0,128954,24.4,13.0,11.5,4.34,4.73,4.01,2025-26
1629661,Cameron Johnson,1610612743,DEN,54,37,17,1647.0,616370,116.7,63.0,53.8,4.19,4.51,3.88,2025-26
1626166,Cameron Payne,1610612755,PHI,22,12,10,374.0,154204,29.2,16.2,13.0,4.34,4.74,3.92,2025-26
1627747,Caris LeVert,1610612765,DET,60,44,16,1154.0,448987,85.0,45.9,39.1,4.3,4.67,3.94,2025-26
1642868,Carter Bryant,1610612759,SAS,71,56,15,818.0,333426,63.1,31.2,32.0,4.47,4.53,4.43,2025-26
1641717,Cason Wallace,1610612760,OKC,77,61,16,2046.0,816288,154.6,79.3,75.3,4.42,4.63,4.22,2025-26
1642907,Cedric Coward,1610612763,MEM,62,20,42,1598.0,649390,123.0,64.1,58.9,4.53,4.84,4.24,2025-26
1643052,Chaney Johnson,1610612751,BKN,17,4,13,348.0,142640,27.0,13.8,13.2,4.29,4.49,4.1,2025-26
1629646,Charles Bassey,1610612744,GSW,13,4,9,153.0,60397,11.4,6.2,5.3,4.24,4.55,4.0,2025-26
1642404,Chaz Lanier,1610612765,DET,34,28,6,262.0,104384,19.8,10.7,9.1,4.41,4.54,4.28,2025-26
1631096,Chet Holmgren,1610612760,OKC,69,56,13,1997.0,771266,146.1,77.8,68.3,4.27,4.64,3.92,2025-26
1628449,Chris Boucher,1610612738,BOS,9,4,5,94.0,33926,6.4,3.2,3.2,4.27,4.29,4.24,2025-26
1641753,Chris Livingston,1610612739,CLE,3,2,1,17.0,6678,1.3,0.7,0.6,4.67,4.81,4.52,2025-26
1643024,Chris Mañon,1610612747,LAL,9,4,5,46.0,18328,3.5,1.7,1.8,4.2,4.1,4.31,2025-26
101108,Chris Paul,1610612746,LAC,16,4,12,228.0,74409,14.1,7.8,6.3,3.93,4.07,3.77,2025-26
1642959,Chris Youngblood,1610612757,POR,34,29,5,185.0,73699,14.0,7.5,6.5,4.47,4.74,4.19,2025-26
1631128,Christian Braun,1610612743,DEN,44,29,15,1399.0,552455,104.6,54.7,50.0,4.31,4.51,4.13,2025-26
1631132,Christian Koloko,1610612737,ATL,27,16,11,357.0,148061,28.0,14.4,13.7,4.41,4.64,4.22,2025-26
1642935,Chucky Hepburn,1610612761,TOR,2,0,2,13.0,5455,1.0,0.5,0.5,4.85,5.36,4.43,2025-26
203991,Clint Capela,1610612745,HOU,75,47,28,926.0,342228,64.8,34.8,30.0,4.06,4.16,3.94,2025-26
1629632,Coby White,1610612766,CHA,50,29,21,1250.0,484031,91.7,50.8,40.9,4.21,4.65,3.77,2025-26
1628998,Cody Martin,1610612754,IND,4,0,4,55.0,21586,4.1,2.1,2.0,4.67,5.2,4.21,2025-26
1642262,Cody Williams,1610612762,UTA,67,16,51,1631.0,695037,131.6,69.6,62.1,4.59,4.9,4.29,2025-26
1641732,Colby Jones,1610612765,DET,1,0,1,7.0,2799,0.5,0.2,0.3,4.51,4.58,4.46,2025-26
1630175,Cole Anthony,1610612749,MIL,35,12,23,527.0,208230,39.4,21.4,18.1,4.55,4.94,4.19,2025-26
1630658,Colin Castleton,1610612753,ORL,4,3,1,21.0,8006,1.5,0.8,0.7,3.81,4.14,3.5,2025-26
1631221,Collin Gillespie,1610612756,PHX,80,43,37,2282.0,956663,181.2,97.5,83.7,4.61,4.92,4.3,2025-26
1642867,Collin Murray-Boyles,1610612761,TOR,57,31,26,1246.0,507985,96.2,48.5,47.7,4.45,4.68,4.25,2025-26
1629012,Collin Sexton,1610612741,CHI,68,25,43,1613.0,644182,122.0,66.0,56.0,4.38,4.73,4.03,2025-26
1642843,Cooper Flagg,1610612742,DAL,70,22,48,2344.0,915010,173.3,96.5,76.8,4.33,4.77,3.87,2025-26
1630557,Corey Kispert,1610612737,ATL,58,27,31,1080.0,454031,86.0,46.8,39.2,4.66,5.22,4.13,2025-26
1642504,Cormac Ryan,1610612749,MIL,11,2,9,271.0,106944,20.3,10.9,9.3,4.18,4.6,3.74,2025-26
1641854,Craig Porter Jr.,1610612739,CLE,64,43,21,1148.0,475970,90.1,45.9,44.2,4.55,4.78,4.33,2025-26
1642938,Curtis Jones,1610612743,DEN,10,8,2,88.0,36397,6.9,3.9,3.0,4.44,4.72,4.12,2025-26
1626156,D'Angelo Russell,1610612764,WAS,26,9,17,495.0,185610,35.2,19.2,16.0,4.37,4.82,3.92,2025-26
1629610,DaQuan Jeffries,1610612758,SAC,3,0,3,60.0,24094,4.6,2.4,2.1,4.28,4.42,3.94,2025-26
1641747,DaRon Holmes II,1610612743,DEN,25,17,8,210.0,81297,15.4,8.3,7.1,4.13,4.33,3.92,2025-26
1631342,Daeqwon Plowden,1610612758,SAC,32,9,23,844.0,357997,67.8,36.7,31.1,4.51,4.82,4.2,2025-26
1630625,Dalano Banton,1610612738,BOS,6,4,2,62.0,24849,4.7,2.6,2.1,4.12,4.45,3.77,2025-26
1631207,Dalen Terry,1610612755,PHI,48,22,26,551.0,240005,45.5,23.9,21.6,4.77,5.17,4.39,2025-26
1642261,Dalton Knecht,1610612747,LAL,54,34,20,553.0,202864,38.4,21.4,17.0,4.11,4.4,3.79,2025-26
1629655,Daniel Gafford,1610612742,DAL,55,12,43,1195.0,478163,90.6,46.6,44.0,4.4,4.55,4.25,2025-26
1642450,Daniss Jenkins,1610612765,DET,72,54,18,1455.0,604167,114.4,61.7,52.7,4.51,4.79,4.22,2025-26
1642874,Danny Wolf,1610612751,BKN,57,14,43,1187.0,484169,91.7,49.8,41.9,4.39,4.78,4.01,2025-26
203967,Dario Saric,1610612758,SAC,5,1,4,41.0,15495,2.9,1.5,1.5,4.23,4.62,4.16,2025-26
1641727,Dariq Whitehead,1610612763,MEM,6,0,6,183.0,68015,12.9,6.8,6.1,3.97,4.19,3.75,2025-26
1642468,Darius Brown II,1610612739,CLE,1,1,0,3.0,1177,0.2,0.1,0.1,4.23,3.95,4.56,2025-26
1629636,Darius Garland,1610612746,LAC,45,26,19,1344.0,516405,97.8,52.4,45.4,4.21,4.66,3.8,2025-26
1642357,David Jones Garcia,1610612759,SAS,11,7,4,68.0,28600,5.4,2.7,2.7,4.84,4.89,4.79,2025-26
1631223,David Roddy,1610612743,DEN,5,4,1,73.0,30541,5.8,3.3,2.5,4.43,4.59,4.24,2025-26
1630558,Davion Mitchell,1610612748,MIA,70,37,33,2000.0,792248,150.0,78.5,71.6,4.43,4.97,3.96,2025-26
1630549,Day'Ron Sharpe,1610612751,BKN,62,17,45,1160.0,465938,88.2,46.0,42.2,4.39,4.51,4.27,2025-26
1628368,De'Aaron Fox,1610612759,SAS,72,55,17,2231.0,862923,163.4,85.3,78.1,4.28,4.65,3.95,2025-26
1629631,De'Andre Hunter,1610612758,SAC,45,24,21,1175.0,433521,82.1,43.9,38.2,4.15,4.6,3.73,2025-26
1629001,De'Anthony Melton,1610612744,GSW,49,22,27,1125.0,469566,88.9,49.3,39.6,4.43,4.84,4.0,2025-26
201599,DeAndre Jordan,1610612740,NOP,12,6,6,199.0,66040,12.5,6.6,5.9,3.55,3.7,3.39,2025-26
1630610,DeJon Jarreau,1610612763,MEM,11,2,9,231.0,97942,18.5,9.6,9.0,4.49,4.74,4.29,2025-26
201942,DeMar DeRozan,1610612758,SAC,77,20,57,2406.0,870937,165.0,89.5,75.4,4.01,4.26,3.74,2025-26
1629731,Dean Wade,1610612739,CLE,59,36,23,1318.0,538197,101.9,52.2,49.7,4.53,4.79,4.29,2025-26
1629028,Deandre Ayton,1610612747,LAL,72,46,26,1958.0,699910,132.6,68.4,64.2,3.96,4.02,3.9,2025-26
1627749,Dejounte Murray,1610612740,NOP,14,5,9,389.0,153951,29.2,15.2,14.0,4.19,4.45,3.95,2025-26
1630166,Deni Avdija,1610612757,POR,66,35,31,2199.0,838677,158.8,86.4,72.5,4.22,4.67,3.79,2025-26
203471,Dennis Schröder,1610612739,CLE,70,29,41,1696.0,679360,128.7,68.0,60.7,4.37,4.7,4.06,2025-26
1641726,Dereck Lively II,1610612742,DAL,7,3,4,115.0,44559,8.4,4.6,3.9,4.55,4.95,4.25,2025-26
1642852,Derik Queen,1610612740,NOP,81,26,55,2023.0,726712,137.6,72.6,65.1,3.94,4.22,3.67,2025-26
1627884,Derrick Jones Jr.,1610612746,LAC,50,26,24,1350.0,530011,100.4,52.3,48.1,4.28,4.37,4.19,2025-26
1628401,Derrick White,1610612738,BOS,77,52,25,2625.0,997860,189.0,106.8,82.2,4.18,4.51,3.82,2025-26
1630217,Desmond Bane,1610612753,ORL,82,45,37,2756.0,1073863,203.4,108.2,95.2,4.27,4.56,3.99,2025-26
1626164,Devin Booker,1610612756,PHX,64,37,27,2146.0,785283,148.7,82.3,66.4,4.03,4.45,3.6,2025-26
1642269,Devin Carter,1610612758,SAC,38,8,30,700.0,288241,54.6,29.6,25.0,4.41,4.71,4.1,2025-26
1630170,Devin Vassell,1610612759,SAS,67,52,15,2044.0,794055,150.4,79.7,70.7,4.4,4.83,4.01,2025-26
1628415,Dillon Brooks,1610612756,PHX,56,32,24,1702.0,632818,119.9,61.2,58.6,4.09,4.27,3.92,2025-26
1641794,Dillon Jones,1610612752,NYK,7,5,2,39.0,16342,3.1,1.7,1.4,4.36,4.49,4.21,2025-26
1627734,Domantas Sabonis,1610612758,SAC,19,3,16,564.0,215372,40.8,21.6,19.2,4.37,4.54,4.19,2025-26
1631230,Dominick Barlow,1610612755,PHI,71,40,31,1689.0,706923,133.9,70.3,63.6,4.6,4.8,4.4,2025-26
1642270,Donovan Clingan,1610612757,POR,77,41,36,2094.0,780636,147.8,78.6,69.2,4.1,4.37,3.83,2025-26
1628378,Donovan Mitchell,1610612739,CLE,70,45,25,2342.0,878046,166.3,91.5,74.8,4.13,4.75,3.56,2025-26
1628978,Donte DiVincenzo,1610612750,MIN,82,49,33,2494.0,975795,184.8,97.9,86.9,4.34,4.64,4.05,2025-26
1627827,Dorian Finney-Smith,1610612745,HOU,37,23,14,620.0,237654,45.0,24.2,20.8,4.05,4.18,3.91,2025-26
203926,Doug McDermott,1610612758,SAC,29,8,21,439.0,177700,33.7,18.7,15.0,4.3,4.7,3.9,2025-26
1642962,Drake Powell,1610612751,BKN,63,16,47,1320.0,536021,101.5,53.4,48.1,4.41,4.67,4.16,2025-26
203110,Draymond Green,1610612744,GSW,68,31,37,1869.0,661256,125.2,67.5,57.7,3.89,4.15,3.62,2025-26
1629234,Drew Eubanks,1610612758,SAC,42,10,32,552.0,215194,40.8,21.3,19.4,4.46,4.75,4.17,2025-26
1641809,Drew Peterson,1610612766,CHA,6,1,5,64.0,23728,4.5,2.4,2.1,4.34,4.62,4.07,2025-26
1631166,Drew Timme,1610612747,LAL,27,18,9,235.0,92469,17.5,9.3,8.2,4.18,4.31,4.03,2025-26
1630696,Dru Smith,1610612748,MIA,70,38,32,1141.0,479546,90.8,47.4,43.5,4.64,5.11,4.23,2025-26
1629130,Duncan Robinson,1610612765,DET,77,58,19,2113.0,857412,162.4,87.1,75.3,4.52,4.86,4.18,2025-26
1641871,Duop Reath,1610612757,POR,32,16,16,258.0,98823,18.7,9.8,8.9,4.37,4.54,4.21,2025-26
203939,Dwight Powell,1610612742,DAL,63,19,44,904.0,372677,70.6,37.1,33.5,4.51,4.76,4.26,2025-26
1642928,Dylan Cardwell,1610612758,SAC,44,13,31,907.0,353366,66.9,35.5,31.4,4.1,4.27,3.93,2025-26
1642844,Dylan Harper,1610612759,SAS,69,53,16,1558.0,621041,117.6,61.3,56.3,4.38,4.64,4.13,2025-26
1630700,Dyson Daniels,1610612737,ATL,76,44,32,2520.0,1021863,193.5,100.4,93.1,4.49,4.9,4.12,2025-26
1630604,E.J. Liddell,1610612751,BKN,26,5,21,349.0,136561,25.9,13.9,11.9,4.16,4.47,3.82,2025-26
1642856,Egor Dëmin,1610612751,BKN,52,14,38,1308.0,543770,103.0,58.1,44.9,4.63,5.18,4.07,2025-26
1641989,Elijah Harkless,1610612762,UTA,26,5,21,545.0,212077,40.2,20.5,19.7,4.15,4.36,3.96,2025-26
1641801,Emanuel Miller,1610612759,SAS,5,0,5,33.0,12758,2.4,1.3,1.1,4.48,4.8,4.16,2025-26
1642402,Enrique Freeman,1610612750,MIN,4,3,1,37.0,15892,3.0,1.5,1.5,4.39,4.36,4.44,2025-26
201569,Eric Gordon,1610612755,PHI,6,3,3,74.0,24642,4.7,2.5,2.1,3.85,3.99,3.54,2025-26
1630679,Ethan Thompson,1610612754,IND,32,8,24,653.0,285544,54.1,29.3,24.7,4.75,5.31,4.2,2025-26
1630596,Evan Mobley,1610612739,CLE,65,40,25,2074.0,802420,152.0,80.2,71.8,4.3,4.76,3.89,2025-26
1630532,Franz Wagner,1610612753,ORL,34,20,14,1019.0,405435,76.8,41.0,35.8,4.57,4.96,4.19,2025-26
1641713,GG Jackson,1610612763,MEM,55,16,39,1178.0,484774,91.8,47.1,44.7,4.39,4.64,4.16,2025-26
1629216,Gabe Vincent,1610612737,ATL,53,36,17,879.0,344486,65.2,35.0,30.2,4.3,4.61,3.98,2025-26
202066,Garrett Temple,1610612761,TOR,22,10,12,73.0,28433,5.4,2.8,2.5,4.06,4.42,3.58,2025-26
1629726,Garrison Mathews,1610612754,IND,15,4,11,196.0,78356,14.8,8.1,6.7,4.58,5.05,4.11,2025-26
203914,Gary Harris,1610612749,MIL,48,15,33,661.0,259979,49.2,25.6,23.6,4.36,4.48,4.24,2025-26
1627780,Gary Payton II,1610612744,GSW,73,33,40,1142.0,501045,94.9,50.0,44.9,4.77,4.99,4.55,2025-26
1629018,Gary Trent Jr.,1610612749,MIL,65,24,41,1377.0,488261,92.5,47.5,45.0,3.99,4.05,3.92,2025-26
203507,Giannis Antetokounmpo,1610612749,MIL,36,17,19,1039.0,369949,70.1,38.1,31.9,3.99,4.38,3.59,2025-26
1629048,Goga Bitadze,1610612753,ORL,64,34,30,972.0,378440,71.7,37.5,34.2,4.3,4.48,4.13,2025-26
1641711,Gradey Dick,1610612761,TOR,76,43,33,1067.0,439583,83.3,41.9,41.3,4.52,4.67,4.36,2025-26
1641761,Grant Nelson,1610612751,BKN,4,0,4,35.0,14735,2.8,1.3,1.4,4.34,4.31,4.07,2025-26
1629684,Grant Williams,1610612766,CHA,36,25,11,711.0,270249,51.2,28.0,23.1,3.99,4.11,3.84,2025-26
1628960,Grayson Allen,1610612756,PHX,51,26,25,1467.0,576012,109.1,60.3,48.8,4.32,4.79,3.85,2025-26
1627824,Guerschon Yabusele,1610612741,CHI,67,32,35,1007.0,401548,76.1,40.5,35.6,4.35,4.6,4.1,2025-26
1630611,Gui Santos,1610612744,GSW,68,29,39,1395.0,586667,111.1,60.8,50.3,4.5,4.78,4.2,2025-26
203084,Harrison Barnes,1610612759,SAS,77,57,20,1986.0,781062,147.9,77.0,70.9,4.37,4.63,4.13,2025-26
1631127,Harrison Ingram,1610612759,SAS,7,6,1,26.0,9977,1.9,1.1,0.8,4.06,4.3,3.77,2025-26
1643060,Hayden Gray,1610612762,UTA,1,0,1,25.0,10216,1.9,1.0,1.0,4.35,5.09,4.16,2025-26
1629312,Haywood Highsmith,1610612756,PHX,7,4,3,91.0,38285,7.3,3.9,3.4,4.46,4.66,4.24,2025-26
1630529,Herbert Jones,1610612740,NOP,56,22,34,1588.0,616846,116.8,60.5,56.3,4.27,4.49,4.05,2025-26
1642864,Hugo González,1610612738,BOS,74,51,23,1084.0,455369,86.2,44.5,41.8,4.55,4.51,4.61,2025-26
1630621,Hunter Dickinson,1610612740,NOP,5,1,4,42.0,16466,3.1,1.7,1.4,4.22,4.52,3.91,2025-26
1642282,Hunter Sallis,1610612755,PHI,7,3,4,26.0,10574,2.0,1.1,0.9,4.74,5.04,4.42,2025-26
1641816,Hunter Tyson,1610612743,DEN,21,15,6,162.0,67201,12.7,6.9,5.8,4.49,4.76,4.2,2025-26
1630193,Immanuel Quickley,1610612761,TOR,70,41,29,2231.0,901571,170.8,91.2,79.6,4.46,4.89,4.05,2025-26
1642403,Isaac Jones,1610612765,DET,7,5,2,36.0,13702,2.6,1.3,1.3,4.16,4.02,4.32,2025-26
1630171,Isaac Okoro,1610612741,CHI,63,26,37,1695.0,700283,132.6,68.4,64.2,4.52,4.79,4.27,2025-26
1642268,Isaiah Collier,1610612762,UTA,59,16,43,1517.0,590133,111.8,62.5,49.2,4.21,4.65,3.75,2025-26
1642384,Isaiah Crawford,1610612745,HOU,14,8,6,92.0,36599,6.9,3.6,3.3,4.18,4.31,4.06,2025-26
1628392,Isaiah Hartenstein,1610612760,OKC,47,39,8,1137.0,452575,85.7,45.9,39.8,4.49,4.82,4.16,2025-26
1630543,Isaiah Jackson,1610612746,LAC,55,20,35,908.0,357307,67.7,35.2,32.5,4.41,4.65,4.17,2025-26
1630198,Isaiah Joe,1610612760,OKC,71,56,15,1507.0,620845,117.6,62.7,54.9,4.49,4.85,4.14,2025-26
1630587,Isaiah Livers,1610612756,PHX,36,21,15,347.0,139266,26.4,13.7,12.6,4.46,4.57,4.31,2025-26
1641815,Isaiah Stevens,1610612758,SAC,3,0,3,43.0,17365,3.3,1.7,1.6,4.32,4.47,4.16,2025-26
1630191,Isaiah Stewart,1610612765,DET,58,42,16,1317.0,476037,90.2,46.2,44.0,4.06,4.14,3.99,2025-26
1627826,Ivica Zubac,1610612754,IND,48,17,31,1447.0,519462,98.4,52.4,46.0,4.08,4.18,3.97,2025-26
1631120,JD Davison,1610612745,HOU,28,23,5,218.0,85502,16.2,8.8,7.4,4.24,4.34,4.11,2025-26
1629630,Ja Morant,1610612763,MEM,20,7,13,568.0,213834,40.5,21.7,18.8,4.28,4.71,3.87,2025-26
1642266,Ja'Kobe Walter,1610612761,TOR,72,41,31,1474.0,625135,118.4,59.9,58.5,4.61,4.82,4.42,2025-26
1631095,Jabari Smith Jr.,1610612745,HOU,77,48,29,2705.0,1000632,189.5,101.5,88.0,4.04,4.12,3.96,2025-26
1631133,Jabari Walker,1610612755,PHI,64,36,28,762.0,289785,54.9,28.9,26.0,4.2,4.31,4.08,2025-26
1631210,Jacob Toppin,1610612737,ATL,5,3,2,17.0,6542,1.2,0.7,0.5,4.28,4.87,3.65,2025-26
1630702,Jaden Hardy,1610612764,WAS,57,13,44,898.0,358361,67.9,36.3,31.6,4.34,4.67,4.0,2025-26
1631093,Jaden Ivey,1610612741,CHI,37,23,14,670.0,267547,50.7,27.1,23.5,4.32,4.67,3.96,2025-26
1630183,Jaden McDaniels,1610612750,MIN,73,44,29,2316.0,911868,172.7,88.8,83.9,4.38,4.59,4.17,2025-26
1630256,Jae'Sean Tate,1610612745,HOU,46,33,13,405.0,158898,30.1,16.3,13.8,4.28,4.43,4.12,2025-26
1642942,Jahmai Mashack,1610612763,MEM,31,10,21,673.0,282766,53.6,27.7,25.9,4.45,4.6,4.3,2025-26
1642443,Jahmir Young,1610612748,MIA,14,10,4,58.0,24013,4.5,2.5,2.1,4.5,5.36,3.94,2025-26
1643141,Jahmyl Telfort,1610612746,LAC,8,2,6,32.0,12095,2.3,1.1,1.1,4.28,4.41,3.82,2025-26
1631170,Jaime Jaquez Jr.,1610612748,MIA,75,41,34,2121.0,913418,173.0,93.0,80.0,4.74,5.43,4.14,2025-26
1631222,Jake LaRavia,1610612747,LAL,82,53,29,2061.0,845218,160.1,86.1,74.0,4.47,4.73,4.2,2025-26
1627751,Jakob Poeltl,1610612761,TOR,46,26,20,1149.0,460729,87.3,45.2,42.0,4.49,4.75,4.23,2025-26
1628973,Jalen Brunson,1610612752,NYK,74,50,24,2590.0,1006859,190.7,109.1,81.6,4.27,4.72,3.78,2025-26
1631105,Jalen Duren,1610612765,DET,70,50,20,1976.0,745595,141.2,72.6,68.6,4.17,4.35,3.99,2025-26
1630224,Jalen Green,1610612756,PHX,32,17,15,828.0,350260,66.3,36.8,29.5,4.52,4.89,4.13,2025-26
1630552,Jalen Johnson,1610612737,ATL,72,42,30,2532.0,991752,187.8,101.1,86.8,4.32,4.84,3.84,2025-26
1629618,Jalen Pickett,1610612743,DEN,50,34,16,807.0,312035,59.1,33.0,26.1,4.16,4.44,3.86,2025-26
1641771,Jalen Slawson,1610612754,IND,13,3,10,311.0,127444,24.1,12.9,11.3,4.38,4.81,4.01,2025-26
1630188,Jalen Smith,1610612741,CHI,53,26,27,1095.0,439251,83.2,44.4,38.8,4.43,4.83,4.05,2025-26
1630591,Jalen Suggs,1610612753,ORL,57,34,23,1574.0,611824,115.9,62.9,52.9,4.26,4.65,3.87,2025-26
1631114,Jalen Williams,1610612760,OKC,33,25,8,936.0,378623,71.7,38.6,33.1,4.43,4.97,3.93,2025-26
1630592,Jalen Wilson,1610612751,BKN,54,10,44,859.0,348891,66.1,35.8,30.3,4.41,4.63,4.17,2025-26
1631288,Jamal Cain,1610612753,ORL,40,22,18,486.0,200797,38.0,19.1,18.9,4.36,4.41,4.31,2025-26
1627750,Jamal Murray,1610612743,DEN,75,48,27,2652.0,1009770,191.2,106.8,84.5,4.19,4.59,3.79,2025-26
1642347,Jamal Shead,1610612761,TOR,82,46,36,1852.0,708788,134.2,69.9,64.3,4.16,4.44,3.88,2025-26
1631123,Jamaree Bouyea,1610612756,PHX,46,23,23,644.0,262210,49.7,26.8,22.9,4.44,4.71,4.16,2025-26
201935,James Harden,1610612739,CLE,70,40,30,2438.0,795984,150.8,82.1,68.7,3.59,3.8,3.37,2025-26
1630164,James Wiseman,1610612754,IND,4,0,4,58.0,24588,4.7,2.4,2.3,4.66,4.88,4.45,2025-26
1642364,Jamir Watkins,1610612764,WAS,50,10,40,1032.0,425808,80.6,41.6,39.0,4.4,4.53,4.26,2025-26
1642419,Jamison Battle,1610612761,TOR,61,35,26,517.0,210531,39.9,20.8,19.1,4.38,4.7,4.08,2025-26
1641716,Jarace Walker,1610612754,IND,76,16,60,1953.0,754531,142.9,75.8,67.1,4.25,4.6,3.92,2025-26
1642272,Jared McCain,1610612760,OKC,67,46,21,1160.0,477407,90.4,47.6,42.8,4.48,4.72,4.24,2025-26
1628991,Jaren Jackson Jr.,1610612762,UTA,48,19,29,1455.0,531837,100.7,52.9,47.8,4.09,4.39,3.8,2025-26
1629020,Jarred Vanderbilt,1610612747,LAL,65,39,26,1128.0,461468,87.4,45.3,42.1,4.42,4.46,4.38,2025-26
1628386,Jarrett Allen,1610612739,CLE,56,37,19,1519.0,584077,110.6,57.5,53.1,4.21,4.49,3.96,2025-26
1642859,Jase Richardson,1610612753,ORL,54,26,28,587.0,255173,48.3,25.1,23.2,4.66,4.85,4.48,2025-26
1642914,Javon Small,1610612763,MEM,41,13,28,830.0,349335,66.2,33.2,33.0,4.51,4.63,4.39,2025-26
1631451,Javonte Cooke,1610612757,POR,19,6,13,94.0,40011,7.6,4.0,3.6,4.64,4.89,4.39,2025-26
1629750,Javonte Green,1610612765,DET,82,60,22,1446.0,559092,105.9,54.5,51.4,4.25,4.38,4.13,2025-26
1629637,Jaxson Hayes,1610612747,LAL,66,43,23,1207.0,428872,81.2,42.5,38.7,3.87,3.96,3.77,2025-26
1630643,Jay Huff,1610612754,IND,82,19,63,1719.0,664486,125.8,65.9,60.0,4.26,4.54,4.0,2025-26
1627759,Jaylen Brown,1610612738,BOS,71,47,24,2443.0,897545,170.0,95.4,74.6,4.06,4.36,3.73,2025-26
1641740,Jaylen Clark,1610612750,MIN,68,40,28,888.0,346585,65.6,31.3,34.3,4.29,4.13,4.46,2025-26
1642377,Jaylen Wells,1610612763,MEM,69,24,45,1821.0,723027,136.9,66.2,70.7,4.42,4.35,4.49,2025-26
1631119,Jaylin Williams,1610612760,OKC,65,54,11,1277.0,452686,85.7,45.1,40.6,3.92,4.2,3.65,2025-26
1642281,Jaylon Tyson,1610612739,CLE,66,41,25,1777.0,731607,138.6,70.6,67.9,4.54,4.81,4.28,2025-26
1643257,Jayson Kent,1610612757,POR,5,4,1,22.0,8769,1.7,0.8,0.9,4.13,4.06,4.2,2025-26
1628369,Jayson Tatum,1610612738,BOS,16,13,3,522.0,186828,35.4,20.0,15.4,3.82,4.09,3.52,2025-26
201145,Jeff Green,1610612745,HOU,30,22,8,175.0,59659,11.3,6.0,5.3,3.64,3.65,3.63,2025-26
203924,Jerami Grant,1610612757,POR,57,27,30,1695.0,651029,123.3,64.2,59.1,4.26,4.53,4.0,2025-26
1642847,Jeremiah Fears,1610612740,NOP,82,26,56,2112.0,857802,162.5,86.7,75.8,4.48,4.82,4.14,2025-26
1630526,Jeremiah Robinson-Earl,1610612742,DAL,22,8,14,361.0,150762,28.6,14.8,13.8,4.92,5.22,4.64,2025-26
1631110,Jeremy Sochan,1610612752,NYK,44,30,14,469.0,189117,35.8,18.5,17.3,4.55,4.86,4.26,2025-26
1630579,Jericho Sims,1610612749,MIL,67,25,42,1318.0,524482,99.3,53.2,46.2,4.34,4.5,4.18,2025-26
1641724,Jett Howard,1610612753,ORL,55,28,27,695.0,262162,49.7,25.8,23.8,4.06,4.15,3.96,2025-26
1628975,Jevon Carter,1610612753,ORL,53,26,27,867.0,355255,67.3,35.0,32.3,4.43,4.64,4.23,2025-26
202710,Jimmy Butler III,1610612744,GSW,38,23,15,1182.0,449929,85.2,46.0,39.2,4.29,4.49,4.09,2025-26
1642866,Joan Beringer,1610612750,MIN,40,22,18,314.0,136253,25.8,13.2,12.6,4.63,4.79,4.46,2025-26
1629111,Jock Landale,1610612737,ATL,68,36,32,1506.0,574758,108.9,56.6,52.3,4.24,4.41,4.07,2025-26
204060,Joe Ingles,1610612750,MIN,27,13,14,153.0,57599,10.9,5.8,5.1,3.96,4.27,3.65,2025-26
203954,Joel Embiid,1610612755,PHI,38,24,14,1201.0,403128,76.4,40.0,36.3,3.67,3.78,3.55,2025-26
1628381,John Collins,1610612746,LAC,69,32,37,1871.0,734288,139.1,73.8,65.3,4.35,4.51,4.18,2025-26
1629723,John Konchar,1610612762,UTA,56,18,38,1115.0,466782,88.4,45.7,42.7,4.56,4.78,4.36,2025-26
1642967,John Poulakidas,1610612742,DAL,13,3,10,253.0,107319,20.3,11.0,9.4,4.48,4.83,4.16,2025-26
1642910,John Tonje,1610612738,BOS,6,5,1,42.0,18941,3.6,2.0,1.6,4.59,4.76,4.41,2025-26
1641780,Johni Broome,1610612755,PHI,11,5,6,55.0,21395,4.1,2.1,1.9,4.42,4.43,4.18,2025-26
1642277,Johnny Furphy,1610612754,IND,35,10,25,643.0,288617,54.7,29.0,25.7,4.87,5.24,4.51,2025-26
1630548,Johnny Juzang,1610612750,MIN,21,13,8,88.0,39703,7.5,3.9,3.7,4.79,5.07,4.63,2025-26
202685,Jonas Valanciunas,1610612743,DEN,65,42,23,871.0,310668,58.8,31.7,27.1,3.96,4.0,3.91,2025-26
1628371,Jonathan Isaac,1610612753,ORL,52,29,23,521.0,204564,38.7,20.3,18.4,4.32,4.52,4.12,2025-26
1630228,Jonathan Kuminga,1610612737,ATL,36,22,14,831.0,330374,62.6,33.5,29.0,4.48,4.74,4.2,2025-26
1642367,Jonathan Mogbo,1610612761,TOR,40,20,20,249.0,102219,19.4,9.6,9.7,4.35,4.42,4.25,2025-26
203903,Jordan Clarkson,1610612752,NYK,72,45,27,1279.0,532552,100.9,54.1,46.8,4.6,4.85,4.34,2025-26
1630692,Jordan Goodwin,1610612756,PHX,70,39,31,1572.0,652295,123.5,63.7,59.9,4.51,4.63,4.39,2025-26
1641722,Jordan Hawkins,1610612740,NOP,51,13,38,692.0,280799,53.2,27.9,25.3,4.49,4.73,4.25,2025-26
1629162,Jordan McLaughlin,1610612759,SAS,44,37,7,282.0,115436,21.9,11.6,10.2,4.47,4.6,4.28,2025-26
1641757,Jordan Miller,1610612746,LAC,60,36,24,1325.0,547991,103.8,56.2,47.6,4.37,4.73,4.01,2025-26
1629673,Jordan Poole,1610612740,NOP,39,16,23,933.0,345661,65.5,36.3,29.1,4.03,4.47,3.58,2025-26
1641775,Jordan Walsh,1610612738,BOS,68,46,22,1212.0,477402,90.4,46.8,43.6,4.36,4.33,4.39,2025-26
1630631,Jose Alvarado,1610612752,NYK,69,28,41,1370.0,543408,102.9,54.1,48.8,4.38,4.59,4.17,2025-26
1630581,Josh Giddey,1610612741,CHI,54,21,33,1731.0,680043,128.8,70.9,57.9,4.41,4.98,3.86,2025-26
1630182,Josh Green,1610612766,CHA,58,37,21,908.0,389619,73.8,38.4,35.4,4.56,4.51,4.63,2025-26
1628404,Josh Hart,1610612752,NYK,66,44,22,1994.0,768297,145.5,80.4,65.1,4.25,4.53,3.95,2025-26
1631169,Josh Minott,1610612751,BKN,49,23,26,834.0,327023,61.9,31.8,30.1,4.43,4.56,4.3,2025-26
1642490,Josh Oduro,1610612740,NOP,3,1,2,82.0,34821,6.6,3.4,3.2,4.48,4.74,4.24,2025-26
1629006,Josh Okogie,1610612745,HOU,78,49,29,1354.0,516031,97.7,49.4,48.3,4.21,4.11,4.32,2025-26
201950,Jrue Holiday,1610612757,POR,53,28,25,1560.0,616288,116.7,61.9,54.8,4.3,4.7,3.93,2025-26
1630577,Julian Champagnie,1610612759,SAS,82,62,20,2266.0,883028,167.2,86.4,80.9,4.36,4.63,4.1,2025-26
1641763,Julian Phillips,1610612750,MIN,48,19,29,427.0,175502,33.2,16.8,16.5,4.59,4.8,4.42,2025-26
1642882,Julian Reese,1610612764,WAS,13,1,12,401.0,160314,30.4,16.0,14.3,4.24,4.3,4.15,2025-26
1631124,Julian Strawther,1610612743,DEN,57,38,19,861.0,355720,67.4,36.7,30.6,4.44,4.72,4.13,2025-26
203944,Julius Randle,1610612750,MIN,79,47,32,2610.0,929005,175.9,92.1,83.9,3.93,4.14,3.73,2025-26
1630551,Justin Champagnie,1610612764,WAS,69,13,56,1377.0,554015,104.9,55.3,49.6,4.4,4.59,4.21,2025-26
1642348,Justin Edwards,1610612755,PHI,64,37,27,977.0,385072,72.9,38.4,34.5,4.34,4.52,4.15,2025-26
203994,Jusuf Nurkić,1610612762,UTA,41,14,27,1083.0,390635,74.0,39.5,34.5,4.08,4.3,3.85,2025-26
1642354,KJ Simpson,1610612743,DEN,20,10,10,258.0,100738,19.1,10.5,8.6,4.53,4.76,4.27,2025-26
1642955,Kadary Richmond,1610612764,WAS,3,2,1,67.0,26022,4.9,2.5,2.4,4.1,4.19,4.01,2025-26
1642880,Kam Jones,1610612754,IND,37,6,31,616.0,264503,50.1,26.6,23.5,4.55,4.95,4.17,2025-26
1626157,Karl-Anthony Towns,1610612752,NYK,75,49,26,2322.0,825200,156.3,81.1,75.2,3.94,3.98,3.89,2025-26
1631255,Karlo Matković,1610612740,NOP,62,24,38,912.0,370197,70.1,36.3,33.8,4.38,4.62,4.15,2025-26
1642857,Kasparas Jakučionis,1610612748,MIA,53,28,25,945.0,420727,79.7,42.5,37.2,4.75,5.36,4.21,2025-26
202695,Kawhi Leonard,1610612746,LAC,65,37,28,2085.0,782569,148.2,80.6,67.6,4.1,4.39,3.8,2025-26
1630811,Keaton Wallace,1610612737,ATL,53,31,22,536.0,215636,40.8,22.1,18.7,4.59,5.01,4.17,2025-26
1631099,Keegan Murray,1610612758,SAC,23,5,18,793.0,308344,58.4,30.6,27.8,4.37,4.59,4.15,2025-26
1642276,Kel'el Ware,1610612748,MIA,77,39,38,1704.0,673952,127.6,66.2,61.4,4.4,4.82,4.01,2025-26
1629640,Keldon Johnson,1610612759,SAS,82,62,20,1911.0,747656,141.6,74.1,67.5,4.32,4.55,4.09,2025-26
203482,Kelly Olynyk,1610612759,SAS,42,33,9,360.0,140851,26.7,14.7,12.0,4.36,4.7,4.01,2025-26
1626162,Kelly Oubre Jr.,1610612755,PHI,50,27,23,1574.0,604971,114.6,58.9,55.7,4.19,4.29,4.09,2025-26
1631113,Kennedy Chandler,1610612762,UTA,11,1,10,355.0,140241,26.6,13.8,12.8,4.16,4.49,3.85,2025-26
1629026,Kenrich Williams,1610612760,OKC,56,41,15,855.0,328608,62.2,32.1,30.1,4.12,4.41,3.86,2025-26
203484,Kentavious Caldwell-Pope,1610612763,MEM,51,20,31,1088.0,405690,76.8,39.8,37.0,4.2,4.41,4.0,2025-26
1631165,Keon Ellis,1610612739,CLE,72,31,41,1479.0,599246,113.5,57.2,56.3,4.4,4.53,4.27,2025-26
1642352,Keshad Johnson,1610612748,MIA,32,16,16,280.0,117854,22.3,12.0,10.4,4.65,5.15,4.22,2025-26
1642933,Keshon Gilbert,1610612737,ATL,4,0,4,74.0,32100,6.1,3.2,2.8,4.62,4.73,4.36,2025-26
201142,Kevin Durant,1610612745,HOU,78,48,30,2840.0,959340,181.7,101.1,80.6,3.69,3.9,3.45,2025-26
1628989,Kevin Huerter,1610612765,DET,69,40,29,1549.0,633711,120.0,65.7,54.3,4.54,5.04,4.06,2025-26
201567,Kevin Love,1610612762,UTA,37,10,27,613.0,224599,42.5,23.3,19.2,4.05,4.29,3.79,2025-26
1641755,Kevin McCullar Jr.,1610612752,NYK,21,11,10,155.0,66549,12.6,6.7,5.9,4.53,4.88,4.19,2025-26
1629645,Kevin Porter Jr.,1610612749,MIL,38,18,20,1261.0,521987,98.9,53.5,45.3,4.51,4.78,4.22,2025-26
1626172,Kevon Looney,1610612740,NOP,21,3,18,308.0,114083,21.6,11.3,10.3,4.18,4.32,4.03,2025-26
1641718,Keyonte George,1610612762,UTA,54,16,38,1786.0,673084,127.5,69.6,57.9,4.21,4.55,3.87,2025-26
1642863,Khaman Maluach,1610612756,PHX,46,22,24,411.0,162064,30.7,16.5,14.2,4.23,4.35,4.11,2025-26
203114,Khris Middleton,1610612742,DAL,63,18,45,1439.0,557189,105.5,56.3,49.2,4.28,4.65,3.92,2025-26
1630165,Killian Hayes,1610612758,SAC,23,10,13,406.0,160917,30.5,16.1,14.3,4.2,4.43,3.95,2025-26
202691,Klay Thompson,1610612742,DAL,69,21,48,1497.0,590964,111.9,62.2,49.8,4.34,4.82,3.86,2025-26
1641738,Kobe Brown,1610612754,IND,61,17,44,962.0,383722,72.7,38.5,34.2,4.3,4.56,4.04,2025-26
1641723,Kobe Bufkin,1610612747,LAL,16,10,6,119.0,48521,9.2,4.9,4.3,4.27,4.43,4.1,2025-26
1642920,Kobe Sanders,1610612746,LAC,68,36,32,1351.0,540700,102.4,55.0,47.4,4.33,4.54,4.1,2025-26
1642886,Koby Brea,1610612756,PHX,12,5,7,84.0,34068,6.5,3.7,2.8,4.37,4.64,4.05,2025-26
1642851,Kon Knueppel,1610612766,CHA,81,44,37,2551.0,1071784,203.0,114.5,88.4,4.63,5.04,4.19,2025-26
1627739,Kris Dunn,1610612746,LAC,82,42,40,2230.0,894569,169.4,88.5,80.9,4.41,4.54,4.27,2025-26
1631200,Kris Murray,1610612757,POR,57,28,29,1333.0,540060,102.3,51.3,51.0,4.49,4.59,4.39,2025-26
204001,Kristaps Porziņģis,1610612744,GSW,32,13,19,769.0,276927,52.4,27.7,24.8,3.99,4.23,3.77,2025-26
203937,Kyle Anderson,1610612750,MIN,43,15,28,853.0,330748,62.6,33.1,29.5,4.16,4.49,3.84,2025-26
1642271,Kyle Filipowski,1610612762,UTA,77,21,56,1801.0,707607,134.0,70.6,63.4,4.29,4.5,4.08,2025-26
1628398,Kyle Kuzma,1610612749,MIL,69,31,38,1806.0,705807,133.7,71.5,62.1,4.37,4.73,4.02,2025-26
200768,Kyle Lowry,1610612755,PHI,14,9,5,118.0,41705,7.9,4.3,3.6,3.86,4.18,3.53,2025-26
1642273,Kyshawn George,1610612764,WAS,48,10,38,1391.0,561224,106.3,56.7,49.6,4.55,5.03,4.11,2025-26
1643018,LJ Cryer,1610612744,GSW,18,6,12,292.0,118316,22.4,12.1,10.3,4.25,4.44,4.06,2025-26
1630163,LaMelo Ball,1610612766,CHA,72,41,31,2017.0,813663,154.1,87.7,66.4,4.41,4.81,3.97,2025-26
1642950,Lachlan Olbrich,1610612741,CHI,37,9,28,344.0,152795,28.9,15.0,13.9,4.72,5.18,4.31,2025-26
1629013,Landry Shamet,1610612752,NYK,51,35,16,1171.0,497779,94.3,52.6,41.7,4.63,5.02,4.22,2025-26
1626204,Larry Nance Jr.,1610612739,CLE,35,25,10,449.0,175207,33.2,17.3,15.8,4.4,4.62,4.15,2025-26
1628374,Lauri Markkanen,1610612762,UTA,42,17,25,1443.0,556280,105.4,57.3,48.0,4.35,4.65,4.02,2025-26
1643133,Lawson Lovering,1610612763,MEM,2,1,1,49.0,20280,3.8,2.0,1.9,4.28,4.56,4.23,2025-26
2544,LeBron James,1610612747,LAL,60,39,21,1989.0,670512,127.0,67.7,59.3,3.62,3.85,3.39,2025-26
1641778,Leaky Black,1610612764,WAS,15,1,14,433.0,176719,33.5,17.8,15.6,4.33,4.49,4.12,2025-26
1631159,Leonard Miller,1610612741,CHI,46,18,28,719.0,320637,60.7,32.1,28.6,4.73,5.27,4.25,2025-26
1642862,Liam McNeeley,1610612766,CHA,31,12,19,368.0,143529,27.2,14.6,12.6,4.44,4.63,4.24,2025-26
1630322,Lindy Waters III,1610612759,SAS,40,31,9,285.0,118878,22.5,12.0,10.5,4.61,4.84,4.36,2025-26
1628366,Lonzo Ball,1610612739,CLE,35,19,16,728.0,280879,53.2,28.4,24.8,4.39,4.86,3.96,2025-26
1631351,Lucas Williamson,1610612763,MEM,7,0,7,224.0,91138,17.3,9.0,8.3,4.35,4.52,4.17,2025-26
1629652,Luguentz Dort,1610612760,OKC,69,53,16,1849.0,697407,132.1,67.8,64.3,4.15,4.34,3.96,2025-26
1629029,Luka Dončić,1610612747,LAL,64,43,21,2289.0,782934,148.3,82.0,66.3,3.75,4.12,3.37,2025-26
1630568,Luka Garza,1610612738,BOS,69,47,22,1118.0,471455,89.3,49.7,39.6,4.6,4.78,4.39,2025-26
1628379,Luke Kennard,1610612747,LAL,78,45,33,1681.0,678939,128.6,69.8,58.8,4.41,4.77,4.05,2025-26
1628436,Luke Kornet,1610612759,SAS,68,52,16,1430.0,557253,105.5,54.7,50.8,4.33,4.52,4.14,2025-26
1631247,Luke Travers,1610612739,CLE,12,6,6,103.0,42399,8.0,4.3,3.8,4.81,5.18,4.55,2025-26
1630644,Mac McClung,1610612741,CHI,11,2,9,135.0,55987,10.6,5.5,5.1,4.49,4.85,4.16,2025-26
1641869,Malachi Smith,1610612751,BKN,15,3,12,359.0,151665,28.7,15.7,13.1,4.47,4.87,4.1,2025-26
1631103,Malaki Branham,1610612764,WAS,28,7,21,275.0,113870,21.6,11.6,10.0,4.5,4.92,4.09,2025-26
1642502,Malevy Leons,1610612744,GSW,25,7,18,276.0,120450,22.8,12.5,10.4,4.53,4.89,4.19,2025-26
1628370,Malik Monk,1610612758,SAC,62,18,44,1364.0,512918,97.1,53.3,43.8,4.14,4.53,3.75,2025-26
1630699,MarJon Beauchamp,1610612755,PHI,14,7,7,196.0,82889,15.7,8.0,7.7,4.49,4.82,4.2,2025-26
1631204,Marcus Sasser,1610612765,DET,38,28,10,456.0,184905,35.0,18.4,16.6,4.26,4.48,4.04,2025-26
203935,Marcus Smart,1610612747,LAL,62,41,21,1769.0,617946,117.0,61.1,55.9,3.81,3.99,3.63,2025-26
1641813,Mark Sears,1610612749,MIL,7,1,6,26.0,11178,2.1,1.1,1.0,4.76,5.05,4.47,2025-26
1631109,Mark Williams,1610612756,PHX,60,34,26,1416.0,543681,103.0,53.9,49.1,4.28,4.51,4.05,2025-26
1628365,Markelle Fultz,1610612761,TOR,5,3,2,36.0,15624,3.0,1.6,1.4,4.61,4.93,4.3,2025-26
1628963,Marvin Bagley III,1610612742,DAL,60,16,44,1201.0,491391,93.1,48.8,44.2,4.52,4.73,4.31,2025-26
203486,Mason Plumlee,1610612759,SAS,20,10,10,171.0,68330,12.9,7.3,5.7,4.52,4.91,4.16,2025-26
1641824,Matas Buzelis,1610612741,CHI,77,28,49,2248.0,929167,176.0,93.9,82.1,4.58,5.02,4.16,2025-26
1629680,Matisse Thybulle,1610612757,POR,30,17,13,480.0,195273,37.0,18.9,18.1,4.32,4.5,4.14,2025-26
1631108,Max Christie,1610612742,DAL,77,24,53,2245.0,901355,170.7,94.3,76.4,4.44,4.88,4.0,2025-26
1642917,Max Shulga,1610612738,BOS,11,8,3,36.0,15121,2.9,1.6,1.3,4.38,4.57,4.17,2025-26
1629622,Max Strus,1610612739,CLE,12,9,3,288.0,126711,24.0,13.3,10.7,4.64,5.04,4.21,2025-26
1628467,Maxi Kleber,1610612747,LAL,43,20,23,461.0,171614,32.5,17.3,15.2,4.0,4.12,3.88,2025-26
1642875,Maxime Raynaud,1610612758,SAC,74,21,53,1964.0,802126,151.9,80.1,71.9,4.43,4.65,4.22,2025-26
1642877,Micah Peavy,1610612740,NOP,61,17,44,913.0,378370,71.7,36.3,35.4,4.56,4.74,4.38,2025-26
1630695,Micah Potter,1610612754,IND,47,11,36,908.0,382202,72.4,37.5,34.9,4.44,4.71,4.18,2025-26
1629008,Michael Porter Jr.,1610612751,BKN,52,14,38,1689.0,633348,120.0,64.9,55.0,4.17,4.41,3.91,2025-26
1628969,Mikal Bridges,1610612752,NYK,82,53,29,2692.0,1115497,211.3,116.3,94.9,4.57,4.92,4.2,2025-26
201144,Mike Conley,1610612750,MIN,54,33,21,991.0,400324,75.8,41.0,34.8,4.49,4.82,4.16,2025-26
1628970,Miles Bridges,1610612766,CHA,77,42,35,2387.0,895543,169.6,92.8,76.8,4.16,4.42,3.88,2025-26
1642939,Miles Kelly,1610612742,DAL,14,7,7,134.0,58988,11.2,6.0,5.2,4.72,5.01,4.42,2025-26
1630540,Miles McBride,1610612752,NYK,41,25,16,1080.0,435783,82.5,44.4,38.2,4.52,4.75,4.29,2025-26
1629011,Mitchell Robinson,1610612752,NYK,60,40,20,1175.0,445664,84.4,43.9,40.6,4.14,4.19,4.09,2025-26
1628964,Mo Bamba,1610612762,UTA,4,3,1,44.0,16797,3.2,1.7,1.5,4.12,4.3,3.93,2025-26
1642885,Mohamed Diawara,1610612752,NYK,69,42,27,634.0,264801,50.2,27.1,23.0,4.46,4.74,4.15,2025-26
1628420,Monte Morris,1610612754,IND,6,0,6,65.0,25467,4.8,2.5,2.3,4.55,5.04,4.11,2025-26
1629021,Moritz Wagner,1610612753,ORL,36,21,15,427.0,171560,32.5,17.1,15.4,4.28,4.46,4.09,2025-26
1630541,Moses Moody,1610612744,GSW,60,30,30,1540.0,577618,109.4,59.7,49.7,4.16,4.37,3.93,2025-26
1631338,Mouhamadou Gueye,1610612741,CHI,2,0,2,45.0,18982,3.6,1.8,1.8,4.48,4.68,4.3,2025-26
1631243,Mouhamed Gueye,1610612737,ATL,77,44,33,1179.0,485830,92.0,47.0,45.1,4.54,4.78,4.33,2025-26
1630619,Moussa Cisse,1610612742,DAL,38,11,27,530.0,210523,39.9,20.7,19.1,4.4,4.61,4.17,2025-26
1631217,Moussa Diabaté,1610612766,CHA,73,40,33,1899.0,774536,146.7,78.6,68.1,4.45,4.67,4.23,2025-26
1626167,Myles Turner,1610612749,MIL,71,30,41,1912.0,720803,136.5,72.5,64.0,4.22,4.44,3.99,2025-26
1642066,Myron Gardner,1610612748,MIA,45,24,21,411.0,187970,35.6,18.3,17.3,4.92,5.28,4.58,2025-26
1642368,N'Faly Dante,1610612737,ATL,4,3,1,15.0,5668,1.1,0.6,0.5,4.42,4.49,4.34,2025-26
1641772,Nae'Qwan Tomlin,1610612739,CLE,64,42,22,1004.0,430509,81.5,41.6,39.9,4.69,4.94,4.45,2025-26
1630230,Naji Marshall,1610612742,DAL,74,25,49,2184.0,835149,158.2,84.3,73.9,4.2,4.46,3.93,2025-26
1631466,Nate Williams,1610612744,GSW,14,2,12,239.0,100803,19.1,10.0,9.1,4.44,4.54,4.33,2025-26
1629675,Naz Reid,1610612750,MIN,77,46,31,2007.0,778923,147.5,78.3,69.2,4.27,4.56,3.98,2025-26
1629674,Neemias Queta,1610612738,BOS,76,52,24,1926.0,738013,139.8,75.5,64.2,4.24,4.4,4.07,2025-26
1629651,Nic Claxton,1610612751,BKN,69,17,52,1920.0,722413,136.8,70.9,65.9,4.18,4.27,4.08,2025-26
1630208,Nick Richards,1610612741,CHI,48,20,28,701.0,285968,54.2,28.5,25.6,4.49,4.86,4.13,2025-26
1641733,Nick Smith Jr.,1610612747,LAL,30,15,15,375.0,152687,28.9,16.4,12.5,4.41,4.78,4.0,2025-26
1629638,Nickeil Alexander-Walker,1610612737,ATL,78,43,35,2603.0,1113465,210.9,114.1,96.8,4.69,5.26,4.16,2025-26
201587,Nicolas Batum,1610612746,LAC,74,39,35,1295.0,510685,96.7,51.5,45.2,4.3,4.44,4.16,2025-26
1628502,Nigel Hayes-Davis,1610612756,PHX,27,15,12,195.0,71867,13.6,7.2,6.4,4.23,4.51,3.95,2025-26
203999,Nikola Jokić,1610612743,DEN,65,43,22,2265.0,768586,145.6,78.0,67.6,3.75,4.04,3.46,2025-26
1631107,Nikola Jović,1610612748,MIA,47,24,23,808.0,335352,63.5,33.4,30.1,4.59,5.2,4.07,2025-26
1642260,Nikola Topić,1610612760,OKC,10,6,4,160.0,66252,12.5,6.9,5.6,4.4,5.17,3.72,2025-26
202696,Nikola Vučević,1610612738,BOS,64,35,29,1818.0,647784,122.7,64.2,58.5,3.97,4.13,3.81,2025-26
1642363,Nique Clifford,1610612758,SAC,75,21,54,1882.0,787070,149.1,78.4,70.7,4.52,4.77,4.28,2025-26
1642855,Noa Essengue,1610612741,CHI,2,1,1,6.0,2419,0.5,0.3,0.2,5.32,5.26,5.43,2025-26
1641730,Noah Clowney,1610612751,BKN,66,17,49,1780.0,686811,130.1,70.5,59.6,4.28,4.59,3.97,2025-26
1642869,Noah Penda,1610612753,ORL,59,30,29,757.0,322873,61.2,32.6,28.6,4.52,4.75,4.28,2025-26
1642849,Nolan Traore,1610612751,BKN,56,14,42,1243.0,543182,102.9,56.4,46.4,4.65,5.09,4.19,2025-26
1641807,Norchad Omier,1610612746,LAC,6,5,1,24.0,9916,1.9,1.0,0.8,4.4,4.24,4.09,2025-26
1626181,Norman Powell,1610612748,MIA,58,29,29,1717.0,665602,126.1,67.8,58.2,4.29,4.92,3.73,2025-26
1628384,OG Anunoby,1610612752,NYK,67,45,22,2224.0,850607,161.1,84.6,76.5,4.16,4.27,4.04,2025-26
1630167,Obi Toppin,1610612754,IND,24,4,20,424.0,180334,34.2,18.2,15.9,4.62,4.95,4.26,2025-26
1630534,Ochai Agbaji,1610612751,BKN,62,28,34,973.0,413565,78.3,39.4,38.9,4.64,4.9,4.41,2025-26
1630846,Olivier Sarr,1610612739,CLE,4,3,1,39.0,16779,3.2,1.7,1.5,4.4,4.57,4.22,2025-26
1641765,Olivier-Maxence Prosper,1610612763,MEM,53,16,37,984.0,424515,80.4,41.7,38.7,4.64,4.96,4.33,2025-26
1630209,Omer Yurtseven,1610612744,GSW,9,3,6,104.0,42883,8.1,4.2,3.9,4.29,4.5,4.1,2025-26
1630168,Onyeka Okongwu,1610612737,ATL,74,41,33,2297.0,871957,165.1,84.8,80.3,4.19,4.47,3.93,2025-26
1631115,Orlando Robinson,1610612753,ORL,4,2,2,25.0,9530,1.8,0.9,0.9,4.45,4.51,4.39,2025-26
1631131,Oscar Tshiebwe,1610612762,UTA,27,3,24,448.0,183497,34.8,18.0,16.8,4.35,4.57,4.14,2025-26
1642345,Oso Ighodaro,1610612756,PHX,82,45,37,1808.0,701151,132.8,70.0,62.8,4.23,4.46,3.99,2025-26
1631172,Ousmane Dieng,1610612749,MIL,57,33,24,1099.0,419357,79.4,43.0,36.4,4.16,4.43,3.87,2025-26
1629023,P.J. Washington,1610612742,DAL,56,16,40,1736.0,671890,127.3,67.6,59.6,4.3,4.6,3.99,2025-26
1641790,PJ Hall,1610612766,CHA,19,7,12,213.0,86774,16.4,8.9,7.6,4.37,4.51,4.27,2025-26
1642359,Pacôme Dadiet,1610612752,NYK,29,18,11,136.0,58105,11.0,5.9,5.1,4.52,4.94,4.12,2025-26
1631094,Paolo Banchero,1610612753,ORL,72,38,34,2502.0,954658,180.8,99.0,81.9,4.13,4.5,3.77,2025-26
1627783,Pascal Siakam,1610612754,IND,62,17,45,2057.0,810175,153.4,84.0,69.4,4.37,4.85,3.91,2025-26
1626192,Pat Connaughton,1610612766,CHA,42,25,17,297.0,112904,21.4,12.5,8.9,4.18,4.51,3.79,2025-26
1630311,Pat Spencer,1610612744,GSW,66,30,36,1229.0,514039,97.4,54.5,42.8,4.54,4.87,4.17,2025-26
1631116,Patrick Baldwin Jr.,1610612758,SAC,9,3,6,102.0,41848,7.9,4.1,3.8,4.32,4.61,4.04,2025-26
1630172,Patrick Williams,1610612741,CHI,72,24,48,1474.0,576990,109.3,57.4,51.8,4.33,4.69,3.98,2025-26
202331,Paul George,1610612755,PHI,37,22,15,1135.0,433628,82.1,43.6,38.5,4.18,4.41,3.93,2025-26
1630194,Paul Reed,1610612765,DET,65,47,18,901.0,366929,69.5,36.7,32.8,4.44,4.7,4.18,2025-26
1630202,Payton Pritchard,1610612738,BOS,79,54,25,2556.0,976549,185.0,106.6,78.4,4.22,4.57,3.81,2025-26
1642362,Payton Sandfort,1610612760,OKC,4,2,2,63.0,27701,5.2,2.8,2.5,4.66,5.38,4.2,2025-26
1641796,Pelle Larsson,1610612748,MIA,70,38,32,1849.0,785822,148.8,78.3,70.6,4.69,5.3,4.17,2025-26
1631250,Pete Nance,1610612749,MIL,47,14,33,737.0,292624,55.4,29.9,25.5,4.22,4.56,3.89,2025-26
1631212,Peyton Watson,1610612743,DEN,54,36,18,1598.0,624048,118.2,62.4,55.8,4.32,4.47,4.16,2025-26
1630173,Precious Achiuwa,1610612758,SAC,73,20,53,1745.0,670780,127.0,66.7,60.3,4.2,4.32,4.07,2025-26
1629656,Quentin Grimes,1610612755,PHI,75,42,33,2206.0,849645,160.9,86.1,74.8,4.21,4.47,3.95,2025-26
1631245,Quenton Jackson,1610612754,IND,49,10,39,897.0,391158,74.1,39.2,34.9,4.67,5.13,4.24,2025-26
1642366,Quinten Post,1610612744,GSW,67,32,35,1159.0,465552,88.2,48.9,39.3,4.47,4.71,4.21,2025-26
1629628,RJ Barrett,1610612761,TOR,57,34,23,1726.0,681414,129.1,66.8,62.2,4.33,4.66,4.02,2025-26
1642853,Rasheer Fleming,1610612756,PHX,55,29,26,673.0,280623,53.1,27.7,25.5,4.46,4.59,4.34,2025-26
1642484,RayJ Dennis,1610612737,ATL,17,3,14,206.0,88717,16.8,9.0,7.8,4.99,5.35,4.62,2025-26
1641712,Rayan Rupert,1610612763,MEM,64,29,35,1073.0,471636,89.3,45.9,43.4,4.72,4.88,4.56,2025-26
1642263,Reed Sheppard,1610612745,HOU,82,52,30,2147.0,826492,156.5,88.8,67.8,4.21,4.49,3.9,2025-26
1642434,Riley Minix,1610612739,CLE,9,7,2,58.0,25692,4.9,2.7,2.2,4.61,5.03,4.19,2025-26
1642265,Rob Dillingham,1610612741,CHI,65,29,36,970.0,420653,79.7,42.8,36.8,4.72,5.29,4.19,2025-26
1629057,Robert Williams III,1610612757,POR,59,30,29,1008.0,382817,72.5,38.4,34.2,4.14,4.39,3.9,2025-26
1642911,Rocco Zikarsky,1610612750,MIN,5,1,4,36.0,14472,2.7,1.4,1.3,4.05,4.34,3.79,2025-26
1631199,Ron Harper Jr.,1610612738,BOS,29,22,7,318.0,124749,23.6,13.0,10.7,4.18,4.33,4.04,2025-26
1641842,Ronald Holland II,1610612765,DET,78,56,22,1551.0,616516,116.8,59.3,57.4,4.37,4.43,4.3,2025-26
1626220,Royce O'Neale,1610612756,PHX,78,43,35,2213.0,833186,157.8,86.7,71.1,4.16,4.57,3.76,2025-26
203497,Rudy Gobert,1610612750,MIN,76,46,30,2380.0,914249,173.2,90.8,82.3,4.28,4.48,4.07,2025-26
1629060,Rui Hachimura,1610612747,LAL,68,47,21,1927.0,731439,138.5,73.6,64.9,4.2,4.39,4.01,2025-26
201566,Russell Westbrook,1610612758,SAC,64,16,48,1853.0,654633,124.0,67.3,56.7,3.94,4.23,3.65,2025-26
1642346,Ryan Dunn,1610612756,PHX,70,40,30,1355.0,548591,103.9,53.4,50.5,4.48,4.63,4.33,2025-26
1641750,Ryan Kalkbrenner,1610612766,CHA,69,39,30,1479.0,575480,109.0,59.6,49.4,4.34,4.48,4.17,2025-26
1642948,Ryan Nembhard,1610612742,DAL,60,20,40,1171.0,463170,87.7,48.5,39.3,4.34,4.68,3.99,2025-26
1631157,Ryan Rollins,1610612749,MIL,74,29,45,2375.0,939060,177.9,93.1,84.8,4.39,4.58,4.2,2025-26
1630180,Saddiq Bey,1610612740,NOP,72,24,48,2246.0,850815,161.1,83.5,77.6,4.16,4.34,3.99,2025-26
1630573,Sam Hauser,1610612738,BOS,78,54,24,1934.0,811695,153.7,87.6,66.1,4.61,4.98,4.2,2025-26
1630241,Sam Merrill,1610612739,CLE,52,37,15,1377.0,575646,109.0,57.7,51.4,4.53,4.85,4.23,2025-26
1630572,Sandro Mamukelashvili,1610612761,TOR,80,44,36,1751.0,714278,135.3,70.6,64.7,4.46,4.76,4.17,2025-26
1630583,Santi Aldama,1610612763,MEM,43,19,24,1198.0,481351,91.2,49.0,42.2,4.54,5.01,4.1,2025-26
1630703,Scoot Henderson,1610612757,POR,30,18,12,748.0,316077,59.9,31.1,28.8,4.48,4.67,4.29,2025-26
1630567,Scottie Barnes,1610612761,TOR,80,45,35,2681.0,1050078,198.9,101.6,97.2,4.3,4.58,4.04,2025-26
1630590,Scotty Pippen Jr.,1610612763,MEM,10,2,8,212.0,89163,16.9,8.6,8.3,4.51,4.66,4.36,2025-26
1642951,Sean Pedulla,1610612746,LAC,7,4,3,31.0,12788,2.4,1.3,1.2,4.29,4.86,4.1,2025-26
203552,Seth Curry,1610612744,GSW,10,1,9,133.0,51730,9.8,5.4,4.4,4.17,4.37,3.94,2025-26
1631101,Shaedon Sharpe,1610612757,POR,50,24,26,1471.0,570040,108.0,58.3,49.6,4.29,4.73,3.86,2025-26
1628983,Shai Gilgeous-Alexander,1610612760,OKC,68,56,12,2259.0,825959,156.4,84.1,72.3,4.05,4.49,3.63,2025-26
1630536,Sharife Cooper,1610612764,WAS,41,6,35,700.0,290760,55.1,29.5,25.5,4.42,4.68,4.13,2025-26
1631321,Sidy Cissoko,1610612757,POR,75,39,36,1435.0,555782,105.3,55.1,50.2,4.22,4.42,4.02,2025-26
1631323,Simone Fontecchio,1610612748,MIA,70,36,34,1173.0,500423,94.8,51.4,43.4,4.75,5.51,4.09,2025-26
1642883,Sion James,1610612766,CHA,82,44,38,1843.0,735252,139.3,76.4,62.8,4.39,4.65,4.1,2025-26
1627746,Skal Labissiere,1610612764,WAS,3,2,1,38.0,14495,2.7,1.5,1.3,4.02,4.37,3.97,2025-26
1642461,Spencer Jones,1610612743,DEN,64,41,23,1417.0,559052,105.9,53.9,51.9,4.31,4.35,4.26,2025-26
1630649,Stanley Umude,1610612759,SAS,2,2,0,7.0,2543,0.5,0.3,0.2,3.99,4.07,3.89,2025-26
201939,Stephen Curry,1610612744,GSW,43,24,19,1329.0,511848,96.9,55.0,41.9,4.3,4.82,3.76,2025-26
1642264,Stephon Castle,1610612759,SAS,68,51,17,2038.0,784255,148.5,76.9,71.6,4.28,4.63,3.97,2025-26
203500,Steven Adams,1610612745,HOU,32,21,11,730.0,259502,49.1,26.4,22.8,4.03,4.05,4.03,2025-26
1629004,Svi Mykhailiuk,1610612762,UTA,50,14,36,1156.0,457499,86.6,46.2,40.4,4.49,4.71,4.26,2025-26
204456,T.J. McConnell,1610612754,IND,56,15,41,963.0,414862,78.6,42.7,35.9,4.74,5.1,4.37,2025-26
1643007,Taelon Peter,1610612754,IND,38,6,32,492.0,215858,40.9,21.8,19.1,4.75,5.19,4.32,2025-26
201959,Taj Gibson,1610612763,MEM,10,1,9,97.0,37269,7.1,3.5,3.5,4.14,4.17,4.0,2025-26
1631106,Tari Eason,1610612745,HOU,60,38,22,1549.0,588752,111.5,58.8,52.7,4.12,4.14,4.1,2025-26
1627752,Taurean Prince,1610612749,MIL,26,10,16,611.0,225625,42.7,22.5,20.2,4.05,4.24,3.85,2025-26
1641707,Taylor Hendricks,1610612763,MEM,59,12,47,1118.0,452388,85.7,43.6,42.1,4.37,4.51,4.24,2025-26
1629611,Terance Mann,1610612751,BKN,63,15,48,1529.0,607720,115.1,60.4,54.7,4.4,4.55,4.26,2025-26
1630545,Terrence Shannon Jr,1610612750,MIN,43,24,19,538.0,212557,40.3,21.0,19.2,4.34,4.57,4.09,2025-26
203648,Thanasis Antetokounmpo,1610612749,MIL,34,9,25,148.0,58579,11.1,5.8,5.3,4.15,4.32,3.99,2025-26
1628418,Thomas Bryant,1610612739,CLE,60,37,23,732.0,282032,53.4,27.4,26.0,4.16,4.35,3.98,2025-26
1642275,Tidjane Salaün,1610612766,CHA,37,19,18,575.0,239570,45.4,25.1,20.2,4.52,4.77,4.22,2025-26
203501,Tim Hardaway Jr.,1610612743,DEN,80,52,28,2127.0,768612,145.6,76.5,69.1,3.93,4.08,3.77,2025-26
202699,Tobias Harris,1610612765,DET,63,46,17,1746.0,666718,126.3,67.1,59.1,4.21,4.5,3.93,2025-26
1643253,Toby Okani,1610612763,MEM,6,0,6,217.0,90166,17.1,8.7,8.4,4.45,4.54,4.35,2025-26
1642449,Tolu Smith,1610612765,DET,15,11,4,137.0,56978,10.8,5.9,4.9,4.39,4.54,4.23,2025-26
1628396,Tony Bradley,1610612737,ATL,41,10,31,451.0,176673,33.5,17.0,16.5,4.43,4.53,4.33,2025-26
1641787,Tosan Evbuomwan,1610612766,CHA,5,4,1,8.0,3035,0.6,0.3,0.2,4.67,4.11,3.6,2025-26
1641739,Toumani Camara,1610612757,POR,82,42,40,2731.0,1145852,217.0,110.1,106.9,4.61,4.76,4.48,2025-26
1629027,Trae Young,1610612764,WAS,15,2,13,384.0,149147,28.2,15.4,12.9,4.26,4.87,3.74,2025-26
1631218,Trayce Jackson-Davis,1610612761,TOR,53,29,24,496.0,198141,37.5,20.4,17.2,4.42,4.53,4.31,2025-26
1642848,Tre Johnson,1610612764,WAS,60,12,48,1443.0,570670,108.1,58.4,49.7,4.4,4.81,3.99,2025-26
1630200,Tre Jones,1610612741,CHI,65,27,38,1752.0,722525,136.8,73.3,63.5,4.5,5.02,4.03,2025-26
1630544,Tre Mann,1610612766,CHA,53,30,23,668.0,261160,49.5,28.1,21.4,4.4,4.67,4.09,2025-26
1630570,Trendon Watford,1610612755,PHI,53,27,26,864.0,338379,64.1,35.0,29.0,4.26,4.6,3.91,2025-26
1642280,Trentyn Flowers,1610612741,CHI,2,0,2,6.0,2111,0.4,0.2,0.2,4.33,4.44,4.23,2025-26
1630286,Trevon Scott,1610612751,BKN,6,2,4,182.0,75603,14.3,7.9,6.4,4.42,4.62,4.19,2025-26
1631211,Trevor Keels,1610612748,MIA,8,6,2,15.0,6773,1.3,0.7,0.6,4.69,5.18,4.22,2025-26
1641725,Trey Alexander,1610612740,NOP,9,2,7,111.0,45009,8.5,4.4,4.1,4.41,4.68,4.15,2025-26
1641998,Trey Jemison III,1610612752,NYK,13,10,3,82.0,32877,6.2,3.2,3.0,4.3,4.46,4.15,2025-26
1630530,Trey Murphy III,1610612740,NOP,66,21,45,2341.0,894116,169.3,91.5,77.8,4.22,4.58,3.87,2025-26
1642400,Tristan Enaruna,1610612739,CLE,9,8,1,85.0,36609,6.9,3.8,3.2,4.53,4.83,4.34,2025-26
1641774,Tristan Vukcevic,1610612764,WAS,49,8,41,671.0,253165,47.9,25.3,22.6,4.18,4.46,3.9,2025-26
1641783,Tristan da Silva,1610612753,ORL,77,43,34,1899.0,795038,150.6,80.4,70.2,4.59,4.91,4.27,2025-26
1641803,Tristen Newton,1610612745,HOU,1,1,0,12.0,5256,1.0,0.6,0.4,4.67,5.23,4.02,2025-26
1629660,Ty Jerome,1610612763,MEM,15,3,12,339.0,129502,24.5,13.1,11.4,4.09,4.58,3.64,2025-26
1631102,TyTy Washington Jr.,1610612746,LAC,16,8,8,88.0,34247,6.5,3.4,3.1,4.08,4.4,3.79,2025-26
1631174,Tyler Burton,1610612763,MEM,12,2,10,307.0,138449,26.2,13.4,12.8,4.79,5.02,4.56,2025-26
1629639,Tyler Herro,1610612748,MIA,33,14,19,1033.0,428026,81.1,43.2,37.8,4.5,5.1,3.97,2025-26
1642278,Tyler Kolek,1610612752,NYK,62,39,23,727.0,307587,58.3,32.0,26.2,4.6,4.94,4.22,2025-26
1641890,Tyler Smith,1610612742,DAL,12,2,10,166.0,72298,13.7,7.2,6.5,4.61,4.91,4.33,2025-26
1631213,Tyrese Martin,1610612755,PHI,46,12,34,777.0,314243,59.5,32.2,27.3,4.6,4.92,4.28,2025-26
1630178,Tyrese Maxey,1610612755,PHI,70,38,32,2661.0,1029252,194.9,108.9,86.0,4.26,4.69,3.81,2025-26
1642878,Tyrese Proctor,1610612739,CLE,50,33,17,545.0,224060,42.4,22.3,20.1,4.54,4.9,4.19,2025-26
1630623,Tyson Etienne,1610612751,BKN,24,5,19,380.0,168464,31.9,16.7,15.2,4.72,4.96,4.48,2025-26
1626145,Tyus Jones,1610612743,DEN,67,37,30,979.0,382866,72.5,39.6,32.9,4.36,4.61,4.09,2025-26
1642845,VJ Edgecombe,1610612755,PHI,75,43,32,2623.0,1018324,192.9,104.8,88.0,4.25,4.57,3.93,2025-26
1641705,Victor Wembanyama,1610612759,SAS,64,50,14,1866.0,717173,135.8,70.5,65.4,4.19,4.58,3.85,2025-26
1631246,Vince Williams Jr.,1610612762,UTA,40,16,24,819.0,329574,62.4,33.1,29.3,4.56,4.93,4.21,2025-26
1642884,Vladislav Goldin,1610612748,MIA,9,5,4,24.0,10995,2.1,1.1,1.0,4.72,5.01,4.44,2025-26
1630249,Vít Krejčí,1610612757,POR,65,32,33,1392.0,561231,106.3,57.0,49.3,4.44,4.84,4.05,2025-26
1631117,Walker Kessler,1610612762,UTA,5,2,3,154.0,55102,10.4,5.4,5.1,4.17,4.31,4.12,2025-26
1642383,Walter Clayton Jr.,1610612763,MEM,69,17,52,1411.0,577578,109.4,58.1,51.3,4.43,4.77,4.1,2025-26
1628976,Wendell Carter Jr.,1610612753,ORL,78,43,35,2288.0,844154,159.9,84.2,75.6,4.06,4.28,3.83,2025-26
1631111,Wendell Moore Jr.,1610612765,DET,6,5,1,60.0,24222,4.6,2.4,2.2,4.69,4.92,4.47,2025-26
1642954,Will Richard,1610612744,GSW,69,34,35,1377.0,530656,100.5,53.6,46.9,4.21,4.3,4.11,2025-26
1642860,Will Riley,1610612764,WAS,74,16,58,1632.0,680986,129.0,69.9,59.1,4.51,4.86,4.16,2025-26
1630214,Xavier Tillman,1610612766,CHA,30,21,9,184.0,68287,12.9,7.0,5.9,4.09,4.2,3.96,2025-26
1642905,Yang Hansen,1610612757,POR,43,24,19,300.0,110781,21.0,10.8,10.1,4.04,4.1,3.93,2025-26
1642949,Yanic Konan Niederhäuser,1610612746,LAC,41,22,19,424.0,172686,32.7,17.2,15.5,4.34,4.51,4.15,2025-26
1642530,Yuki Kawamura,1610612741,CHI,18,6,12,209.0,91197,17.3,8.9,8.3,4.61,4.95,4.24,2025-26
1642274,Yves Missi,1610612740,NOP,66,19,47,1297.0,498172,94.4,48.8,45.6,4.21,4.38,4.04,2025-26
1642258,Zaccharie Risacher,1610612737,ATL,67,39,28,1503.0,631215,119.5,61.4,58.1,4.68,4.96,4.42,2025-26
1628380,Zach Collins,1610612741,CHI,10,6,4,184.0,73144,13.9,7.3,6.6,4.44,4.9,4.02,2025-26
1641744,Zach Edey,1610612763,MEM,11,7,4,284.0,98934,18.7,9.8,8.9,4.16,4.4,3.92,2025-26
203897,Zach LaVine,1610612758,SAC,39,9,30,1224.0,469773,89.0,48.8,40.2,4.39,4.76,4.01,2025-26
1630192,Zeke Nnaji,1610612743,DEN,52,38,14,626.0,244363,46.3,24.7,21.6,4.21,4.32,4.08,2025-26
1630533,Ziaire Williams,1610612751,BKN,56,13,43,1281.0,507063,96.0,49.2,46.8,4.35,4.44,4.26,2025-26
1629627,Zion Williamson,1610612740,NOP,62,22,40,1841.0,739567,140.1,74.6,65.5,4.33,4.7,3.97,2025-26
1642389,Zyon Pullin,1610612750,MIN,5,4,1,43.0,18717,3.5,1.9,1.7,4.44,4.68,4.43,2025-26
